,subject,date,eid,region,pca_opto,pca_spont_mean,pca_spont_05,pca_spont_95,time
0,ZFM-03330,2022-02-16,5244890d-9353-4cfe-a18e-23481883e3a4,M2,7.0,9.23,8.0,11.0,-0.9
1,ZFM-03330,2022-02-16,5244890d-9353-4cfe-a18e-23481883e3a4,M2,9.0,8.88,7.0,10.0,-0.7000000000000001
2,ZFM-03330,2022-02-16,5244890d-9353-4cfe-a18e-23481883e3a4,M2,9.0,9.07,8.0,10.0,-0.5
3,ZFM-03330,2022-02-16,5244890d-9353-4cfe-a18e-23481883e3a4,M2,9.0,8.93,8.0,10.0,-0.30000000000000004
4,ZFM-03330,2022-02-16,5244890d-9353-4cfe-a18e-23481883e3a4,M2,10.0,9.04,8.0,11.0,-0.1
5,ZFM-03330,2022-02-16,5244890d-9353-4cfe-a18e-23481883e3a4,M2,9.0,8.89,8.0,10.0,0.1
6,ZFM-03330,2022-02-16,5244890d-9353-4cfe-a18e-23481883e3a4,M2,9.0,8.95,8.0,10.0,0.30000000000000004
7,ZFM-03330,2022-02-16,5244890d-9353-4cfe-a18e-23481883e3a4,M2,11.0,9.1,8.0,10.0,0.5
8,ZFM-03330,2022-02-16,5244890d-9353-4cfe-a18e-23481883e3a4,M2,10.0,8.98,8.0,10.0,0.7000000000000001
9,ZFM-03330,2022-02-16,5244890d-9353-4cfe-a18e-23481883e3a4,M2,11.0,9.21,8.0,10.0,0.9
10,ZFM-03330,2022-02-16,5244890d-9353-4cfe-a18e-23481883e3a4,M2,10.0,9.03,7.0,10.0,1.1
11,ZFM-03330,2022-02-16,5244890d-9353-4cfe-a18e-23481883e3a4,M2,11.0,9.02,8.0,10.0,1.3000000000000003
12,ZFM-03330,2022-02-16,5244890d-9353-4cfe-a18e-23481883e3a4,M2,11.0,8.87,7.0,10.0,1.5
13,ZFM-03330,2022-02-16,5244890d-9353-4cfe-a18e-23481883e3a4,M2,10.0,9.04,8.0,11.0,1.7000000000000002
14,ZFM-03330,2022-02-16,5244890d-9353-4cfe-a18e-23481883e3a4,M2,9.0,8.92,7.0,10.0,1.9
15,ZFM-03330,2022-02-16,5244890d-9353-4cfe-a18e-23481883e3a4,mPFC,14.0,14.55,13.0,16.0,-0.9
16,ZFM-03330,2022-02-16,5244890d-9353-4cfe-a18e-23481883e3a4,mPFC,15.0,14.54,13.0,16.0,-0.7000000000000001
17,ZFM-03330,2022-02-16,5244890d-9353-4cfe-a18e-23481883e3a4,mPFC,15.0,14.69,13.0,16.0,-0.5
18,ZFM-03330,2022-02-16,5244890d-9353-4cfe-a18e-23481883e3a4,mPFC,15.0,14.64,13.0,16.0,-0.30000000000000004
19,ZFM-03330,2022-02-16,5244890d-9353-4cfe-a18e-23481883e3a4,mPFC,16.0,14.61,13.0,16.0,-0.1
20,ZFM-03330,2022-02-16,5244890d-9353-4cfe-a18e-23481883e3a4,mPFC,15.0,14.65,13.0,17.0,0.1
21,ZFM-03330,2022-02-16,5244890d-9353-4cfe-a18e-23481883e3a4,mPFC,16.0,14.73,13.0,17.0,0.30000000000000004
22,ZFM-03330,2022-02-16,5244890d-9353-4cfe-a18e-23481883e3a4,mPFC,16.0,14.55,13.0,16.049999999999997,0.5
23,ZFM-03330,2022-02-16,5244890d-9353-4cfe-a18e-23481883e3a4,mPFC,19.0,14.51,13.0,16.0,0.7000000000000001
24,ZFM-03330,2022-02-16,5244890d-9353-4cfe-a18e-23481883e3a4,mPFC,19.0,14.64,13.0,16.0,0.9
25,ZFM-03330,2022-02-16,5244890d-9353-4cfe-a18e-23481883e3a4,mPFC,18.0,14.66,13.0,16.0,1.1
26,ZFM-03330,2022-02-16,5244890d-9353-4cfe-a18e-23481883e3a4,mPFC,18.0,14.72,13.0,16.0,1.3000000000000003
27,ZFM-03330,2022-02-16,5244890d-9353-4cfe-a18e-23481883e3a4,mPFC,16.0,14.71,13.0,16.0,1.5
28,ZFM-03330,2022-02-16,5244890d-9353-4cfe-a18e-23481883e3a4,mPFC,18.0,14.44,12.95,16.0,1.7000000000000002
29,ZFM-03330,2022-02-16,5244890d-9353-4cfe-a18e-23481883e3a4,mPFC,19.0,14.69,13.0,16.0,1.9
30,ZFM-03332,2022-02-16,0d04401a-2e75-4449-b699-252000ed2b76,M2,13.0,12.54,11.0,14.0,-0.9
31,ZFM-03332,2022-02-16,0d04401a-2e75-4449-b699-252000ed2b76,M2,12.0,12.62,11.0,14.0,-0.7000000000000001
32,ZFM-03332,2022-02-16,0d04401a-2e75-4449-b699-252000ed2b76,M2,12.0,12.46,11.0,14.0,-0.5
33,ZFM-03332,2022-02-16,0d04401a-2e75-4449-b699-252000ed2b76,M2,11.0,12.53,11.0,14.0,-0.30000000000000004
34,ZFM-03332,2022-02-16,0d04401a-2e75-4449-b699-252000ed2b76,M2,14.0,12.62,11.0,14.0,-0.1
35,ZFM-03332,2022-02-16,0d04401a-2e75-4449-b699-252000ed2b76,M2,12.0,12.5,11.0,14.0,0.1
36,ZFM-03332,2022-02-16,0d04401a-2e75-4449-b699-252000ed2b76,M2,13.0,12.3,11.0,14.0,0.30000000000000004
37,ZFM-03332,2022-02-16,0d04401a-2e75-4449-b699-252000ed2b76,M2,12.0,12.33,11.0,14.0,0.5
38,ZFM-03332,2022-02-16,0d04401a-2e75-4449-b699-252000ed2b76,M2,11.0,12.5,11.0,14.0,0.7000000000000001
39,ZFM-03332,2022-02-16,0d04401a-2e75-4449-b699-252000ed2b76,M2,13.0,12.34,11.0,14.0,0.9
40,ZFM-03332,2022-02-16,0d04401a-2e75-4449-b699-252000ed2b76,M2,12.0,12.38,11.0,14.0,1.1
41,ZFM-03332,2022-02-16,0d04401a-2e75-4449-b699-252000ed2b76,M2,13.0,12.52,11.0,14.0,1.3000000000000003
42,ZFM-03332,2022-02-16,0d04401a-2e75-4449-b699-252000ed2b76,M2,12.0,12.47,11.0,14.0,1.5
43,ZFM-03332,2022-02-16,0d04401a-2e75-4449-b699-252000ed2b76,M2,13.0,12.42,11.0,14.0,1.7000000000000002
44,ZFM-03332,2022-02-16,0d04401a-2e75-4449-b699-252000ed2b76,M2,12.0,12.49,11.0,14.0,1.9
45,ZFM-03332,2022-02-16,0d04401a-2e75-4449-b699-252000ed2b76,ORB,17.0,15.91,13.95,18.0,-0.9
46,ZFM-03332,2022-02-16,0d04401a-2e75-4449-b699-252000ed2b76,ORB,17.0,15.83,13.0,18.0,-0.7000000000000001
47,ZFM-03332,2022-02-16,0d04401a-2e75-4449-b699-252000ed2b76,ORB,15.0,15.85,13.0,18.049999999999997,-0.5
48,ZFM-03332,2022-02-16,0d04401a-2e75-4449-b699-252000ed2b76,ORB,15.0,15.79,13.95,18.0,-0.30000000000000004
49,ZFM-03332,2022-02-16,0d04401a-2e75-4449-b699-252000ed2b76,ORB,15.0,16.0,13.95,18.0,-0.1
50,ZFM-03332,2022-02-16,0d04401a-2e75-4449-b699-252000ed2b76,ORB,17.0,16.12,13.0,18.049999999999997,0.1
51,ZFM-03332,2022-02-16,0d04401a-2e75-4449-b699-252000ed2b76,ORB,15.0,16.15,14.0,18.0,0.30000000000000004
52,ZFM-03332,2022-02-16,0d04401a-2e75-4449-b699-252000ed2b76,ORB,16.0,16.24,13.0,19.0,0.5
53,ZFM-03332,2022-02-16,0d04401a-2e75-4449-b699-252000ed2b76,ORB,17.0,16.21,14.0,19.0,0.7000000000000001
54,ZFM-03332,2022-02-16,0d04401a-2e75-4449-b699-252000ed2b76,ORB,18.0,16.1,13.95,18.0,0.9
55,ZFM-03332,2022-02-16,0d04401a-2e75-4449-b699-252000ed2b76,ORB,17.0,16.24,14.0,18.049999999999997,1.1
56,ZFM-03332,2022-02-16,0d04401a-2e75-4449-b699-252000ed2b76,ORB,15.0,16.12,14.0,18.0,1.3000000000000003
57,ZFM-03332,2022-02-16,0d04401a-2e75-4449-b699-252000ed2b76,ORB,18.0,15.9,13.0,18.0,1.5
58,ZFM-03332,2022-02-16,0d04401a-2e75-4449-b699-252000ed2b76,ORB,18.0,15.98,14.0,18.049999999999997,1.7000000000000002
59,ZFM-03332,2022-02-16,0d04401a-2e75-4449-b699-252000ed2b76,ORB,15.0,16.2,13.0,18.0,1.9
60,ZFM-03332,2022-02-16,0d04401a-2e75-4449-b699-252000ed2b76,Pir,22.0,19.59,18.0,21.0,-0.9
61,ZFM-03332,2022-02-16,0d04401a-2e75-4449-b699-252000ed2b76,Pir,21.0,19.55,18.0,21.0,-0.7000000000000001
62,ZFM-03332,2022-02-16,0d04401a-2e75-4449-b699-252000ed2b76,Pir,19.0,19.36,18.0,21.0,-0.5
63,ZFM-03332,2022-02-16,0d04401a-2e75-4449-b699-252000ed2b76,Pir,20.0,19.27,17.0,21.0,-0.30000000000000004
64,ZFM-03332,2022-02-16,0d04401a-2e75-4449-b699-252000ed2b76,Pir,21.0,19.45,18.0,21.049999999999997,-0.1
65,ZFM-03332,2022-02-16,0d04401a-2e75-4449-b699-252000ed2b76,Pir,20.0,19.48,18.0,21.0,0.1
66,ZFM-03332,2022-02-16,0d04401a-2e75-4449-b699-252000ed2b76,Pir,17.0,19.56,18.0,21.0,0.30000000000000004
67,ZFM-03332,2022-02-16,0d04401a-2e75-4449-b699-252000ed2b76,Pir,20.0,19.49,18.0,22.0,0.5
68,ZFM-03332,2022-02-16,0d04401a-2e75-4449-b699-252000ed2b76,Pir,18.0,19.42,17.95,21.0,0.7000000000000001
69,ZFM-03332,2022-02-16,0d04401a-2e75-4449-b699-252000ed2b76,Pir,20.0,19.51,17.0,21.049999999999997,0.9
70,ZFM-03332,2022-02-16,0d04401a-2e75-4449-b699-252000ed2b76,Pir,19.0,19.43,17.0,21.0,1.1
71,ZFM-03332,2022-02-16,0d04401a-2e75-4449-b699-252000ed2b76,Pir,21.0,19.48,18.0,21.0,1.3000000000000003
72,ZFM-03332,2022-02-16,0d04401a-2e75-4449-b699-252000ed2b76,Pir,19.0,19.46,17.95,21.0,1.5
73,ZFM-03332,2022-02-16,0d04401a-2e75-4449-b699-252000ed2b76,Pir,17.0,19.38,17.0,21.049999999999997,1.7000000000000002
74,ZFM-03332,2022-02-16,0d04401a-2e75-4449-b699-252000ed2b76,Pir,17.0,19.34,18.0,21.0,1.9
75,ZFM-03330,2022-02-15,7ab26936-81b3-482d-a60f-538e2e325f1e,M2,15.0,16.61,15.0,18.049999999999997,-0.9
76,ZFM-03330,2022-02-15,7ab26936-81b3-482d-a60f-538e2e325f1e,M2,14.0,16.6,15.0,18.0,-0.7000000000000001
77,ZFM-03330,2022-02-15,7ab26936-81b3-482d-a60f-538e2e325f1e,M2,15.0,16.47,15.0,18.0,-0.5
78,ZFM-03330,2022-02-15,7ab26936-81b3-482d-a60f-538e2e325f1e,M2,17.0,16.62,15.0,18.0,-0.30000000000000004
79,ZFM-03330,2022-02-15,7ab26936-81b3-482d-a60f-538e2e325f1e,M2,17.0,16.47,15.0,18.0,-0.1
80,ZFM-03330,2022-02-15,7ab26936-81b3-482d-a60f-538e2e325f1e,M2,15.0,16.45,14.95,18.0,0.1
81,ZFM-03330,2022-02-15,7ab26936-81b3-482d-a60f-538e2e325f1e,M2,16.0,16.58,15.0,18.0,0.30000000000000004
82,ZFM-03330,2022-02-15,7ab26936-81b3-482d-a60f-538e2e325f1e,M2,16.0,16.67,15.0,18.0,0.5
83,ZFM-03330,2022-02-15,7ab26936-81b3-482d-a60f-538e2e325f1e,M2,15.0,16.76,15.0,19.0,0.7000000000000001
84,ZFM-03330,2022-02-15,7ab26936-81b3-482d-a60f-538e2e325f1e,M2,15.0,16.63,15.0,18.0,0.9
85,ZFM-03330,2022-02-15,7ab26936-81b3-482d-a60f-538e2e325f1e,M2,16.0,16.5,15.0,18.0,1.1
86,ZFM-03330,2022-02-15,7ab26936-81b3-482d-a60f-538e2e325f1e,M2,16.0,16.44,15.0,18.0,1.3000000000000003
87,ZFM-03330,2022-02-15,7ab26936-81b3-482d-a60f-538e2e325f1e,M2,16.0,16.4,15.0,18.0,1.5
88,ZFM-03330,2022-02-15,7ab26936-81b3-482d-a60f-538e2e325f1e,M2,16.0,16.51,15.0,18.0,1.7000000000000002
89,ZFM-03330,2022-02-15,7ab26936-81b3-482d-a60f-538e2e325f1e,M2,16.0,16.39,15.0,18.0,1.9
90,ZFM-03330,2022-02-15,7ab26936-81b3-482d-a60f-538e2e325f1e,mPFC,17.0,18.14,16.0,20.0,-0.9
91,ZFM-03330,2022-02-15,7ab26936-81b3-482d-a60f-538e2e325f1e,mPFC,19.0,17.99,16.0,20.0,-0.7000000000000001
92,ZFM-03330,2022-02-15,7ab26936-81b3-482d-a60f-538e2e325f1e,mPFC,18.0,18.12,16.0,20.049999999999997,-0.5
93,ZFM-03330,2022-02-15,7ab26936-81b3-482d-a60f-538e2e325f1e,mPFC,18.0,18.31,16.0,20.0,-0.30000000000000004
94,ZFM-03330,2022-02-15,7ab26936-81b3-482d-a60f-538e2e325f1e,mPFC,18.0,18.28,16.0,20.0,-0.1
95,ZFM-03330,2022-02-15,7ab26936-81b3-482d-a60f-538e2e325f1e,mPFC,19.0,18.08,16.0,20.0,0.1
96,ZFM-03330,2022-02-15,7ab26936-81b3-482d-a60f-538e2e325f1e,mPFC,19.0,18.26,16.0,21.0,0.30000000000000004
97,ZFM-03330,2022-02-15,7ab26936-81b3-482d-a60f-538e2e325f1e,mPFC,18.0,18.18,16.0,20.0,0.5
98,ZFM-03330,2022-02-15,7ab26936-81b3-482d-a60f-538e2e325f1e,mPFC,18.0,18.14,16.0,20.0,0.7000000000000001
99,ZFM-03330,2022-02-15,7ab26936-81b3-482d-a60f-538e2e325f1e,mPFC,17.0,18.2,16.0,20.0,0.9
100,ZFM-03330,2022-02-15,7ab26936-81b3-482d-a60f-538e2e325f1e,mPFC,16.0,17.98,16.0,20.0,1.1
101,ZFM-03330,2022-02-15,7ab26936-81b3-482d-a60f-538e2e325f1e,mPFC,17.0,18.11,15.0,20.0,1.3000000000000003
102,ZFM-03330,2022-02-15,7ab26936-81b3-482d-a60f-538e2e325f1e,mPFC,15.0,18.03,16.0,20.0,1.5
103,ZFM-03330,2022-02-15,7ab26936-81b3-482d-a60f-538e2e325f1e,mPFC,17.0,18.17,16.0,20.0,1.7000000000000002
104,ZFM-03330,2022-02-15,7ab26936-81b3-482d-a60f-538e2e325f1e,mPFC,17.0,18.36,16.0,21.0,1.9
105,ZFM-03332,2022-02-15,803dd5b6-248a-4811-b36b-d7070bbfa3a1,M2,12.0,13.18,12.0,14.049999999999997,-0.9
106,ZFM-03332,2022-02-15,803dd5b6-248a-4811-b36b-d7070bbfa3a1,M2,12.0,13.31,12.0,15.0,-0.7000000000000001
107,ZFM-03332,2022-02-15,803dd5b6-248a-4811-b36b-d7070bbfa3a1,M2,13.0,13.28,12.0,14.049999999999997,-0.5
108,ZFM-03332,2022-02-15,803dd5b6-248a-4811-b36b-d7070bbfa3a1,M2,14.0,13.26,12.0,14.0,-0.30000000000000004
109,ZFM-03332,2022-02-15,803dd5b6-248a-4811-b36b-d7070bbfa3a1,M2,13.0,13.38,12.0,15.0,-0.1
110,ZFM-03332,2022-02-15,803dd5b6-248a-4811-b36b-d7070bbfa3a1,M2,13.0,13.37,12.0,15.0,0.1
111,ZFM-03332,2022-02-15,803dd5b6-248a-4811-b36b-d7070bbfa3a1,M2,14.0,13.49,12.0,15.0,0.30000000000000004
112,ZFM-03332,2022-02-15,803dd5b6-248a-4811-b36b-d7070bbfa3a1,M2,13.0,13.26,12.0,15.0,0.5
113,ZFM-03332,2022-02-15,803dd5b6-248a-4811-b36b-d7070bbfa3a1,M2,14.0,13.34,12.0,15.0,0.7000000000000001
114,ZFM-03332,2022-02-15,803dd5b6-248a-4811-b36b-d7070bbfa3a1,M2,13.0,13.3,12.0,15.0,0.9
115,ZFM-03332,2022-02-15,803dd5b6-248a-4811-b36b-d7070bbfa3a1,M2,12.0,13.24,12.0,15.0,1.1
116,ZFM-03332,2022-02-15,803dd5b6-248a-4811-b36b-d7070bbfa3a1,M2,13.0,13.25,12.0,15.0,1.3000000000000003
117,ZFM-03332,2022-02-15,803dd5b6-248a-4811-b36b-d7070bbfa3a1,M2,14.0,13.31,12.0,15.0,1.5
118,ZFM-03332,2022-02-15,803dd5b6-248a-4811-b36b-d7070bbfa3a1,M2,14.0,13.25,12.0,15.0,1.7000000000000002
119,ZFM-03332,2022-02-15,803dd5b6-248a-4811-b36b-d7070bbfa3a1,M2,15.0,13.26,12.0,15.0,1.9
120,ZFM-03332,2022-02-15,803dd5b6-248a-4811-b36b-d7070bbfa3a1,mPFC,20.0,20.55,18.0,23.0,-0.9
121,ZFM-03332,2022-02-15,803dd5b6-248a-4811-b36b-d7070bbfa3a1,mPFC,22.0,20.39,17.0,23.0,-0.7000000000000001
122,ZFM-03332,2022-02-15,803dd5b6-248a-4811-b36b-d7070bbfa3a1,mPFC,18.0,20.4,18.0,23.0,-0.5
123,ZFM-03332,2022-02-15,803dd5b6-248a-4811-b36b-d7070bbfa3a1,mPFC,22.0,20.42,18.0,23.0,-0.30000000000000004
124,ZFM-03332,2022-02-15,803dd5b6-248a-4811-b36b-d7070bbfa3a1,mPFC,20.0,20.65,18.0,23.0,-0.1
125,ZFM-03332,2022-02-15,803dd5b6-248a-4811-b36b-d7070bbfa3a1,mPFC,23.0,20.41,18.0,23.0,0.1
126,ZFM-03332,2022-02-15,803dd5b6-248a-4811-b36b-d7070bbfa3a1,mPFC,22.0,20.45,18.0,23.0,0.30000000000000004
127,ZFM-03332,2022-02-15,803dd5b6-248a-4811-b36b-d7070bbfa3a1,mPFC,23.0,20.81,18.0,23.0,0.5
128,ZFM-03332,2022-02-15,803dd5b6-248a-4811-b36b-d7070bbfa3a1,mPFC,23.0,20.83,18.0,23.0,0.7000000000000001
129,ZFM-03332,2022-02-15,803dd5b6-248a-4811-b36b-d7070bbfa3a1,mPFC,21.0,20.74,18.0,23.0,0.9
130,ZFM-03332,2022-02-15,803dd5b6-248a-4811-b36b-d7070bbfa3a1,mPFC,22.0,20.65,19.0,23.0,1.1
131,ZFM-03332,2022-02-15,803dd5b6-248a-4811-b36b-d7070bbfa3a1,mPFC,21.0,20.35,18.0,22.049999999999997,1.3000000000000003
132,ZFM-03332,2022-02-15,803dd5b6-248a-4811-b36b-d7070bbfa3a1,mPFC,21.0,20.33,17.95,23.0,1.5
133,ZFM-03332,2022-02-15,803dd5b6-248a-4811-b36b-d7070bbfa3a1,mPFC,22.0,20.32,18.0,23.0,1.7000000000000002
134,ZFM-03332,2022-02-15,803dd5b6-248a-4811-b36b-d7070bbfa3a1,mPFC,23.0,20.37,18.0,22.049999999999997,1.9
135,ZFM-02601,2021-11-16,53771a15-33be-4a62-a779-a8c609b742e2,M2,13.0,14.03,13.0,16.0,-0.9
136,ZFM-02601,2021-11-16,53771a15-33be-4a62-a779-a8c609b742e2,M2,15.0,13.92,12.95,15.0,-0.7000000000000001
137,ZFM-02601,2021-11-16,53771a15-33be-4a62-a779-a8c609b742e2,M2,15.0,13.9,12.0,15.049999999999997,-0.5
138,ZFM-02601,2021-11-16,53771a15-33be-4a62-a779-a8c609b742e2,M2,15.0,13.8,12.0,15.0,-0.30000000000000004
139,ZFM-02601,2021-11-16,53771a15-33be-4a62-a779-a8c609b742e2,M2,15.0,13.92,12.0,16.0,-0.1
140,ZFM-02601,2021-11-16,53771a15-33be-4a62-a779-a8c609b742e2,M2,14.0,13.95,13.0,15.0,0.1
141,ZFM-02601,2021-11-16,53771a15-33be-4a62-a779-a8c609b742e2,M2,15.0,13.98,13.0,16.0,0.30000000000000004
142,ZFM-02601,2021-11-16,53771a15-33be-4a62-a779-a8c609b742e2,M2,14.0,13.82,12.0,15.0,0.5
143,ZFM-02601,2021-11-16,53771a15-33be-4a62-a779-a8c609b742e2,M2,16.0,13.82,12.0,15.0,0.7000000000000001
144,ZFM-02601,2021-11-16,53771a15-33be-4a62-a779-a8c609b742e2,M2,13.0,13.96,12.95,16.0,0.9
145,ZFM-02601,2021-11-16,53771a15-33be-4a62-a779-a8c609b742e2,M2,15.0,13.93,13.0,15.049999999999997,1.1
146,ZFM-02601,2021-11-16,53771a15-33be-4a62-a779-a8c609b742e2,M2,14.0,13.84,12.0,15.0,1.3000000000000003
147,ZFM-02601,2021-11-16,53771a15-33be-4a62-a779-a8c609b742e2,M2,13.0,13.97,12.0,16.0,1.5
148,ZFM-02601,2021-11-16,53771a15-33be-4a62-a779-a8c609b742e2,M2,15.0,13.95,13.0,15.0,1.7000000000000002
149,ZFM-02601,2021-11-16,53771a15-33be-4a62-a779-a8c609b742e2,M2,14.0,13.89,13.0,15.0,1.9
150,ZFM-02601,2021-11-16,53771a15-33be-4a62-a779-a8c609b742e2,mPFC,11.0,11.83,10.0,13.0,-0.9
151,ZFM-02601,2021-11-16,53771a15-33be-4a62-a779-a8c609b742e2,mPFC,13.0,11.65,10.0,13.0,-0.7000000000000001
152,ZFM-02601,2021-11-16,53771a15-33be-4a62-a779-a8c609b742e2,mPFC,13.0,11.88,10.0,14.0,-0.5
153,ZFM-02601,2021-11-16,53771a15-33be-4a62-a779-a8c609b742e2,mPFC,10.0,11.81,10.0,13.0,-0.30000000000000004
154,ZFM-02601,2021-11-16,53771a15-33be-4a62-a779-a8c609b742e2,mPFC,9.0,11.75,10.0,13.0,-0.1
155,ZFM-02601,2021-11-16,53771a15-33be-4a62-a779-a8c609b742e2,mPFC,11.0,11.65,10.0,13.0,0.1
156,ZFM-02601,2021-11-16,53771a15-33be-4a62-a779-a8c609b742e2,mPFC,11.0,11.73,10.0,13.0,0.30000000000000004
157,ZFM-02601,2021-11-16,53771a15-33be-4a62-a779-a8c609b742e2,mPFC,10.0,11.77,10.95,13.0,0.5
158,ZFM-02601,2021-11-16,53771a15-33be-4a62-a779-a8c609b742e2,mPFC,11.0,11.74,10.0,13.0,0.7000000000000001
159,ZFM-02601,2021-11-16,53771a15-33be-4a62-a779-a8c609b742e2,mPFC,12.0,11.87,10.0,13.0,0.9
160,ZFM-02601,2021-11-16,53771a15-33be-4a62-a779-a8c609b742e2,mPFC,11.0,12.1,10.0,14.0,1.1
161,ZFM-02601,2021-11-16,53771a15-33be-4a62-a779-a8c609b742e2,mPFC,11.0,11.92,10.0,14.0,1.3000000000000003
162,ZFM-02601,2021-11-16,53771a15-33be-4a62-a779-a8c609b742e2,mPFC,11.0,11.91,10.0,14.0,1.5
163,ZFM-02601,2021-11-16,53771a15-33be-4a62-a779-a8c609b742e2,mPFC,12.0,11.85,10.0,13.0,1.7000000000000002
164,ZFM-02601,2021-11-16,53771a15-33be-4a62-a779-a8c609b742e2,mPFC,13.0,11.91,10.0,13.049999999999997,1.9
165,ZFM-02601,2021-11-16,53771a15-33be-4a62-a779-a8c609b742e2,ORB,21.0,18.9,16.0,21.0,-0.9
166,ZFM-02601,2021-11-16,53771a15-33be-4a62-a779-a8c609b742e2,ORB,20.0,19.14,17.0,21.0,-0.7000000000000001
167,ZFM-02601,2021-11-16,53771a15-33be-4a62-a779-a8c609b742e2,ORB,17.0,19.12,17.0,21.0,-0.5
168,ZFM-02601,2021-11-16,53771a15-33be-4a62-a779-a8c609b742e2,ORB,18.0,18.99,16.0,22.0,-0.30000000000000004
169,ZFM-02601,2021-11-16,53771a15-33be-4a62-a779-a8c609b742e2,ORB,20.0,18.92,16.0,21.0,-0.1
170,ZFM-02601,2021-11-16,53771a15-33be-4a62-a779-a8c609b742e2,ORB,19.0,18.96,16.0,22.0,0.1
171,ZFM-02601,2021-11-16,53771a15-33be-4a62-a779-a8c609b742e2,ORB,20.0,18.95,16.0,21.049999999999997,0.30000000000000004
172,ZFM-02601,2021-11-16,53771a15-33be-4a62-a779-a8c609b742e2,ORB,21.0,18.88,16.0,21.0,0.5
173,ZFM-02601,2021-11-16,53771a15-33be-4a62-a779-a8c609b742e2,ORB,23.0,18.92,16.0,21.049999999999997,0.7000000000000001
174,ZFM-02601,2021-11-16,53771a15-33be-4a62-a779-a8c609b742e2,ORB,23.0,18.99,16.0,21.0,0.9
175,ZFM-02601,2021-11-16,53771a15-33be-4a62-a779-a8c609b742e2,ORB,22.0,19.11,17.0,22.0,1.1
176,ZFM-02601,2021-11-16,53771a15-33be-4a62-a779-a8c609b742e2,ORB,20.0,19.08,17.0,21.049999999999997,1.3000000000000003
177,ZFM-02601,2021-11-16,53771a15-33be-4a62-a779-a8c609b742e2,ORB,20.0,19.13,17.0,21.0,1.5
178,ZFM-02601,2021-11-16,53771a15-33be-4a62-a779-a8c609b742e2,ORB,21.0,18.98,17.0,21.0,1.7000000000000002
179,ZFM-02601,2021-11-16,53771a15-33be-4a62-a779-a8c609b742e2,ORB,20.0,19.12,17.0,21.049999999999997,1.9
180,ZFM-02600,2021-08-28,865496ae-3206-4974-af44-2cff2f7023f2,M2,12.0,13.06,11.0,15.0,-0.9
181,ZFM-02600,2021-08-28,865496ae-3206-4974-af44-2cff2f7023f2,M2,13.0,13.27,12.0,15.0,-0.7000000000000001
182,ZFM-02600,2021-08-28,865496ae-3206-4974-af44-2cff2f7023f2,M2,12.0,13.26,12.0,15.0,-0.5
183,ZFM-02600,2021-08-28,865496ae-3206-4974-af44-2cff2f7023f2,M2,11.0,13.24,12.0,14.049999999999997,-0.30000000000000004
184,ZFM-02600,2021-08-28,865496ae-3206-4974-af44-2cff2f7023f2,M2,13.0,13.3,11.95,15.0,-0.1
185,ZFM-02600,2021-08-28,865496ae-3206-4974-af44-2cff2f7023f2,M2,12.0,13.29,12.0,15.0,0.1
186,ZFM-02600,2021-08-28,865496ae-3206-4974-af44-2cff2f7023f2,M2,13.0,13.34,12.0,15.0,0.30000000000000004
187,ZFM-02600,2021-08-28,865496ae-3206-4974-af44-2cff2f7023f2,M2,13.0,13.22,12.0,15.0,0.5
188,ZFM-02600,2021-08-28,865496ae-3206-4974-af44-2cff2f7023f2,M2,14.0,13.4,12.0,15.0,0.7000000000000001
189,ZFM-02600,2021-08-28,865496ae-3206-4974-af44-2cff2f7023f2,M2,14.0,13.36,12.0,15.0,0.9
190,ZFM-02600,2021-08-28,865496ae-3206-4974-af44-2cff2f7023f2,M2,13.0,13.26,12.0,15.0,1.1
191,ZFM-02600,2021-08-28,865496ae-3206-4974-af44-2cff2f7023f2,M2,14.0,13.29,12.0,15.0,1.3000000000000003
192,ZFM-02600,2021-08-28,865496ae-3206-4974-af44-2cff2f7023f2,M2,14.0,13.25,12.0,15.0,1.5
193,ZFM-02600,2021-08-28,865496ae-3206-4974-af44-2cff2f7023f2,M2,14.0,13.13,12.0,14.049999999999997,1.7000000000000002
194,ZFM-02600,2021-08-28,865496ae-3206-4974-af44-2cff2f7023f2,M2,12.0,13.19,12.0,15.0,1.9
195,ZFM-02600,2021-08-28,865496ae-3206-4974-af44-2cff2f7023f2,mPFC,21.0,17.75,15.0,20.0,-0.9
196,ZFM-02600,2021-08-28,865496ae-3206-4974-af44-2cff2f7023f2,mPFC,20.0,17.82,15.95,20.0,-0.7000000000000001
197,ZFM-02600,2021-08-28,865496ae-3206-4974-af44-2cff2f7023f2,mPFC,21.0,17.67,16.0,19.0,-0.5
198,ZFM-02600,2021-08-28,865496ae-3206-4974-af44-2cff2f7023f2,mPFC,20.0,17.88,16.0,20.0,-0.30000000000000004
199,ZFM-02600,2021-08-28,865496ae-3206-4974-af44-2cff2f7023f2,mPFC,19.0,18.0,16.0,20.0,-0.1
200,ZFM-02600,2021-08-28,865496ae-3206-4974-af44-2cff2f7023f2,mPFC,21.0,18.06,16.0,19.049999999999997,0.1
201,ZFM-02600,2021-08-28,865496ae-3206-4974-af44-2cff2f7023f2,mPFC,22.0,18.21,16.0,20.0,0.30000000000000004
202,ZFM-02600,2021-08-28,865496ae-3206-4974-af44-2cff2f7023f2,mPFC,20.0,18.23,16.0,20.0,0.5
203,ZFM-02600,2021-08-28,865496ae-3206-4974-af44-2cff2f7023f2,mPFC,21.0,18.02,16.0,20.0,0.7000000000000001
204,ZFM-02600,2021-08-28,865496ae-3206-4974-af44-2cff2f7023f2,mPFC,19.0,18.05,16.0,20.0,0.9
205,ZFM-02600,2021-08-28,865496ae-3206-4974-af44-2cff2f7023f2,mPFC,21.0,17.96,16.95,20.0,1.1
206,ZFM-02600,2021-08-28,865496ae-3206-4974-af44-2cff2f7023f2,mPFC,23.0,18.04,16.0,19.049999999999997,1.3000000000000003
207,ZFM-02600,2021-08-28,865496ae-3206-4974-af44-2cff2f7023f2,mPFC,20.0,17.92,16.0,20.0,1.5
208,ZFM-02600,2021-08-28,865496ae-3206-4974-af44-2cff2f7023f2,mPFC,18.0,17.92,16.0,20.0,1.7000000000000002
209,ZFM-02600,2021-08-28,865496ae-3206-4974-af44-2cff2f7023f2,mPFC,19.0,18.1,16.0,20.0,1.9
210,ZFM-02600,2021-08-28,865496ae-3206-4974-af44-2cff2f7023f2,ORB,11.0,9.62,8.0,11.0,-0.9
211,ZFM-02600,2021-08-28,865496ae-3206-4974-af44-2cff2f7023f2,ORB,10.0,9.51,8.0,11.0,-0.7000000000000001
212,ZFM-02600,2021-08-28,865496ae-3206-4974-af44-2cff2f7023f2,ORB,11.0,9.78,9.0,11.0,-0.5
213,ZFM-02600,2021-08-28,865496ae-3206-4974-af44-2cff2f7023f2,ORB,10.0,9.72,8.95,11.0,-0.30000000000000004
214,ZFM-02600,2021-08-28,865496ae-3206-4974-af44-2cff2f7023f2,ORB,10.0,9.7,8.0,11.0,-0.1
215,ZFM-02600,2021-08-28,865496ae-3206-4974-af44-2cff2f7023f2,ORB,10.0,9.77,8.0,11.0,0.1
216,ZFM-02600,2021-08-28,865496ae-3206-4974-af44-2cff2f7023f2,ORB,8.0,9.71,8.0,11.0,0.30000000000000004
217,ZFM-02600,2021-08-28,865496ae-3206-4974-af44-2cff2f7023f2,ORB,9.0,9.59,8.0,11.0,0.5
218,ZFM-02600,2021-08-28,865496ae-3206-4974-af44-2cff2f7023f2,ORB,10.0,9.62,8.95,11.0,0.7000000000000001
219,ZFM-02600,2021-08-28,865496ae-3206-4974-af44-2cff2f7023f2,ORB,8.0,9.78,8.95,11.0,0.9
220,ZFM-02600,2021-08-28,865496ae-3206-4974-af44-2cff2f7023f2,ORB,8.0,9.55,8.0,11.0,1.1
221,ZFM-02600,2021-08-28,865496ae-3206-4974-af44-2cff2f7023f2,ORB,9.0,9.75,8.0,11.0,1.3000000000000003
222,ZFM-02600,2021-08-28,865496ae-3206-4974-af44-2cff2f7023f2,ORB,11.0,9.78,9.0,11.0,1.5
223,ZFM-02600,2021-08-28,865496ae-3206-4974-af44-2cff2f7023f2,ORB,10.0,9.62,9.0,11.0,1.7000000000000002
224,ZFM-02600,2021-08-28,865496ae-3206-4974-af44-2cff2f7023f2,ORB,8.0,9.81,8.0,11.0,1.9
225,ZFM-02600,2021-08-26,c8f68575-e5a8-4960-a690-0149c5c4683f,M2,18.0,17.67,16.0,20.0,-0.9
226,ZFM-02600,2021-08-26,c8f68575-e5a8-4960-a690-0149c5c4683f,M2,20.0,17.84,16.0,20.0,-0.7000000000000001
227,ZFM-02600,2021-08-26,c8f68575-e5a8-4960-a690-0149c5c4683f,M2,18.0,17.67,15.0,20.0,-0.5
228,ZFM-02600,2021-08-26,c8f68575-e5a8-4960-a690-0149c5c4683f,M2,17.0,17.71,15.95,19.049999999999997,-0.30000000000000004
229,ZFM-02600,2021-08-26,c8f68575-e5a8-4960-a690-0149c5c4683f,M2,18.0,17.51,16.0,19.0,-0.1
230,ZFM-02600,2021-08-26,c8f68575-e5a8-4960-a690-0149c5c4683f,M2,17.0,17.74,16.0,20.0,0.1
231,ZFM-02600,2021-08-26,c8f68575-e5a8-4960-a690-0149c5c4683f,M2,20.0,17.76,16.0,20.0,0.30000000000000004
232,ZFM-02600,2021-08-26,c8f68575-e5a8-4960-a690-0149c5c4683f,M2,17.0,17.73,16.0,20.0,0.5
233,ZFM-02600,2021-08-26,c8f68575-e5a8-4960-a690-0149c5c4683f,M2,18.0,17.85,16.0,20.0,0.7000000000000001
234,ZFM-02600,2021-08-26,c8f68575-e5a8-4960-a690-0149c5c4683f,M2,18.0,17.84,15.95,20.0,0.9
235,ZFM-02600,2021-08-26,c8f68575-e5a8-4960-a690-0149c5c4683f,M2,17.0,17.9,16.0,20.0,1.1
236,ZFM-02600,2021-08-26,c8f68575-e5a8-4960-a690-0149c5c4683f,M2,16.0,17.87,16.0,20.0,1.3000000000000003
237,ZFM-02600,2021-08-26,c8f68575-e5a8-4960-a690-0149c5c4683f,M2,18.0,17.81,16.0,20.0,1.5
238,ZFM-02600,2021-08-26,c8f68575-e5a8-4960-a690-0149c5c4683f,M2,18.0,17.82,16.0,20.0,1.7000000000000002
239,ZFM-02600,2021-08-26,c8f68575-e5a8-4960-a690-0149c5c4683f,M2,16.0,17.8,15.95,20.0,1.9
240,ZFM-02600,2021-08-26,c8f68575-e5a8-4960-a690-0149c5c4683f,ORB,19.0,18.0,17.0,20.0,-0.9
241,ZFM-02600,2021-08-26,c8f68575-e5a8-4960-a690-0149c5c4683f,ORB,20.0,18.0,16.0,19.049999999999997,-0.7000000000000001
242,ZFM-02600,2021-08-26,c8f68575-e5a8-4960-a690-0149c5c4683f,ORB,19.0,18.1,16.0,20.0,-0.5
243,ZFM-02600,2021-08-26,c8f68575-e5a8-4960-a690-0149c5c4683f,ORB,19.0,18.08,16.0,20.0,-0.30000000000000004
244,ZFM-02600,2021-08-26,c8f68575-e5a8-4960-a690-0149c5c4683f,ORB,19.0,17.94,16.0,20.0,-0.1
245,ZFM-02600,2021-08-26,c8f68575-e5a8-4960-a690-0149c5c4683f,ORB,18.0,18.08,16.0,20.0,0.1
246,ZFM-02600,2021-08-26,c8f68575-e5a8-4960-a690-0149c5c4683f,ORB,20.0,17.96,16.0,20.0,0.30000000000000004
247,ZFM-02600,2021-08-26,c8f68575-e5a8-4960-a690-0149c5c4683f,ORB,19.0,18.02,16.0,20.0,0.5
248,ZFM-02600,2021-08-26,c8f68575-e5a8-4960-a690-0149c5c4683f,ORB,18.0,17.97,16.95,19.049999999999997,0.7000000000000001
249,ZFM-02600,2021-08-26,c8f68575-e5a8-4960-a690-0149c5c4683f,ORB,17.0,17.89,16.0,19.0,0.9
250,ZFM-02600,2021-08-26,c8f68575-e5a8-4960-a690-0149c5c4683f,ORB,18.0,17.98,16.0,20.0,1.1
251,ZFM-02600,2021-08-26,c8f68575-e5a8-4960-a690-0149c5c4683f,ORB,21.0,17.95,16.95,20.0,1.3000000000000003
252,ZFM-02600,2021-08-26,c8f68575-e5a8-4960-a690-0149c5c4683f,ORB,17.0,18.06,16.95,20.0,1.5
253,ZFM-02600,2021-08-26,c8f68575-e5a8-4960-a690-0149c5c4683f,ORB,18.0,17.93,16.0,20.0,1.7000000000000002
254,ZFM-02600,2021-08-26,c8f68575-e5a8-4960-a690-0149c5c4683f,ORB,18.0,17.92,16.0,20.0,1.9
255,ZFM-02600,2021-08-26,c8f68575-e5a8-4960-a690-0149c5c4683f,Pir,18.0,16.44,15.0,18.0,-0.9
256,ZFM-02600,2021-08-26,c8f68575-e5a8-4960-a690-0149c5c4683f,Pir,18.0,16.53,15.0,18.0,-0.7000000000000001
257,ZFM-02600,2021-08-26,c8f68575-e5a8-4960-a690-0149c5c4683f,Pir,16.0,16.51,15.0,18.0,-0.5
258,ZFM-02600,2021-08-26,c8f68575-e5a8-4960-a690-0149c5c4683f,Pir,17.0,16.39,15.0,18.0,-0.30000000000000004
259,ZFM-02600,2021-08-26,c8f68575-e5a8-4960-a690-0149c5c4683f,Pir,15.0,16.13,15.0,18.0,-0.1
260,ZFM-02600,2021-08-26,c8f68575-e5a8-4960-a690-0149c5c4683f,Pir,18.0,16.58,15.0,18.0,0.1
261,ZFM-02600,2021-08-26,c8f68575-e5a8-4960-a690-0149c5c4683f,Pir,17.0,16.42,15.0,18.0,0.30000000000000004
262,ZFM-02600,2021-08-26,c8f68575-e5a8-4960-a690-0149c5c4683f,Pir,17.0,16.24,15.0,18.0,0.5
263,ZFM-02600,2021-08-26,c8f68575-e5a8-4960-a690-0149c5c4683f,Pir,16.0,16.32,15.0,18.0,0.7000000000000001
264,ZFM-02600,2021-08-26,c8f68575-e5a8-4960-a690-0149c5c4683f,Pir,17.0,16.25,15.0,18.0,0.9
265,ZFM-02600,2021-08-26,c8f68575-e5a8-4960-a690-0149c5c4683f,Pir,16.0,16.41,15.0,18.0,1.1
266,ZFM-02600,2021-08-26,c8f68575-e5a8-4960-a690-0149c5c4683f,Pir,17.0,16.18,15.0,18.0,1.3000000000000003
267,ZFM-02600,2021-08-26,c8f68575-e5a8-4960-a690-0149c5c4683f,Pir,16.0,16.35,15.0,18.0,1.5
268,ZFM-02600,2021-08-26,c8f68575-e5a8-4960-a690-0149c5c4683f,Pir,16.0,16.49,15.0,18.0,1.7000000000000002
269,ZFM-02600,2021-08-26,c8f68575-e5a8-4960-a690-0149c5c4683f,Pir,15.0,16.4,15.0,18.0,1.9
270,ZFM-02600,2021-08-25,5b7e1b65-b844-4fe8-b19e-1c3175290a63,mPFC,19.0,17.08,15.0,19.0,-0.9
271,ZFM-02600,2021-08-25,5b7e1b65-b844-4fe8-b19e-1c3175290a63,mPFC,19.0,17.01,15.0,20.0,-0.7000000000000001
272,ZFM-02600,2021-08-25,5b7e1b65-b844-4fe8-b19e-1c3175290a63,mPFC,16.0,17.04,14.95,20.0,-0.5
273,ZFM-02600,2021-08-25,5b7e1b65-b844-4fe8-b19e-1c3175290a63,mPFC,16.0,16.94,15.0,19.0,-0.30000000000000004
274,ZFM-02600,2021-08-25,5b7e1b65-b844-4fe8-b19e-1c3175290a63,mPFC,17.0,17.01,15.0,19.0,-0.1
275,ZFM-02600,2021-08-25,5b7e1b65-b844-4fe8-b19e-1c3175290a63,mPFC,17.0,17.15,14.0,19.0,0.1
276,ZFM-02600,2021-08-25,5b7e1b65-b844-4fe8-b19e-1c3175290a63,mPFC,17.0,16.99,15.0,19.0,0.30000000000000004
277,ZFM-02600,2021-08-25,5b7e1b65-b844-4fe8-b19e-1c3175290a63,mPFC,15.0,16.82,15.0,19.0,0.5
278,ZFM-02600,2021-08-25,5b7e1b65-b844-4fe8-b19e-1c3175290a63,mPFC,17.0,16.8,15.0,19.0,0.7000000000000001
279,ZFM-02600,2021-08-25,5b7e1b65-b844-4fe8-b19e-1c3175290a63,mPFC,15.0,16.64,15.0,19.0,0.9
280,ZFM-02600,2021-08-25,5b7e1b65-b844-4fe8-b19e-1c3175290a63,mPFC,16.0,16.86,15.0,19.0,1.1
281,ZFM-02600,2021-08-25,5b7e1b65-b844-4fe8-b19e-1c3175290a63,mPFC,16.0,16.93,15.0,19.0,1.3000000000000003
282,ZFM-02600,2021-08-25,5b7e1b65-b844-4fe8-b19e-1c3175290a63,mPFC,17.0,17.09,15.0,19.0,1.5
283,ZFM-02600,2021-08-25,5b7e1b65-b844-4fe8-b19e-1c3175290a63,mPFC,15.0,16.99,15.0,19.0,1.7000000000000002
284,ZFM-02600,2021-08-25,5b7e1b65-b844-4fe8-b19e-1c3175290a63,mPFC,16.0,17.02,15.0,19.0,1.9
285,ZFM-02600,2021-08-25,5b7e1b65-b844-4fe8-b19e-1c3175290a63,ORB,17.0,16.25,14.0,18.0,-0.9
286,ZFM-02600,2021-08-25,5b7e1b65-b844-4fe8-b19e-1c3175290a63,ORB,17.0,15.96,13.95,17.0,-0.7000000000000001
287,ZFM-02600,2021-08-25,5b7e1b65-b844-4fe8-b19e-1c3175290a63,ORB,18.0,16.03,14.0,18.0,-0.5
288,ZFM-02600,2021-08-25,5b7e1b65-b844-4fe8-b19e-1c3175290a63,ORB,16.0,16.0,14.0,18.0,-0.30000000000000004
289,ZFM-02600,2021-08-25,5b7e1b65-b844-4fe8-b19e-1c3175290a63,ORB,16.0,15.69,13.0,18.0,-0.1
290,ZFM-02600,2021-08-25,5b7e1b65-b844-4fe8-b19e-1c3175290a63,ORB,16.0,15.89,13.0,18.0,0.1
291,ZFM-02600,2021-08-25,5b7e1b65-b844-4fe8-b19e-1c3175290a63,ORB,17.0,15.86,13.0,18.0,0.30000000000000004
292,ZFM-02600,2021-08-25,5b7e1b65-b844-4fe8-b19e-1c3175290a63,ORB,17.0,15.92,13.850000000000001,18.0,0.5
293,ZFM-02600,2021-08-25,5b7e1b65-b844-4fe8-b19e-1c3175290a63,ORB,16.0,15.84,13.0,18.0,0.7000000000000001
294,ZFM-02600,2021-08-25,5b7e1b65-b844-4fe8-b19e-1c3175290a63,ORB,16.0,15.98,13.0,18.0,0.9
295,ZFM-02600,2021-08-25,5b7e1b65-b844-4fe8-b19e-1c3175290a63,ORB,16.0,16.13,14.0,18.0,1.1
296,ZFM-02600,2021-08-25,5b7e1b65-b844-4fe8-b19e-1c3175290a63,ORB,13.0,15.82,13.95,18.0,1.3000000000000003
297,ZFM-02600,2021-08-25,5b7e1b65-b844-4fe8-b19e-1c3175290a63,ORB,10.0,15.73,11.95,18.0,1.5
298,ZFM-02600,2021-08-25,5b7e1b65-b844-4fe8-b19e-1c3175290a63,ORB,15.0,16.01,13.0,18.0,1.7000000000000002
299,ZFM-02600,2021-08-25,5b7e1b65-b844-4fe8-b19e-1c3175290a63,ORB,15.0,16.02,14.0,17.0,1.9
300,ZFM-02181,2021-07-16,91e629f5-f161-44e4-8dd0-15954c602f02,M2,20.0,15.97,13.0,18.0,-0.9
301,ZFM-02181,2021-07-16,91e629f5-f161-44e4-8dd0-15954c602f02,M2,19.0,15.99,13.0,18.0,-0.7000000000000001
302,ZFM-02181,2021-07-16,91e629f5-f161-44e4-8dd0-15954c602f02,M2,20.0,15.99,13.0,18.0,-0.5
303,ZFM-02181,2021-07-16,91e629f5-f161-44e4-8dd0-15954c602f02,M2,16.0,15.88,14.0,18.0,-0.30000000000000004
304,ZFM-02181,2021-07-16,91e629f5-f161-44e4-8dd0-15954c602f02,M2,18.0,16.09,13.0,18.0,-0.1
305,ZFM-02181,2021-07-16,91e629f5-f161-44e4-8dd0-15954c602f02,M2,20.0,16.06,13.0,18.0,0.1
306,ZFM-02181,2021-07-16,91e629f5-f161-44e4-8dd0-15954c602f02,M2,18.0,16.05,13.0,18.0,0.30000000000000004
307,ZFM-02181,2021-07-16,91e629f5-f161-44e4-8dd0-15954c602f02,M2,18.0,16.05,13.95,18.0,0.5
308,ZFM-02181,2021-07-16,91e629f5-f161-44e4-8dd0-15954c602f02,M2,18.0,15.98,13.95,18.0,0.7000000000000001
309,ZFM-02181,2021-07-16,91e629f5-f161-44e4-8dd0-15954c602f02,M2,19.0,16.13,13.0,18.0,0.9
310,ZFM-02181,2021-07-16,91e629f5-f161-44e4-8dd0-15954c602f02,M2,20.0,16.37,14.0,19.0,1.1
311,ZFM-02181,2021-07-16,91e629f5-f161-44e4-8dd0-15954c602f02,M2,18.0,16.15,13.0,18.0,1.3000000000000003
312,ZFM-02181,2021-07-16,91e629f5-f161-44e4-8dd0-15954c602f02,M2,14.0,15.94,13.0,18.0,1.5
313,ZFM-02181,2021-07-16,91e629f5-f161-44e4-8dd0-15954c602f02,M2,19.0,15.98,13.95,18.0,1.7000000000000002
314,ZFM-02181,2021-07-16,91e629f5-f161-44e4-8dd0-15954c602f02,M2,20.0,15.99,13.0,18.0,1.9
315,ZFM-02181,2021-07-14,299bf322-e039-4444-8f04-67fde247ae5e,M2,14.0,15.43,14.0,17.0,-0.9
316,ZFM-02181,2021-07-14,299bf322-e039-4444-8f04-67fde247ae5e,M2,13.0,15.58,14.0,17.0,-0.7000000000000001
317,ZFM-02181,2021-07-14,299bf322-e039-4444-8f04-67fde247ae5e,M2,12.0,15.31,13.0,17.0,-0.5
318,ZFM-02181,2021-07-14,299bf322-e039-4444-8f04-67fde247ae5e,M2,15.0,15.48,14.0,17.0,-0.30000000000000004
319,ZFM-02181,2021-07-14,299bf322-e039-4444-8f04-67fde247ae5e,M2,14.0,15.4,14.0,17.0,-0.1
320,ZFM-02181,2021-07-14,299bf322-e039-4444-8f04-67fde247ae5e,M2,16.0,15.35,13.0,17.0,0.1
321,ZFM-02181,2021-07-14,299bf322-e039-4444-8f04-67fde247ae5e,M2,16.0,15.38,13.0,17.0,0.30000000000000004
322,ZFM-02181,2021-07-14,299bf322-e039-4444-8f04-67fde247ae5e,M2,15.0,15.54,14.0,17.0,0.5
323,ZFM-02181,2021-07-14,299bf322-e039-4444-8f04-67fde247ae5e,M2,13.0,15.45,13.0,17.0,0.7000000000000001
324,ZFM-02181,2021-07-14,299bf322-e039-4444-8f04-67fde247ae5e,M2,13.0,15.37,14.0,17.0,0.9
325,ZFM-02181,2021-07-14,299bf322-e039-4444-8f04-67fde247ae5e,M2,15.0,15.47,13.95,17.0,1.1
326,ZFM-02181,2021-07-14,299bf322-e039-4444-8f04-67fde247ae5e,M2,16.0,15.45,14.0,17.0,1.3000000000000003
327,ZFM-02181,2021-07-14,299bf322-e039-4444-8f04-67fde247ae5e,M2,14.0,15.34,13.0,17.0,1.5
328,ZFM-02181,2021-07-14,299bf322-e039-4444-8f04-67fde247ae5e,M2,16.0,15.36,13.0,17.0,1.7000000000000002
329,ZFM-02181,2021-07-14,299bf322-e039-4444-8f04-67fde247ae5e,M2,15.0,15.4,13.0,17.0,1.9
330,ZFM-02181,2021-07-14,299bf322-e039-4444-8f04-67fde247ae5e,mPFC,16.0,17.17,15.95,19.0,-0.9
331,ZFM-02181,2021-07-14,299bf322-e039-4444-8f04-67fde247ae5e,mPFC,16.0,16.93,15.0,18.0,-0.7000000000000001
332,ZFM-02181,2021-07-14,299bf322-e039-4444-8f04-67fde247ae5e,mPFC,15.0,17.02,15.0,19.0,-0.5
333,ZFM-02181,2021-07-14,299bf322-e039-4444-8f04-67fde247ae5e,mPFC,16.0,16.88,15.0,18.049999999999997,-0.30000000000000004
334,ZFM-02181,2021-07-14,299bf322-e039-4444-8f04-67fde247ae5e,mPFC,17.0,17.16,15.95,19.0,-0.1
335,ZFM-02181,2021-07-14,299bf322-e039-4444-8f04-67fde247ae5e,mPFC,16.0,16.97,15.0,19.0,0.1
336,ZFM-02181,2021-07-14,299bf322-e039-4444-8f04-67fde247ae5e,mPFC,17.0,16.93,15.0,18.049999999999997,0.30000000000000004
337,ZFM-02181,2021-07-14,299bf322-e039-4444-8f04-67fde247ae5e,mPFC,16.0,17.14,15.0,19.0,0.5
338,ZFM-02181,2021-07-14,299bf322-e039-4444-8f04-67fde247ae5e,mPFC,17.0,17.16,16.0,19.0,0.7000000000000001
339,ZFM-02181,2021-07-14,299bf322-e039-4444-8f04-67fde247ae5e,mPFC,18.0,17.09,15.0,19.0,0.9
340,ZFM-02181,2021-07-14,299bf322-e039-4444-8f04-67fde247ae5e,mPFC,16.0,17.08,16.0,19.0,1.1
341,ZFM-02181,2021-07-14,299bf322-e039-4444-8f04-67fde247ae5e,mPFC,15.0,17.08,15.0,18.049999999999997,1.3000000000000003
342,ZFM-02181,2021-07-14,299bf322-e039-4444-8f04-67fde247ae5e,mPFC,16.0,17.18,15.0,19.0,1.5
343,ZFM-02181,2021-07-14,299bf322-e039-4444-8f04-67fde247ae5e,mPFC,16.0,17.06,15.0,19.0,1.7000000000000002
344,ZFM-02181,2021-07-14,299bf322-e039-4444-8f04-67fde247ae5e,mPFC,16.0,17.01,15.0,19.0,1.9
345,ZFM-02181,2021-07-14,299bf322-e039-4444-8f04-67fde247ae5e,ORB,21.0,21.48,19.0,23.0,-0.9
346,ZFM-02181,2021-07-14,299bf322-e039-4444-8f04-67fde247ae5e,ORB,21.0,21.15,19.0,23.0,-0.7000000000000001
347,ZFM-02181,2021-07-14,299bf322-e039-4444-8f04-67fde247ae5e,ORB,23.0,21.23,20.0,23.0,-0.5
348,ZFM-02181,2021-07-14,299bf322-e039-4444-8f04-67fde247ae5e,ORB,21.0,21.25,19.0,23.0,-0.30000000000000004
349,ZFM-02181,2021-07-14,299bf322-e039-4444-8f04-67fde247ae5e,ORB,21.0,21.19,19.0,23.0,-0.1
350,ZFM-02181,2021-07-14,299bf322-e039-4444-8f04-67fde247ae5e,ORB,21.0,21.28,19.0,23.0,0.1
351,ZFM-02181,2021-07-14,299bf322-e039-4444-8f04-67fde247ae5e,ORB,23.0,21.24,19.0,23.0,0.30000000000000004
352,ZFM-02181,2021-07-14,299bf322-e039-4444-8f04-67fde247ae5e,ORB,21.0,21.26,19.0,23.0,0.5
353,ZFM-02181,2021-07-14,299bf322-e039-4444-8f04-67fde247ae5e,ORB,22.0,21.4,19.95,23.0,0.7000000000000001
354,ZFM-02181,2021-07-14,299bf322-e039-4444-8f04-67fde247ae5e,ORB,21.0,21.18,19.0,23.0,0.9
355,ZFM-02181,2021-07-14,299bf322-e039-4444-8f04-67fde247ae5e,ORB,23.0,21.16,19.0,23.0,1.1
356,ZFM-02181,2021-07-14,299bf322-e039-4444-8f04-67fde247ae5e,ORB,22.0,21.02,19.0,23.0,1.3000000000000003
357,ZFM-02181,2021-07-14,299bf322-e039-4444-8f04-67fde247ae5e,ORB,20.0,21.16,19.0,23.049999999999997,1.5
358,ZFM-02181,2021-07-14,299bf322-e039-4444-8f04-67fde247ae5e,ORB,20.0,21.34,20.0,23.049999999999997,1.7000000000000002
359,ZFM-02181,2021-07-14,299bf322-e039-4444-8f04-67fde247ae5e,ORB,21.0,21.23,19.95,23.0,1.9
360,ZFM-02600,2021-08-25,5b7e1b65-b844-4fe8-b19e-1c3175290a63,Amyg,15.0,14.21,13.0,16.0,-0.9
361,ZFM-02600,2021-08-25,5b7e1b65-b844-4fe8-b19e-1c3175290a63,Amyg,16.0,14.18,13.0,16.0,-0.7000000000000001
362,ZFM-02600,2021-08-25,5b7e1b65-b844-4fe8-b19e-1c3175290a63,Amyg,15.0,14.0,12.0,15.049999999999997,-0.5
363,ZFM-02600,2021-08-25,5b7e1b65-b844-4fe8-b19e-1c3175290a63,Amyg,15.0,14.27,13.0,16.0,-0.30000000000000004
364,ZFM-02600,2021-08-25,5b7e1b65-b844-4fe8-b19e-1c3175290a63,Amyg,16.0,14.2,12.0,16.0,-0.1
365,ZFM-02600,2021-08-25,5b7e1b65-b844-4fe8-b19e-1c3175290a63,Amyg,13.0,14.18,13.0,16.0,0.1
366,ZFM-02600,2021-08-25,5b7e1b65-b844-4fe8-b19e-1c3175290a63,Amyg,13.0,14.28,13.0,16.0,0.30000000000000004
367,ZFM-02600,2021-08-25,5b7e1b65-b844-4fe8-b19e-1c3175290a63,Amyg,14.0,13.98,12.0,15.049999999999997,0.5
368,ZFM-02600,2021-08-25,5b7e1b65-b844-4fe8-b19e-1c3175290a63,Amyg,12.0,14.12,12.95,16.0,0.7000000000000001
369,ZFM-02600,2021-08-25,5b7e1b65-b844-4fe8-b19e-1c3175290a63,Amyg,13.0,14.1,12.95,16.0,0.9
370,ZFM-02600,2021-08-25,5b7e1b65-b844-4fe8-b19e-1c3175290a63,Amyg,14.0,14.05,12.0,15.0,1.1
371,ZFM-02600,2021-08-25,5b7e1b65-b844-4fe8-b19e-1c3175290a63,Amyg,16.0,14.23,13.0,16.0,1.3000000000000003
372,ZFM-02600,2021-08-25,5b7e1b65-b844-4fe8-b19e-1c3175290a63,Amyg,13.0,14.16,13.0,16.0,1.5
373,ZFM-02600,2021-08-25,5b7e1b65-b844-4fe8-b19e-1c3175290a63,Amyg,14.0,14.23,13.0,16.0,1.7000000000000002
374,ZFM-02600,2021-08-25,5b7e1b65-b844-4fe8-b19e-1c3175290a63,Amyg,13.0,14.11,12.95,16.0,1.9
375,ZFM-01802,2021-03-11,2cefe445-36a8-4d6a-95b0-1adb59b9edd4,Amyg,18.0,16.82,15.0,18.0,-0.9
376,ZFM-01802,2021-03-11,2cefe445-36a8-4d6a-95b0-1adb59b9edd4,Amyg,17.0,16.94,16.0,18.0,-0.7000000000000001
377,ZFM-01802,2021-03-11,2cefe445-36a8-4d6a-95b0-1adb59b9edd4,Amyg,18.0,17.01,15.95,19.0,-0.5
378,ZFM-01802,2021-03-11,2cefe445-36a8-4d6a-95b0-1adb59b9edd4,Amyg,19.0,17.0,16.0,18.0,-0.30000000000000004
379,ZFM-01802,2021-03-11,2cefe445-36a8-4d6a-95b0-1adb59b9edd4,Amyg,18.0,17.0,15.0,18.049999999999997,-0.1
380,ZFM-01802,2021-03-11,2cefe445-36a8-4d6a-95b0-1adb59b9edd4,Amyg,19.0,16.89,15.0,18.0,0.1
381,ZFM-01802,2021-03-11,2cefe445-36a8-4d6a-95b0-1adb59b9edd4,Amyg,17.0,16.94,15.0,18.049999999999997,0.30000000000000004
382,ZFM-01802,2021-03-11,2cefe445-36a8-4d6a-95b0-1adb59b9edd4,Amyg,17.0,16.95,16.0,18.0,0.5
383,ZFM-01802,2021-03-11,2cefe445-36a8-4d6a-95b0-1adb59b9edd4,Amyg,17.0,17.04,16.0,19.0,0.7000000000000001
384,ZFM-01802,2021-03-11,2cefe445-36a8-4d6a-95b0-1adb59b9edd4,Amyg,17.0,16.89,16.0,18.0,0.9
385,ZFM-01802,2021-03-11,2cefe445-36a8-4d6a-95b0-1adb59b9edd4,Amyg,16.0,16.9,15.0,19.0,1.1
386,ZFM-01802,2021-03-11,2cefe445-36a8-4d6a-95b0-1adb59b9edd4,Amyg,18.0,16.85,15.0,18.0,1.3000000000000003
387,ZFM-01802,2021-03-11,2cefe445-36a8-4d6a-95b0-1adb59b9edd4,Amyg,17.0,16.88,15.0,18.0,1.5
388,ZFM-01802,2021-03-11,2cefe445-36a8-4d6a-95b0-1adb59b9edd4,Amyg,18.0,16.92,16.0,18.0,1.7000000000000002
389,ZFM-01802,2021-03-11,2cefe445-36a8-4d6a-95b0-1adb59b9edd4,Amyg,18.0,16.96,15.95,18.0,1.9
390,ZFM-01802,2021-03-11,2cefe445-36a8-4d6a-95b0-1adb59b9edd4,Pir,14.0,12.81,10.95,15.0,-0.9
391,ZFM-01802,2021-03-11,2cefe445-36a8-4d6a-95b0-1adb59b9edd4,Pir,15.0,13.01,11.0,15.0,-0.7000000000000001
392,ZFM-01802,2021-03-11,2cefe445-36a8-4d6a-95b0-1adb59b9edd4,Pir,16.0,12.88,11.0,15.0,-0.5
393,ZFM-01802,2021-03-11,2cefe445-36a8-4d6a-95b0-1adb59b9edd4,Pir,16.0,12.97,11.0,15.0,-0.30000000000000004
394,ZFM-01802,2021-03-11,2cefe445-36a8-4d6a-95b0-1adb59b9edd4,Pir,14.0,13.03,11.0,15.0,-0.1
395,ZFM-01802,2021-03-11,2cefe445-36a8-4d6a-95b0-1adb59b9edd4,Pir,14.0,13.08,11.0,15.0,0.1
396,ZFM-01802,2021-03-11,2cefe445-36a8-4d6a-95b0-1adb59b9edd4,Pir,14.0,13.06,12.0,15.0,0.30000000000000004
397,ZFM-01802,2021-03-11,2cefe445-36a8-4d6a-95b0-1adb59b9edd4,Pir,12.0,12.99,11.0,15.0,0.5
398,ZFM-01802,2021-03-11,2cefe445-36a8-4d6a-95b0-1adb59b9edd4,Pir,14.0,12.94,11.0,15.0,0.7000000000000001
399,ZFM-01802,2021-03-11,2cefe445-36a8-4d6a-95b0-1adb59b9edd4,Pir,13.0,12.96,11.0,15.0,0.9
400,ZFM-01802,2021-03-11,2cefe445-36a8-4d6a-95b0-1adb59b9edd4,Pir,11.0,12.95,12.0,15.0,1.1
401,ZFM-01802,2021-03-11,2cefe445-36a8-4d6a-95b0-1adb59b9edd4,Pir,11.0,12.88,11.0,14.0,1.3000000000000003
402,ZFM-01802,2021-03-11,2cefe445-36a8-4d6a-95b0-1adb59b9edd4,Pir,10.0,12.86,11.0,15.0,1.5
403,ZFM-01802,2021-03-11,2cefe445-36a8-4d6a-95b0-1adb59b9edd4,Pir,13.0,12.77,11.0,15.0,1.7000000000000002
404,ZFM-01802,2021-03-11,2cefe445-36a8-4d6a-95b0-1adb59b9edd4,Pir,13.0,12.69,11.0,15.0,1.9
405,ZFM-02601,2021-11-16,53771a15-33be-4a62-a779-a8c609b742e2,Amyg,19.0,19.31,18.0,20.049999999999997,-0.9
406,ZFM-02601,2021-11-16,53771a15-33be-4a62-a779-a8c609b742e2,Amyg,19.0,19.41,18.0,21.0,-0.7000000000000001
407,ZFM-02601,2021-11-16,53771a15-33be-4a62-a779-a8c609b742e2,Amyg,19.0,19.35,18.0,20.049999999999997,-0.5
408,ZFM-02601,2021-11-16,53771a15-33be-4a62-a779-a8c609b742e2,Amyg,19.0,19.19,18.0,21.0,-0.30000000000000004
409,ZFM-02601,2021-11-16,53771a15-33be-4a62-a779-a8c609b742e2,Amyg,19.0,19.26,18.0,21.0,-0.1
410,ZFM-02601,2021-11-16,53771a15-33be-4a62-a779-a8c609b742e2,Amyg,20.0,19.27,18.0,21.0,0.1
411,ZFM-02601,2021-11-16,53771a15-33be-4a62-a779-a8c609b742e2,Amyg,17.0,19.36,18.0,21.0,0.30000000000000004
412,ZFM-02601,2021-11-16,53771a15-33be-4a62-a779-a8c609b742e2,Amyg,20.0,19.33,17.0,21.0,0.5
413,ZFM-02601,2021-11-16,53771a15-33be-4a62-a779-a8c609b742e2,Amyg,19.0,19.26,18.0,21.0,0.7000000000000001
414,ZFM-02601,2021-11-16,53771a15-33be-4a62-a779-a8c609b742e2,Amyg,19.0,19.31,18.0,21.0,0.9
415,ZFM-02601,2021-11-16,53771a15-33be-4a62-a779-a8c609b742e2,Amyg,19.0,19.38,18.0,21.0,1.1
416,ZFM-02601,2021-11-16,53771a15-33be-4a62-a779-a8c609b742e2,Amyg,19.0,19.23,18.0,21.0,1.3000000000000003
417,ZFM-02601,2021-11-16,53771a15-33be-4a62-a779-a8c609b742e2,Amyg,20.0,19.14,17.0,21.0,1.5
418,ZFM-02601,2021-11-16,53771a15-33be-4a62-a779-a8c609b742e2,Amyg,20.0,19.43,18.0,21.0,1.7000000000000002
419,ZFM-02601,2021-11-16,53771a15-33be-4a62-a779-a8c609b742e2,Amyg,20.0,19.55,18.0,21.0,1.9
420,ZFM-02181,2021-07-14,299bf322-e039-4444-8f04-67fde247ae5e,Amyg,14.0,14.68,13.0,16.0,-0.9
421,ZFM-02181,2021-07-14,299bf322-e039-4444-8f04-67fde247ae5e,Amyg,15.0,14.69,13.0,16.0,-0.7000000000000001
422,ZFM-02181,2021-07-14,299bf322-e039-4444-8f04-67fde247ae5e,Amyg,16.0,14.76,13.0,16.0,-0.5
423,ZFM-02181,2021-07-14,299bf322-e039-4444-8f04-67fde247ae5e,Amyg,14.0,14.74,13.0,16.0,-0.30000000000000004
424,ZFM-02181,2021-07-14,299bf322-e039-4444-8f04-67fde247ae5e,Amyg,15.0,14.68,13.0,16.0,-0.1
425,ZFM-02181,2021-07-14,299bf322-e039-4444-8f04-67fde247ae5e,Amyg,16.0,14.7,13.0,16.0,0.1
426,ZFM-02181,2021-07-14,299bf322-e039-4444-8f04-67fde247ae5e,Amyg,15.0,14.74,14.0,16.0,0.30000000000000004
427,ZFM-02181,2021-07-14,299bf322-e039-4444-8f04-67fde247ae5e,Amyg,16.0,14.73,13.0,16.0,0.5
428,ZFM-02181,2021-07-14,299bf322-e039-4444-8f04-67fde247ae5e,Amyg,14.0,14.64,13.0,16.0,0.7000000000000001
429,ZFM-02181,2021-07-14,299bf322-e039-4444-8f04-67fde247ae5e,Amyg,14.0,14.68,13.0,16.0,0.9
430,ZFM-02181,2021-07-14,299bf322-e039-4444-8f04-67fde247ae5e,Amyg,13.0,14.65,13.0,16.0,1.1
431,ZFM-02181,2021-07-14,299bf322-e039-4444-8f04-67fde247ae5e,Amyg,15.0,14.72,13.95,16.0,1.3000000000000003
432,ZFM-02181,2021-07-14,299bf322-e039-4444-8f04-67fde247ae5e,Amyg,13.0,14.57,13.0,16.0,1.5
433,ZFM-02181,2021-07-14,299bf322-e039-4444-8f04-67fde247ae5e,Amyg,16.0,14.64,13.0,16.0,1.7000000000000002
434,ZFM-02181,2021-07-14,299bf322-e039-4444-8f04-67fde247ae5e,Amyg,14.0,14.6,13.0,16.0,1.9
