,diameter,baseline_subtracted,time,subject,expression,eid
0,69.06056268281064,3.0254776483098205,-0.5,ZFM-02181,0,299bf322-e039-4444-8f04-67fde247ae5e
1,67.52915899161268,1.494073957111843,-0.4,ZFM-02181,0,299bf322-e039-4444-8f04-67fde247ae5e
2,64.90818509951878,-0.0713843661399569,-0.30000000000000004,ZFM-02181,0,299bf322-e039-4444-8f04-67fde247ae5e
3,64.11213012466537,-0.8674393409933557,-0.20000000000000007,ZFM-02181,0,299bf322-e039-4444-8f04-67fde247ae5e
4,63.706375828376316,-1.27319363728242,-0.10000000000000009,ZFM-02181,0,299bf322-e039-4444-8f04-67fde247ae5e
5,64.09713067549896,-0.8824387901597746,-1.1102230246251565e-16,ZFM-02181,0,299bf322-e039-4444-8f04-67fde247ae5e
6,64.84338483760764,-0.13618462805109216,0.09999999999999987,ZFM-02181,0,299bf322-e039-4444-8f04-67fde247ae5e
7,65.80328897428973,0.823719508630994,0.19999999999999984,ZFM-02181,0,299bf322-e039-4444-8f04-67fde247ae5e
8,66.72125435463208,1.7416848889733514,0.2999999999999998,ZFM-02181,0,299bf322-e039-4444-8f04-67fde247ae5e
9,66.76882729639149,1.7892578307327531,0.3999999999999998,ZFM-02181,0,299bf322-e039-4444-8f04-67fde247ae5e
10,66.33264025412417,1.3530707884654396,0.4999999999999998,ZFM-02181,0,299bf322-e039-4444-8f04-67fde247ae5e
11,65.90353531123557,0.9239658455768403,0.5999999999999996,ZFM-02181,0,299bf322-e039-4444-8f04-67fde247ae5e
12,65.77730447182529,0.7977350061665452,0.6999999999999997,ZFM-02181,0,299bf322-e039-4444-8f04-67fde247ae5e
13,66.19561482984385,1.2160453641851214,0.7999999999999998,ZFM-02181,0,299bf322-e039-4444-8f04-67fde247ae5e
14,67.08062469533492,2.1010552296761853,0.8999999999999997,ZFM-02181,0,299bf322-e039-4444-8f04-67fde247ae5e
15,68.22482307605159,3.2452536103928513,0.9999999999999996,ZFM-02181,0,299bf322-e039-4444-8f04-67fde247ae5e
16,68.73139228933191,3.7518228236731717,1.0999999999999996,ZFM-02181,0,299bf322-e039-4444-8f04-67fde247ae5e
17,68.82929329789403,3.8497238322352905,1.1999999999999997,ZFM-02181,0,299bf322-e039-4444-8f04-67fde247ae5e
18,66.72064671589435,3.3213067149759046,1.2999999999999996,ZFM-02181,0,299bf322-e039-4444-8f04-67fde247ae5e
19,65.79385247487589,2.388486418816729,1.3999999999999995,ZFM-02181,0,299bf322-e039-4444-8f04-67fde247ae5e
20,65.05679836067117,1.6506656080717066,1.4999999999999996,ZFM-02181,0,299bf322-e039-4444-8f04-67fde247ae5e
21,64.73099961643749,1.3323009156711032,1.5999999999999996,ZFM-02181,0,299bf322-e039-4444-8f04-67fde247ae5e
22,66.20156870716433,1.8747550046387325,1.6999999999999993,ZFM-02181,0,299bf322-e039-4444-8f04-67fde247ae5e
23,66.31657091740118,2.0202455898396465,1.7999999999999994,ZFM-02181,0,299bf322-e039-4444-8f04-67fde247ae5e
24,66.6180901673299,2.3225545563509837,1.8999999999999995,ZFM-02181,0,299bf322-e039-4444-8f04-67fde247ae5e
25,66.86782392995627,2.575068112908041,1.9999999999999996,ZFM-02181,0,299bf322-e039-4444-8f04-67fde247ae5e
26,68.53593340821655,4.027870761951774,2.0999999999999996,ZFM-02181,0,299bf322-e039-4444-8f04-67fde247ae5e
27,69.0541573563099,4.558921540249788,2.1999999999999993,ZFM-02181,0,299bf322-e039-4444-8f04-67fde247ae5e
28,69.47922317876639,4.993223939035817,2.2999999999999994,ZFM-02181,0,299bf322-e039-4444-8f04-67fde247ae5e
29,69.95214140173742,5.486078201544065,2.3999999999999995,ZFM-02181,0,299bf322-e039-4444-8f04-67fde247ae5e
30,70.2552571126015,5.742415532139386,2.499999999999999,ZFM-02181,0,299bf322-e039-4444-8f04-67fde247ae5e
31,70.69095326812892,6.111695829746024,2.599999999999999,ZFM-02181,0,299bf322-e039-4444-8f04-67fde247ae5e
32,70.67058935909759,6.024010462193194,2.6999999999999993,ZFM-02181,0,299bf322-e039-4444-8f04-67fde247ae5e
33,70.72857052341882,6.047235677688455,2.7999999999999994,ZFM-02181,0,299bf322-e039-4444-8f04-67fde247ae5e
34,70.9178821394963,6.225251422794996,2.8999999999999995,ZFM-02181,0,299bf322-e039-4444-8f04-67fde247ae5e
35,70.79483830343489,6.104985586010185,2.999999999999999,ZFM-02181,0,299bf322-e039-4444-8f04-67fde247ae5e
36,70.76946316782825,6.128721197949209,3.099999999999999,ZFM-02181,0,299bf322-e039-4444-8f04-67fde247ae5e
37,70.94531612151494,6.373558471920388,3.1999999999999993,ZFM-02181,0,299bf322-e039-4444-8f04-67fde247ae5e
38,71.16179756816645,6.656749487827164,3.299999999999999,ZFM-02181,0,299bf322-e039-4444-8f04-67fde247ae5e
39,70.96607260750385,6.4835109267227455,3.399999999999999,ZFM-02181,0,299bf322-e039-4444-8f04-67fde247ae5e
40,70.08558313832886,5.603418640176029,3.499999999999999,ZFM-02181,0,299bf322-e039-4444-8f04-67fde247ae5e
41,68.7727527800203,4.293308303851766,3.5999999999999988,ZFM-02181,0,299bf322-e039-4444-8f04-67fde247ae5e
42,66.08601264390214,1.8227406435089153,3.6999999999999993,ZFM-02181,0,299bf322-e039-4444-8f04-67fde247ae5e
43,65.25915095087076,0.9752842661252475,3.799999999999999,ZFM-02181,0,299bf322-e039-4444-8f04-67fde247ae5e
44,64.78780517338518,0.48438930490307264,3.8999999999999986,ZFM-02181,0,299bf322-e039-4444-8f04-67fde247ae5e
45,64.9692094699444,0.6744199719007076,3.999999999999999,ZFM-02181,0,299bf322-e039-4444-8f04-67fde247ae5e
46,68.19085575359651,0.2694727075358158,-0.5,ZFM-02181,0,91e629f5-f161-44e4-8dd0-15954c602f02
47,68.56489071156098,0.6435076655002886,-0.4,ZFM-02181,0,91e629f5-f161-44e4-8dd0-15954c602f02
48,68.07924871772327,0.3417039466299551,-0.30000000000000004,ZFM-02181,0,91e629f5-f161-44e4-8dd0-15954c602f02
49,67.64818596011541,-0.08935881097790208,-0.20000000000000007,ZFM-02181,0,91e629f5-f161-44e4-8dd0-15954c602f02
50,67.10768787989709,-0.6298568911962255,-0.10000000000000009,ZFM-02181,0,91e629f5-f161-44e4-8dd0-15954c602f02
51,66.68273644794196,-1.054808323151355,-1.1102230246251565e-16,ZFM-02181,0,91e629f5-f161-44e4-8dd0-15954c602f02
52,66.50782421223633,-1.2297205588569857,0.09999999999999987,ZFM-02181,0,91e629f5-f161-44e4-8dd0-15954c602f02
53,66.14634186123968,-1.5912029098536347,0.19999999999999984,ZFM-02181,0,91e629f5-f161-44e4-8dd0-15954c602f02
54,66.10419736771615,-1.6333474033771653,0.2999999999999998,ZFM-02181,0,91e629f5-f161-44e4-8dd0-15954c602f02
55,65.9735028346278,-1.764041936465524,0.3999999999999998,ZFM-02181,0,91e629f5-f161-44e4-8dd0-15954c602f02
56,66.06107382676564,-1.6764709443276844,0.4999999999999998,ZFM-02181,0,91e629f5-f161-44e4-8dd0-15954c602f02
57,65.84283294376812,-1.8947118273251993,0.5999999999999996,ZFM-02181,0,91e629f5-f161-44e4-8dd0-15954c602f02
58,65.81608105801448,-1.9214637130788494,0.6999999999999997,ZFM-02181,0,91e629f5-f161-44e4-8dd0-15954c602f02
59,65.79809614853073,-1.9394486225625913,0.7999999999999998,ZFM-02181,0,91e629f5-f161-44e4-8dd0-15954c602f02
60,65.60258251920561,-2.1349622518877074,0.8999999999999997,ZFM-02181,0,91e629f5-f161-44e4-8dd0-15954c602f02
61,65.31307864354514,-2.424466127548172,0.9999999999999996,ZFM-02181,0,91e629f5-f161-44e4-8dd0-15954c602f02
62,64.94638871052297,-2.7911560605703523,1.0999999999999996,ZFM-02181,0,91e629f5-f161-44e4-8dd0-15954c602f02
63,64.78831086555994,-2.9492339055333754,1.1999999999999997,ZFM-02181,0,91e629f5-f161-44e4-8dd0-15954c602f02
64,64.82108701053338,-2.9164577605599513,1.2999999999999996,ZFM-02181,0,91e629f5-f161-44e4-8dd0-15954c602f02
65,65.05659790020994,-2.680946870883381,1.3999999999999995,ZFM-02181,0,91e629f5-f161-44e4-8dd0-15954c602f02
66,65.4439663533142,-2.2935784177791203,1.4999999999999996,ZFM-02181,0,91e629f5-f161-44e4-8dd0-15954c602f02
67,65.81503151013884,-1.9225132609544857,1.5999999999999996,ZFM-02181,0,91e629f5-f161-44e4-8dd0-15954c602f02
68,66.01938937962058,-1.7181553914727512,1.6999999999999993,ZFM-02181,0,91e629f5-f161-44e4-8dd0-15954c602f02
69,65.77036813709502,-1.9671766339983001,1.7999999999999994,ZFM-02181,0,91e629f5-f161-44e4-8dd0-15954c602f02
70,65.64883053027576,-2.0887142408175574,1.8999999999999995,ZFM-02181,0,91e629f5-f161-44e4-8dd0-15954c602f02
71,65.98985425876548,-2.8614596665154894,1.9999999999999996,ZFM-02181,0,91e629f5-f161-44e4-8dd0-15954c602f02
72,66.11941640612852,-2.7318975191524486,2.0999999999999996,ZFM-02181,0,91e629f5-f161-44e4-8dd0-15954c602f02
73,66.28294847133483,-2.5683654539461336,2.1999999999999993,ZFM-02181,0,91e629f5-f161-44e4-8dd0-15954c602f02
74,66.33718578798648,-2.5141281372944886,2.2999999999999994,ZFM-02181,0,91e629f5-f161-44e4-8dd0-15954c602f02
75,66.32429846668691,-2.527015458594061,2.3999999999999995,ZFM-02181,0,91e629f5-f161-44e4-8dd0-15954c602f02
76,66.4849732643717,-2.366340660909269,2.499999999999999,ZFM-02181,0,91e629f5-f161-44e4-8dd0-15954c602f02
77,66.55071378699371,-2.3006001382872703,2.599999999999999,ZFM-02181,0,91e629f5-f161-44e4-8dd0-15954c602f02
78,66.28410812102652,-2.7189774971797425,2.6999999999999993,ZFM-02181,0,91e629f5-f161-44e4-8dd0-15954c602f02
79,65.95090521533747,-3.0521804028687898,2.7999999999999994,ZFM-02181,0,91e629f5-f161-44e4-8dd0-15954c602f02
80,65.68863170497576,-3.314453913230497,2.8999999999999995,ZFM-02181,0,91e629f5-f161-44e4-8dd0-15954c602f02
81,65.4101186565298,-3.5929669616764564,2.999999999999999,ZFM-02181,0,91e629f5-f161-44e4-8dd0-15954c602f02
82,65.39126520804979,-3.6118204101564775,3.099999999999999,ZFM-02181,0,91e629f5-f161-44e4-8dd0-15954c602f02
83,65.43349276648186,-3.5695928517244147,3.1999999999999993,ZFM-02181,0,91e629f5-f161-44e4-8dd0-15954c602f02
84,65.57057817180969,-3.432507446396581,3.299999999999999,ZFM-02181,0,91e629f5-f161-44e4-8dd0-15954c602f02
85,66.18720985346904,-1.7341731925916504,3.399999999999999,ZFM-02181,0,91e629f5-f161-44e4-8dd0-15954c602f02
86,66.643575831602,-1.2778072144586914,3.499999999999999,ZFM-02181,0,91e629f5-f161-44e4-8dd0-15954c602f02
87,66.85759327193696,-1.063789774123736,3.5999999999999988,ZFM-02181,0,91e629f5-f161-44e4-8dd0-15954c602f02
88,66.42091902640105,-2.582166591805211,3.6999999999999993,ZFM-02181,0,91e629f5-f161-44e4-8dd0-15954c602f02
89,66.08482518499862,-2.9182604332076454,3.799999999999999,ZFM-02181,0,91e629f5-f161-44e4-8dd0-15954c602f02
90,65.61866993822254,-3.3844156799837295,3.8999999999999986,ZFM-02181,0,91e629f5-f161-44e4-8dd0-15954c602f02
91,65.40361238527724,-3.5994732329290247,3.999999999999999,ZFM-02181,0,91e629f5-f161-44e4-8dd0-15954c602f02
92,,,-0.5,ZFM-02600,1,0d24afce-9d3c-449e-ac9f-577eefefbd7e
93,,,-0.4,ZFM-02600,1,0d24afce-9d3c-449e-ac9f-577eefefbd7e
94,,,-0.30000000000000004,ZFM-02600,1,0d24afce-9d3c-449e-ac9f-577eefefbd7e
95,,,-0.20000000000000007,ZFM-02600,1,0d24afce-9d3c-449e-ac9f-577eefefbd7e
96,,,-0.10000000000000009,ZFM-02600,1,0d24afce-9d3c-449e-ac9f-577eefefbd7e
97,,,-1.1102230246251565e-16,ZFM-02600,1,0d24afce-9d3c-449e-ac9f-577eefefbd7e
98,,,0.09999999999999987,ZFM-02600,1,0d24afce-9d3c-449e-ac9f-577eefefbd7e
99,,,0.19999999999999984,ZFM-02600,1,0d24afce-9d3c-449e-ac9f-577eefefbd7e
100,,,0.2999999999999998,ZFM-02600,1,0d24afce-9d3c-449e-ac9f-577eefefbd7e
101,,,0.3999999999999998,ZFM-02600,1,0d24afce-9d3c-449e-ac9f-577eefefbd7e
102,,,0.4999999999999998,ZFM-02600,1,0d24afce-9d3c-449e-ac9f-577eefefbd7e
103,,,0.5999999999999996,ZFM-02600,1,0d24afce-9d3c-449e-ac9f-577eefefbd7e
104,,,0.6999999999999997,ZFM-02600,1,0d24afce-9d3c-449e-ac9f-577eefefbd7e
105,,,0.7999999999999998,ZFM-02600,1,0d24afce-9d3c-449e-ac9f-577eefefbd7e
106,,,0.8999999999999997,ZFM-02600,1,0d24afce-9d3c-449e-ac9f-577eefefbd7e
107,,,0.9999999999999996,ZFM-02600,1,0d24afce-9d3c-449e-ac9f-577eefefbd7e
108,,,1.0999999999999996,ZFM-02600,1,0d24afce-9d3c-449e-ac9f-577eefefbd7e
109,,,1.1999999999999997,ZFM-02600,1,0d24afce-9d3c-449e-ac9f-577eefefbd7e
110,,,1.2999999999999996,ZFM-02600,1,0d24afce-9d3c-449e-ac9f-577eefefbd7e
111,,,1.3999999999999995,ZFM-02600,1,0d24afce-9d3c-449e-ac9f-577eefefbd7e
112,,,1.4999999999999996,ZFM-02600,1,0d24afce-9d3c-449e-ac9f-577eefefbd7e
113,,,1.5999999999999996,ZFM-02600,1,0d24afce-9d3c-449e-ac9f-577eefefbd7e
114,,,1.6999999999999993,ZFM-02600,1,0d24afce-9d3c-449e-ac9f-577eefefbd7e
115,,,1.7999999999999994,ZFM-02600,1,0d24afce-9d3c-449e-ac9f-577eefefbd7e
116,,,1.8999999999999995,ZFM-02600,1,0d24afce-9d3c-449e-ac9f-577eefefbd7e
117,,,1.9999999999999996,ZFM-02600,1,0d24afce-9d3c-449e-ac9f-577eefefbd7e
118,,,2.0999999999999996,ZFM-02600,1,0d24afce-9d3c-449e-ac9f-577eefefbd7e
119,,,2.1999999999999993,ZFM-02600,1,0d24afce-9d3c-449e-ac9f-577eefefbd7e
120,,,2.2999999999999994,ZFM-02600,1,0d24afce-9d3c-449e-ac9f-577eefefbd7e
121,,,2.3999999999999995,ZFM-02600,1,0d24afce-9d3c-449e-ac9f-577eefefbd7e
122,,,2.499999999999999,ZFM-02600,1,0d24afce-9d3c-449e-ac9f-577eefefbd7e
123,,,2.599999999999999,ZFM-02600,1,0d24afce-9d3c-449e-ac9f-577eefefbd7e
124,,,2.6999999999999993,ZFM-02600,1,0d24afce-9d3c-449e-ac9f-577eefefbd7e
125,,,2.7999999999999994,ZFM-02600,1,0d24afce-9d3c-449e-ac9f-577eefefbd7e
126,,,2.8999999999999995,ZFM-02600,1,0d24afce-9d3c-449e-ac9f-577eefefbd7e
127,,,2.999999999999999,ZFM-02600,1,0d24afce-9d3c-449e-ac9f-577eefefbd7e
128,,,3.099999999999999,ZFM-02600,1,0d24afce-9d3c-449e-ac9f-577eefefbd7e
129,,,3.1999999999999993,ZFM-02600,1,0d24afce-9d3c-449e-ac9f-577eefefbd7e
130,,,3.299999999999999,ZFM-02600,1,0d24afce-9d3c-449e-ac9f-577eefefbd7e
131,,,3.399999999999999,ZFM-02600,1,0d24afce-9d3c-449e-ac9f-577eefefbd7e
132,,,3.499999999999999,ZFM-02600,1,0d24afce-9d3c-449e-ac9f-577eefefbd7e
133,,,3.5999999999999988,ZFM-02600,1,0d24afce-9d3c-449e-ac9f-577eefefbd7e
134,,,3.6999999999999993,ZFM-02600,1,0d24afce-9d3c-449e-ac9f-577eefefbd7e
135,,,3.799999999999999,ZFM-02600,1,0d24afce-9d3c-449e-ac9f-577eefefbd7e
136,,,3.8999999999999986,ZFM-02600,1,0d24afce-9d3c-449e-ac9f-577eefefbd7e
137,,,3.999999999999999,ZFM-02600,1,0d24afce-9d3c-449e-ac9f-577eefefbd7e
138,59.565397630119875,0.9715834649521115,-0.5,ZFM-02600,1,5b7e1b65-b844-4fe8-b19e-1c3175290a63
139,59.268437398663124,0.6746232334953627,-0.4,ZFM-02600,1,5b7e1b65-b844-4fe8-b19e-1c3175290a63
140,58.9472893822223,0.3534752170545415,-0.30000000000000004,ZFM-02600,1,5b7e1b65-b844-4fe8-b19e-1c3175290a63
141,58.441137342325135,-0.1526768228426232,-0.20000000000000007,ZFM-02600,1,5b7e1b65-b844-4fe8-b19e-1c3175290a63
142,57.857923439501114,-0.7358907256666501,-0.10000000000000009,ZFM-02600,1,5b7e1b65-b844-4fe8-b19e-1c3175290a63
143,57.359960402829465,-1.2338537623382972,-1.1102230246251565e-16,ZFM-02600,1,5b7e1b65-b844-4fe8-b19e-1c3175290a63
144,57.00298759441191,-1.5908265707558513,0.09999999999999987,ZFM-02600,1,5b7e1b65-b844-4fe8-b19e-1c3175290a63
145,56.78254269537309,-1.8112714697946755,0.19999999999999984,ZFM-02600,1,5b7e1b65-b844-4fe8-b19e-1c3175290a63
146,56.36410380868035,-2.2297103564874146,0.2999999999999998,ZFM-02600,1,5b7e1b65-b844-4fe8-b19e-1c3175290a63
147,56.03045875246513,-2.563355412702628,0.3999999999999998,ZFM-02600,1,5b7e1b65-b844-4fe8-b19e-1c3175290a63
148,56.06236061892679,-2.531453546240972,0.4999999999999998,ZFM-02600,1,5b7e1b65-b844-4fe8-b19e-1c3175290a63
149,56.34567845594603,-2.248135709221729,0.5999999999999996,ZFM-02600,1,5b7e1b65-b844-4fe8-b19e-1c3175290a63
150,56.966145031020105,-1.6276691341476612,0.6999999999999997,ZFM-02600,1,5b7e1b65-b844-4fe8-b19e-1c3175290a63
151,57.864225818297804,-0.7295883468699608,0.7999999999999998,ZFM-02600,1,5b7e1b65-b844-4fe8-b19e-1c3175290a63
152,59.62841483304495,1.0346006678771904,0.8999999999999997,ZFM-02600,1,5b7e1b65-b844-4fe8-b19e-1c3175290a63
153,61.456974716868196,2.8631605517004277,0.9999999999999996,ZFM-02600,1,5b7e1b65-b844-4fe8-b19e-1c3175290a63
154,63.23899444274143,4.645180277573663,1.0999999999999996,ZFM-02600,1,5b7e1b65-b844-4fe8-b19e-1c3175290a63
155,64.4142796463484,5.820465481180643,1.1999999999999997,ZFM-02600,1,5b7e1b65-b844-4fe8-b19e-1c3175290a63
156,64.59174067167083,5.997926506503071,1.2999999999999996,ZFM-02600,1,5b7e1b65-b844-4fe8-b19e-1c3175290a63
157,63.9872089707646,5.39339480559684,1.3999999999999995,ZFM-02600,1,5b7e1b65-b844-4fe8-b19e-1c3175290a63
158,62.78858706243625,4.194772897268491,1.4999999999999996,ZFM-02600,1,5b7e1b65-b844-4fe8-b19e-1c3175290a63
159,61.56070241829911,2.9668882531313465,1.5999999999999996,ZFM-02600,1,5b7e1b65-b844-4fe8-b19e-1c3175290a63
160,60.40925576051234,1.8154415953445757,1.6999999999999993,ZFM-02600,1,5b7e1b65-b844-4fe8-b19e-1c3175290a63
161,59.38359411853103,0.7897799533632635,1.7999999999999994,ZFM-02600,1,5b7e1b65-b844-4fe8-b19e-1c3175290a63
162,58.76888944997006,0.17507528480229834,1.8999999999999995,ZFM-02600,1,5b7e1b65-b844-4fe8-b19e-1c3175290a63
163,58.21136911836445,-0.3824450468033162,1.9999999999999996,ZFM-02600,1,5b7e1b65-b844-4fe8-b19e-1c3175290a63
164,58.044897935123366,-0.5489162300443949,2.0999999999999996,ZFM-02600,1,5b7e1b65-b844-4fe8-b19e-1c3175290a63
165,58.03411612480365,-0.5596980403641062,2.1999999999999993,ZFM-02600,1,5b7e1b65-b844-4fe8-b19e-1c3175290a63
166,58.30147121060135,-0.2923429545664084,2.2999999999999994,ZFM-02600,1,5b7e1b65-b844-4fe8-b19e-1c3175290a63
167,58.70061515083334,0.10680098566558195,2.3999999999999995,ZFM-02600,1,5b7e1b65-b844-4fe8-b19e-1c3175290a63
168,59.51054949391086,0.916735328743102,2.499999999999999,ZFM-02600,1,5b7e1b65-b844-4fe8-b19e-1c3175290a63
169,60.269057742627936,1.6752435774601755,2.599999999999999,ZFM-02600,1,5b7e1b65-b844-4fe8-b19e-1c3175290a63
170,61.094096067360354,2.5002819021925973,2.6999999999999993,ZFM-02600,1,5b7e1b65-b844-4fe8-b19e-1c3175290a63
171,62.52272339103658,4.0387571534778655,2.7999999999999994,ZFM-02600,1,5b7e1b65-b844-4fe8-b19e-1c3175290a63
172,63.06887754418618,4.584911306627466,2.8999999999999995,ZFM-02600,1,5b7e1b65-b844-4fe8-b19e-1c3175290a63
173,62.858907479354784,4.374941241796065,2.999999999999999,ZFM-02600,1,5b7e1b65-b844-4fe8-b19e-1c3175290a63
174,62.462368544859174,3.9784023073004566,3.099999999999999,ZFM-02600,1,5b7e1b65-b844-4fe8-b19e-1c3175290a63
175,62.27341027766819,3.789444040109468,3.1999999999999993,ZFM-02600,1,5b7e1b65-b844-4fe8-b19e-1c3175290a63
176,62.30659475860442,3.822628521045695,3.299999999999999,ZFM-02600,1,5b7e1b65-b844-4fe8-b19e-1c3175290a63
177,62.11174946741998,3.6277832298612647,3.399999999999999,ZFM-02600,1,5b7e1b65-b844-4fe8-b19e-1c3175290a63
178,61.6426263008838,3.1586600633250845,3.499999999999999,ZFM-02600,1,5b7e1b65-b844-4fe8-b19e-1c3175290a63
179,61.644481601868875,3.1605153643101507,3.5999999999999988,ZFM-02600,1,5b7e1b65-b844-4fe8-b19e-1c3175290a63
180,61.31604449412939,2.832078256570671,3.6999999999999993,ZFM-02600,1,5b7e1b65-b844-4fe8-b19e-1c3175290a63
181,60.81038851329975,2.3264222757410304,3.799999999999999,ZFM-02600,1,5b7e1b65-b844-4fe8-b19e-1c3175290a63
182,60.03526298658302,1.5512967490243,3.8999999999999986,ZFM-02600,1,5b7e1b65-b844-4fe8-b19e-1c3175290a63
183,59.33802737923311,0.85406114167439,3.999999999999999,ZFM-02600,1,5b7e1b65-b844-4fe8-b19e-1c3175290a63
184,28.902716894922495,2.0057529312484204,-0.5,ZFM-02600,1,865496ae-3206-4974-af44-2cff2f7023f2
185,28.639265165016255,1.7423012013421828,-0.4,ZFM-02600,1,865496ae-3206-4974-af44-2cff2f7023f2
186,27.826234144607994,0.9292701809339203,-0.30000000000000004,ZFM-02600,1,865496ae-3206-4974-af44-2cff2f7023f2
187,26.465094956052624,-0.43186900762145164,-0.20000000000000007,ZFM-02600,1,865496ae-3206-4974-af44-2cff2f7023f2
188,25.167215457970784,-1.7297485057032895,-0.10000000000000009,ZFM-02600,1,865496ae-3206-4974-af44-2cff2f7023f2
189,23.512032275577884,-3.3849316880961924,-1.1102230246251565e-16,ZFM-02600,1,865496ae-3206-4974-af44-2cff2f7023f2
190,22.134638231084033,-4.762325732590044,0.09999999999999987,ZFM-02600,1,865496ae-3206-4974-af44-2cff2f7023f2
191,21.254041160425736,-5.642922803248338,0.19999999999999984,ZFM-02600,1,865496ae-3206-4974-af44-2cff2f7023f2
192,21.50813518252953,-5.3888287811445466,0.2999999999999998,ZFM-02600,1,865496ae-3206-4974-af44-2cff2f7023f2
193,21.39923184258706,-4.683480802216939,0.3999999999999998,ZFM-02600,1,865496ae-3206-4974-af44-2cff2f7023f2
194,23.8076999462564,-1.0424975544576551,0.4999999999999998,ZFM-02600,1,865496ae-3206-4974-af44-2cff2f7023f2
195,25.60203178999498,0.8892880281072119,0.5999999999999996,ZFM-02600,1,865496ae-3206-4974-af44-2cff2f7023f2
196,27.32488327427815,2.6687581149313595,0.6999999999999997,ZFM-02600,1,865496ae-3206-4974-af44-2cff2f7023f2
197,28.54422642032859,3.898926802044619,0.7999999999999998,ZFM-02600,1,865496ae-3206-4974-af44-2cff2f7023f2
198,28.7526296146214,4.036571586174601,0.8999999999999997,ZFM-02600,1,865496ae-3206-4974-af44-2cff2f7023f2
199,28.42804373672537,3.4940174629024066,0.9999999999999996,ZFM-02600,1,865496ae-3206-4974-af44-2cff2f7023f2
200,27.796919894177826,2.637952933363096,1.0999999999999996,ZFM-02600,1,865496ae-3206-4974-af44-2cff2f7023f2
201,26.875034680051044,1.4013419148471227,1.1999999999999997,ZFM-02600,1,865496ae-3206-4974-af44-2cff2f7023f2
202,25.626172514677705,-0.15088448843980623,1.2999999999999996,ZFM-02600,1,865496ae-3206-4974-af44-2cff2f7023f2
203,24.034873756986944,-1.9354485937983368,1.3999999999999995,ZFM-02600,1,865496ae-3206-4974-af44-2cff2f7023f2
204,22.756788503598553,-3.3845668125078228,1.4999999999999996,ZFM-02600,1,865496ae-3206-4974-af44-2cff2f7023f2
205,21.992571229425643,-4.163244057608825,1.5999999999999996,ZFM-02600,1,865496ae-3206-4974-af44-2cff2f7023f2
206,21.92867612228531,-4.777298744961785,1.6999999999999993,ZFM-02600,1,865496ae-3206-4974-af44-2cff2f7023f2
207,22.108477140691022,-4.6799253833594445,1.7999999999999994,ZFM-02600,1,865496ae-3206-4974-af44-2cff2f7023f2
208,22.369930550852377,-4.517174145665004,1.8999999999999995,ZFM-02600,1,865496ae-3206-4974-af44-2cff2f7023f2
209,23.111133754385996,-3.858638485236505,1.9999999999999996,ZFM-02600,1,865496ae-3206-4974-af44-2cff2f7023f2
210,24.04826804964073,-2.969658567046827,2.0999999999999996,ZFM-02600,1,865496ae-3206-4974-af44-2cff2f7023f2
211,25.178281895338475,-1.822491396417017,2.1999999999999993,ZFM-02600,1,865496ae-3206-4974-af44-2cff2f7023f2
212,25.744776760097388,-1.6767152346703293,2.2999999999999994,ZFM-02600,1,865496ae-3206-4974-af44-2cff2f7023f2
213,26.868827977308474,-0.2483316201749332,2.3999999999999995,ZFM-02600,1,865496ae-3206-4974-af44-2cff2f7023f2
214,27.652616110451277,0.899693379907677,2.499999999999999,ZFM-02600,1,865496ae-3206-4974-af44-2cff2f7023f2
215,28.148312002123337,2.5009180011035235,2.599999999999999,ZFM-02600,1,865496ae-3206-4974-af44-2cff2f7023f2
216,28.297537721813054,3.1123820263844064,2.6999999999999993,ZFM-02600,1,865496ae-3206-4974-af44-2cff2f7023f2
217,28.0820195015349,2.988868294973307,2.7999999999999994,ZFM-02600,1,865496ae-3206-4974-af44-2cff2f7023f2
218,27.724770163499496,2.7569974632086653,2.8999999999999995,ZFM-02600,1,865496ae-3206-4974-af44-2cff2f7023f2
219,27.64478472768227,2.7216825659379076,2.999999999999999,ZFM-02600,1,865496ae-3206-4974-af44-2cff2f7023f2
220,27.73910042932579,2.70119554465769,3.099999999999999,ZFM-02600,1,865496ae-3206-4974-af44-2cff2f7023f2
221,28.527815824027197,3.475421694503986,3.1999999999999993,ZFM-02600,1,865496ae-3206-4974-af44-2cff2f7023f2
222,29.255897315576107,4.237876149610352,3.299999999999999,ZFM-02600,1,865496ae-3206-4974-af44-2cff2f7023f2
223,29.671336438254794,4.656615607974395,3.399999999999999,ZFM-02600,1,865496ae-3206-4974-af44-2cff2f7023f2
224,29.557245056243634,4.4368621320810515,3.499999999999999,ZFM-02600,1,865496ae-3206-4974-af44-2cff2f7023f2
225,29.32279822879688,4.097926424025601,3.5999999999999988,ZFM-02600,1,865496ae-3206-4974-af44-2cff2f7023f2
226,28.571420109089612,3.1674854504772108,3.6999999999999993,ZFM-02600,1,865496ae-3206-4974-af44-2cff2f7023f2
227,27.295501795246317,1.6659624923206025,3.799999999999999,ZFM-02600,1,865496ae-3206-4974-af44-2cff2f7023f2
228,25.960970702869282,0.0324908553989442,3.8999999999999986,ZFM-02600,1,865496ae-3206-4974-af44-2cff2f7023f2
229,24.15428736246145,-2.117274428163834,3.999999999999999,ZFM-02600,1,865496ae-3206-4974-af44-2cff2f7023f2
230,23.249201390686917,0.1353348203962708,-0.5,ZFM-02600,1,c8f68575-e5a8-4960-a690-0149c5c4683f
231,22.93534658507562,-0.26643937379317756,-0.4,ZFM-02600,1,c8f68575-e5a8-4960-a690-0149c5c4683f
232,22.837737522230757,-0.36404843663804304,-0.30000000000000004,ZFM-02600,1,c8f68575-e5a8-4960-a690-0149c5c4683f
233,22.68306145393201,-0.5187245049367893,-0.20000000000000007,ZFM-02600,1,c8f68575-e5a8-4960-a690-0149c5c4683f
234,23.415994986721863,0.21420902785306475,-0.10000000000000009,ZFM-02600,1,c8f68575-e5a8-4960-a690-0149c5c4683f
235,25.220569569157497,2.0187836102886965,-1.1102230246251565e-16,ZFM-02600,1,c8f68575-e5a8-4960-a690-0149c5c4683f
236,26.029666051028222,2.827880092159426,0.09999999999999987,ZFM-02600,1,c8f68575-e5a8-4960-a690-0149c5c4683f
237,25.190590186348913,2.8062064541763188,0.19999999999999984,ZFM-02600,1,c8f68575-e5a8-4960-a690-0149c5c4683f
238,25.134060381286556,2.7606669611095698,0.2999999999999998,ZFM-02600,1,c8f68575-e5a8-4960-a690-0149c5c4683f
239,24.84623309210264,2.445121382215295,0.3999999999999998,ZFM-02600,1,c8f68575-e5a8-4960-a690-0149c5c4683f
240,24.60679026441646,2.178204192167187,0.4999999999999998,ZFM-02600,1,c8f68575-e5a8-4960-a690-0149c5c4683f
241,24.085339583138815,1.6192074394707732,0.5999999999999996,ZFM-02600,1,c8f68575-e5a8-4960-a690-0149c5c4683f
242,23.323760695132048,0.8101043512888808,0.6999999999999997,ZFM-02600,1,c8f68575-e5a8-4960-a690-0149c5c4683f
243,23.271722283472535,0.6977386842345662,0.7999999999999998,ZFM-02600,1,c8f68575-e5a8-4960-a690-0149c5c4683f
244,24.08127635504871,2.018550774330151,0.8999999999999997,ZFM-02600,1,c8f68575-e5a8-4960-a690-0149c5c4683f
245,25.25858180304049,3.0881434629641626,0.9999999999999996,ZFM-02600,1,c8f68575-e5a8-4960-a690-0149c5c4683f
246,26.319207512279064,4.079195244256422,1.0999999999999996,ZFM-02600,1,c8f68575-e5a8-4960-a690-0149c5c4683f
247,26.614232738276797,4.286851285656431,1.1999999999999997,ZFM-02600,1,c8f68575-e5a8-4960-a690-0149c5c4683f
248,26.659666097994798,4.204642667545842,1.2999999999999996,ZFM-02600,1,c8f68575-e5a8-4960-a690-0149c5c4683f
249,26.679781890746533,4.089100433675808,1.3999999999999995,ZFM-02600,1,c8f68575-e5a8-4960-a690-0149c5c4683f
250,26.52910428189039,3.830883968960866,1.4999999999999996,ZFM-02600,1,c8f68575-e5a8-4960-a690-0149c5c4683f
251,26.088870593902346,3.2731320031437794,1.5999999999999996,ZFM-02600,1,c8f68575-e5a8-4960-a690-0149c5c4683f
252,25.84364198401965,2.94240149439832,1.6999999999999993,ZFM-02600,1,c8f68575-e5a8-4960-a690-0149c5c4683f
253,25.783487526320336,2.7674785696081083,1.7999999999999994,ZFM-02600,1,c8f68575-e5a8-4960-a690-0149c5c4683f
254,26.28521843352035,3.2745788677795247,1.8999999999999995,ZFM-02600,1,c8f68575-e5a8-4960-a690-0149c5c4683f
255,27.09707892057602,4.082876649114655,1.9999999999999996,ZFM-02600,1,c8f68575-e5a8-4960-a690-0149c5c4683f
256,27.631126379770947,4.057010193964369,2.0999999999999996,ZFM-02600,1,c8f68575-e5a8-4960-a690-0149c5c4683f
257,27.892318054737665,4.310273165630068,2.1999999999999993,ZFM-02600,1,c8f68575-e5a8-4960-a690-0149c5c4683f
258,28.333836405565922,4.808295014417525,2.2999999999999994,ZFM-02600,1,c8f68575-e5a8-4960-a690-0149c5c4683f
259,29.317552640852533,5.801436918404099,2.3999999999999995,ZFM-02600,1,c8f68575-e5a8-4960-a690-0149c5c4683f
260,30.16840714322042,6.648962573501805,2.499999999999999,ZFM-02600,1,c8f68575-e5a8-4960-a690-0149c5c4683f
261,30.118102079292,6.652026627841127,2.599999999999999,ZFM-02600,1,c8f68575-e5a8-4960-a690-0149c5c4683f
262,29.706960446648118,6.335051805994604,2.6999999999999993,ZFM-02600,1,c8f68575-e5a8-4960-a690-0149c5c4683f
263,29.301466417690133,5.959166431746318,2.7999999999999994,ZFM-02600,1,c8f68575-e5a8-4960-a690-0149c5c4683f
264,28.623558710691974,5.197490768995178,2.8999999999999995,ZFM-02600,1,c8f68575-e5a8-4960-a690-0149c5c4683f
265,28.13119279754074,4.404664926049293,2.999999999999999,ZFM-02600,1,c8f68575-e5a8-4960-a690-0149c5c4683f
266,27.34108618042327,3.4839398297310624,3.099999999999999,ZFM-02600,1,c8f68575-e5a8-4960-a690-0149c5c4683f
267,26.036974131502458,2.059208093526616,3.1999999999999993,ZFM-02600,1,c8f68575-e5a8-4960-a690-0149c5c4683f
268,24.29120387046337,0.3363451876586361,3.299999999999999,ZFM-02600,1,c8f68575-e5a8-4960-a690-0149c5c4683f
269,23.478224121140805,-0.4446109913327379,3.399999999999999,ZFM-02600,1,c8f68575-e5a8-4960-a690-0149c5c4683f
270,23.029084887267704,-0.8202519048488189,3.499999999999999,ZFM-02600,1,c8f68575-e5a8-4960-a690-0149c5c4683f
271,22.480022537575156,-1.176224457494195,3.5999999999999988,ZFM-02600,1,c8f68575-e5a8-4960-a690-0149c5c4683f
272,22.09378953322069,-1.2761503089145918,3.6999999999999993,ZFM-02600,1,c8f68575-e5a8-4960-a690-0149c5c4683f
273,21.97502974775034,-1.221571845273906,3.799999999999999,ZFM-02600,1,c8f68575-e5a8-4960-a690-0149c5c4683f
274,22.78855003934982,-0.4101796934588852,3.8999999999999986,ZFM-02600,1,c8f68575-e5a8-4960-a690-0149c5c4683f
275,24.585314215168715,1.2562169453446967,3.999999999999999,ZFM-02600,1,c8f68575-e5a8-4960-a690-0149c5c4683f
276,47.0698576587882,1.4955045807131113,-0.5,ZFM-02601,1,066bf23b-17a9-4a0a-84ac-097776a2ea4a
277,46.81996447499168,1.2456113969165863,-0.4,ZFM-02601,1,066bf23b-17a9-4a0a-84ac-097776a2ea4a
278,46.196990422509806,0.6226373444347205,-0.30000000000000004,ZFM-02601,1,066bf23b-17a9-4a0a-84ac-097776a2ea4a
279,45.285217525886935,-0.2891355521881567,-0.20000000000000007,ZFM-02601,1,066bf23b-17a9-4a0a-84ac-097776a2ea4a
280,44.27423821755278,-1.3001148605223067,-0.10000000000000009,ZFM-02601,1,066bf23b-17a9-4a0a-84ac-097776a2ea4a
281,43.51497449679427,-2.0593785812808227,-1.1102230246251565e-16,ZFM-02601,1,066bf23b-17a9-4a0a-84ac-097776a2ea4a
282,43.1670367571106,-2.4073163209644863,0.09999999999999987,ZFM-02601,1,066bf23b-17a9-4a0a-84ac-097776a2ea4a
283,42.8408499555554,-2.733503122519687,0.19999999999999984,ZFM-02601,1,066bf23b-17a9-4a0a-84ac-097776a2ea4a
284,42.499212798496615,-3.0751402795784766,0.2999999999999998,ZFM-02601,1,066bf23b-17a9-4a0a-84ac-097776a2ea4a
285,42.254307088990096,-3.3200459890849894,0.3999999999999998,ZFM-02601,1,066bf23b-17a9-4a0a-84ac-097776a2ea4a
286,42.20127775446633,-3.373075323608755,0.4999999999999998,ZFM-02601,1,066bf23b-17a9-4a0a-84ac-097776a2ea4a
287,42.065508444717274,-3.508844633357809,0.5999999999999996,ZFM-02601,1,066bf23b-17a9-4a0a-84ac-097776a2ea4a
288,41.722410497975915,-3.851942580099171,0.6999999999999997,ZFM-02601,1,066bf23b-17a9-4a0a-84ac-097776a2ea4a
289,41.46704754031033,-4.107305537764751,0.7999999999999998,ZFM-02601,1,066bf23b-17a9-4a0a-84ac-097776a2ea4a
290,41.17241562988302,-4.401937448192067,0.8999999999999997,ZFM-02601,1,066bf23b-17a9-4a0a-84ac-097776a2ea4a
291,40.98147384529989,-4.592879232775197,0.9999999999999996,ZFM-02601,1,066bf23b-17a9-4a0a-84ac-097776a2ea4a
292,41.01324418943345,-4.561108888641639,1.0999999999999996,ZFM-02601,1,066bf23b-17a9-4a0a-84ac-097776a2ea4a
293,40.957319046801516,-4.617034031273572,1.1999999999999997,ZFM-02601,1,066bf23b-17a9-4a0a-84ac-097776a2ea4a
294,40.79567484482229,-4.778678233252801,1.2999999999999996,ZFM-02601,1,066bf23b-17a9-4a0a-84ac-097776a2ea4a
295,41.03474126806898,-4.539611810006109,1.3999999999999995,ZFM-02601,1,066bf23b-17a9-4a0a-84ac-097776a2ea4a
296,41.17842675514051,-4.39592632293458,1.4999999999999996,ZFM-02601,1,066bf23b-17a9-4a0a-84ac-097776a2ea4a
297,41.266190099753445,-4.308162978321644,1.5999999999999996,ZFM-02601,1,066bf23b-17a9-4a0a-84ac-097776a2ea4a
298,41.14438953596022,-4.429963542114866,1.6999999999999993,ZFM-02601,1,066bf23b-17a9-4a0a-84ac-097776a2ea4a
299,40.99349828309523,-4.580854794979862,1.7999999999999994,ZFM-02601,1,066bf23b-17a9-4a0a-84ac-097776a2ea4a
300,40.86551903258489,-4.7088340454902,1.8999999999999995,ZFM-02601,1,066bf23b-17a9-4a0a-84ac-097776a2ea4a
301,41.31646309168089,-4.257889986394201,1.9999999999999996,ZFM-02601,1,066bf23b-17a9-4a0a-84ac-097776a2ea4a
302,42.00891815574302,-3.5654349223320656,2.0999999999999996,ZFM-02601,1,066bf23b-17a9-4a0a-84ac-097776a2ea4a
303,42.411119592490444,-3.1632334855846427,2.1999999999999993,ZFM-02601,1,066bf23b-17a9-4a0a-84ac-097776a2ea4a
304,42.63277267235992,-2.941580405715166,2.2999999999999994,ZFM-02601,1,066bf23b-17a9-4a0a-84ac-097776a2ea4a
305,42.69414572356027,-2.880207354514822,2.3999999999999995,ZFM-02601,1,066bf23b-17a9-4a0a-84ac-097776a2ea4a
306,42.57956911151617,-2.9947839665589115,2.499999999999999,ZFM-02601,1,066bf23b-17a9-4a0a-84ac-097776a2ea4a
307,42.6917420671336,-2.882611010941483,2.599999999999999,ZFM-02601,1,066bf23b-17a9-4a0a-84ac-097776a2ea4a
308,42.927739291501325,-2.646613786573761,2.6999999999999993,ZFM-02601,1,066bf23b-17a9-4a0a-84ac-097776a2ea4a
309,43.345954075319085,-2.228399002756003,2.7999999999999994,ZFM-02601,1,066bf23b-17a9-4a0a-84ac-097776a2ea4a
310,44.00650567607767,-1.5678474019974087,2.8999999999999995,ZFM-02601,1,066bf23b-17a9-4a0a-84ac-097776a2ea4a
311,44.74667758147683,-0.8276754965982593,2.999999999999999,ZFM-02601,1,066bf23b-17a9-4a0a-84ac-097776a2ea4a
312,45.402968239186364,-0.17138483888872685,3.099999999999999,ZFM-02601,1,066bf23b-17a9-4a0a-84ac-097776a2ea4a
313,45.934300592143416,0.3599475140683206,3.1999999999999993,ZFM-02601,1,066bf23b-17a9-4a0a-84ac-097776a2ea4a
314,46.25406239433166,0.6797093162565725,3.299999999999999,ZFM-02601,1,066bf23b-17a9-4a0a-84ac-097776a2ea4a
315,46.205577583294236,0.6312245052191545,3.399999999999999,ZFM-02601,1,066bf23b-17a9-4a0a-84ac-097776a2ea4a
316,45.85716217267753,0.28280909460244064,3.499999999999999,ZFM-02601,1,066bf23b-17a9-4a0a-84ac-097776a2ea4a
317,45.448578402045364,-0.12577467602972905,3.5999999999999988,ZFM-02601,1,066bf23b-17a9-4a0a-84ac-097776a2ea4a
318,44.71011318044472,-0.864239897630361,3.6999999999999993,ZFM-02601,1,066bf23b-17a9-4a0a-84ac-097776a2ea4a
319,43.792333899299855,-1.782019178775235,3.799999999999999,ZFM-02601,1,066bf23b-17a9-4a0a-84ac-097776a2ea4a
320,42.76277268483252,-2.8115803932425667,3.8999999999999986,ZFM-02601,1,066bf23b-17a9-4a0a-84ac-097776a2ea4a
321,41.96101057947804,-3.6133424985970506,3.999999999999999,ZFM-02601,1,066bf23b-17a9-4a0a-84ac-097776a2ea4a
322,54.73376211088086,-5.240104293445932,-0.5,ZFM-02601,1,40d3fa8b-3c47-4146-ad7a-c38dc7323e4e
323,56.09762445146794,-3.876241952858861,-0.4,ZFM-02601,1,40d3fa8b-3c47-4146-ad7a-c38dc7323e4e
324,58.52533662206657,-1.4485297822602285,-0.30000000000000004,ZFM-02601,1,40d3fa8b-3c47-4146-ad7a-c38dc7323e4e
325,61.17899779284772,1.2051313885209238,-0.20000000000000007,ZFM-02601,1,40d3fa8b-3c47-4146-ad7a-c38dc7323e4e
326,63.77867289834787,3.804806494021071,-0.10000000000000009,ZFM-02601,1,40d3fa8b-3c47-4146-ad7a-c38dc7323e4e
327,66.09821657359434,6.124350169267554,-1.1102230246251565e-16,ZFM-02601,1,40d3fa8b-3c47-4146-ad7a-c38dc7323e4e
328,68.11641833826603,8.14255193393923,0.09999999999999987,ZFM-02601,1,40d3fa8b-3c47-4146-ad7a-c38dc7323e4e
329,69.39851501835817,9.424648614031371,0.19999999999999984,ZFM-02601,1,40d3fa8b-3c47-4146-ad7a-c38dc7323e4e
330,69.8690732678604,9.8952068635336,0.2999999999999998,ZFM-02601,1,40d3fa8b-3c47-4146-ad7a-c38dc7323e4e
331,69.49675478470766,9.522888380380865,0.3999999999999998,ZFM-02601,1,40d3fa8b-3c47-4146-ad7a-c38dc7323e4e
332,68.28776873977196,8.07945811455732,0.4999999999999998,ZFM-02601,1,40d3fa8b-3c47-4146-ad7a-c38dc7323e4e
333,66.69907575422465,6.490765129010002,0.5999999999999996,ZFM-02601,1,40d3fa8b-3c47-4146-ad7a-c38dc7323e4e
334,64.32179013605828,4.774556001775323,0.6999999999999997,ZFM-02601,1,40d3fa8b-3c47-4146-ad7a-c38dc7323e4e
335,62.49425990168572,2.94416597985008,0.7999999999999998,ZFM-02601,1,40d3fa8b-3c47-4146-ad7a-c38dc7323e4e
336,60.5171724909828,0.971706574923001,0.8999999999999997,ZFM-02601,1,40d3fa8b-3c47-4146-ad7a-c38dc7323e4e
337,58.30372589465494,-1.2429106916696788,0.9999999999999996,ZFM-02601,1,40d3fa8b-3c47-4146-ad7a-c38dc7323e4e
338,56.62665118013126,-2.9097439087602064,1.0999999999999996,ZFM-02601,1,40d3fa8b-3c47-4146-ad7a-c38dc7323e4e
339,55.640957686468944,-3.8704856662476494,1.1999999999999997,ZFM-02601,1,40d3fa8b-3c47-4146-ad7a-c38dc7323e4e
340,54.79522073959035,-4.688293078083628,1.2999999999999996,ZFM-02601,1,40d3fa8b-3c47-4146-ad7a-c38dc7323e4e
341,54.40582331477731,-5.04005161632075,1.3999999999999995,ZFM-02601,1,40d3fa8b-3c47-4146-ad7a-c38dc7323e4e
342,53.57638181808394,-5.623245810812278,1.4999999999999996,ZFM-02601,1,40d3fa8b-3c47-4146-ad7a-c38dc7323e4e
343,53.17741668592966,-6.0078443169635305,1.5999999999999996,ZFM-02601,1,40d3fa8b-3c47-4146-ad7a-c38dc7323e4e
344,53.51786803874626,-5.715137959239578,1.6999999999999993,ZFM-02601,1,40d3fa8b-3c47-4146-ad7a-c38dc7323e4e
345,53.630972983926675,-5.6449504770977015,1.7999999999999994,ZFM-02601,1,40d3fa8b-3c47-4146-ad7a-c38dc7323e4e
346,53.68738243155949,-5.622042906658883,1.8999999999999995,ZFM-02601,1,40d3fa8b-3c47-4146-ad7a-c38dc7323e4e
347,54.113559900723146,-5.19983166490436,1.9999999999999996,ZFM-02601,1,40d3fa8b-3c47-4146-ad7a-c38dc7323e4e
348,55.54661298730092,-3.7090359922092637,2.0999999999999996,ZFM-02601,1,40d3fa8b-3c47-4146-ad7a-c38dc7323e4e
349,55.764808746923514,-3.54167792266889,2.1999999999999993,ZFM-02601,1,40d3fa8b-3c47-4146-ad7a-c38dc7323e4e
350,55.601536874872245,-3.7627507200394223,2.2999999999999994,ZFM-02601,1,40d3fa8b-3c47-4146-ad7a-c38dc7323e4e
351,55.22057812654968,-4.177814762925585,2.3999999999999995,ZFM-02601,1,40d3fa8b-3c47-4146-ad7a-c38dc7323e4e
352,54.32678101789997,-5.128412094998159,2.499999999999999,ZFM-02601,1,40d3fa8b-3c47-4146-ad7a-c38dc7323e4e
353,53.12417403241562,-6.383997728393389,2.599999999999999,ZFM-02601,1,40d3fa8b-3c47-4146-ad7a-c38dc7323e4e
354,52.44057471746165,-7.094901112823138,2.6999999999999993,ZFM-02601,1,40d3fa8b-3c47-4146-ad7a-c38dc7323e4e
355,50.5472197487195,-9.505941277395223,2.7999999999999994,ZFM-02601,1,40d3fa8b-3c47-4146-ad7a-c38dc7323e4e
356,51.201323235758764,-8.807803777018552,2.8999999999999995,ZFM-02601,1,40d3fa8b-3c47-4146-ad7a-c38dc7323e4e
357,52.32849246048599,-7.635422913152933,2.999999999999999,ZFM-02601,1,40d3fa8b-3c47-4146-ad7a-c38dc7323e4e
358,53.18017631744109,-6.786199751663125,3.099999999999999,ZFM-02601,1,40d3fa8b-3c47-4146-ad7a-c38dc7323e4e
359,54.03672671844447,-5.963026627040477,3.1999999999999993,ZFM-02601,1,40d3fa8b-3c47-4146-ad7a-c38dc7323e4e
360,55.00720463841824,-4.994281386975561,3.299999999999999,ZFM-02601,1,40d3fa8b-3c47-4146-ad7a-c38dc7323e4e
361,54.8370248305262,-5.173928827108218,3.399999999999999,ZFM-02601,1,40d3fa8b-3c47-4146-ad7a-c38dc7323e4e
362,55.63244848185247,-4.378387378434448,3.499999999999999,ZFM-02601,1,40d3fa8b-3c47-4146-ad7a-c38dc7323e4e
363,57.05566212591172,-2.94164675236402,3.5999999999999988,ZFM-02601,1,40d3fa8b-3c47-4146-ad7a-c38dc7323e4e
364,59.71195118989184,-0.2446583115428194,3.6999999999999993,ZFM-02601,1,40d3fa8b-3c47-4146-ad7a-c38dc7323e4e
365,62.63483236996499,2.748534700296035,3.799999999999999,ZFM-02601,1,40d3fa8b-3c47-4146-ad7a-c38dc7323e4e
366,65.23474046055763,5.384666498083925,3.8999999999999986,ZFM-02601,1,40d3fa8b-3c47-4146-ad7a-c38dc7323e4e
367,67.54165563878286,7.677224751512845,3.999999999999999,ZFM-02601,1,40d3fa8b-3c47-4146-ad7a-c38dc7323e4e
368,31.7851354167937,-0.5852622971420675,-0.5,ZFM-02601,1,53771a15-33be-4a62-a779-a8c609b742e2
369,32.33534260096098,-0.03505511297478963,-0.4,ZFM-02601,1,53771a15-33be-4a62-a779-a8c609b742e2
370,32.49541663579008,0.12501892185431165,-0.30000000000000004,ZFM-02601,1,53771a15-33be-4a62-a779-a8c609b742e2
371,32.66322218144926,0.2928244675134834,-0.20000000000000007,ZFM-02601,1,53771a15-33be-4a62-a779-a8c609b742e2
372,32.34994705927445,-0.020450654661320348,-0.10000000000000009,ZFM-02601,1,53771a15-33be-4a62-a779-a8c609b742e2
373,31.846835288847846,-0.5235624250879223,-1.1102230246251565e-16,ZFM-02601,1,53771a15-33be-4a62-a779-a8c609b742e2
374,31.378601010711932,-0.9917967032238362,0.09999999999999987,ZFM-02601,1,53771a15-33be-4a62-a779-a8c609b742e2
375,31.35599735081418,-1.665099276777612,0.19999999999999984,ZFM-02601,1,53771a15-33be-4a62-a779-a8c609b742e2
376,30.903509475853205,-2.117587151738586,0.2999999999999998,ZFM-02601,1,53771a15-33be-4a62-a779-a8c609b742e2
377,30.53208968920375,-2.489006938388041,0.3999999999999998,ZFM-02601,1,53771a15-33be-4a62-a779-a8c609b742e2
378,30.234892172935908,-2.7862044546558833,0.4999999999999998,ZFM-02601,1,53771a15-33be-4a62-a779-a8c609b742e2
379,30.0020103666146,-3.019086260977192,0.5999999999999996,ZFM-02601,1,53771a15-33be-4a62-a779-a8c609b742e2
380,30.10288227002935,-2.918214357562441,0.6999999999999997,ZFM-02601,1,53771a15-33be-4a62-a779-a8c609b742e2
381,30.145862584042714,-2.875234043549076,0.7999999999999998,ZFM-02601,1,53771a15-33be-4a62-a779-a8c609b742e2
382,30.338674377106198,-2.682422250485594,0.8999999999999997,ZFM-02601,1,53771a15-33be-4a62-a779-a8c609b742e2
383,30.071556943227534,-2.9495396843642587,0.9999999999999996,ZFM-02601,1,53771a15-33be-4a62-a779-a8c609b742e2
384,28.480267593632618,-4.189080169438362,1.0999999999999996,ZFM-02601,1,53771a15-33be-4a62-a779-a8c609b742e2
385,28.499958353932392,-4.169389409138582,1.1999999999999997,ZFM-02601,1,53771a15-33be-4a62-a779-a8c609b742e2
386,28.705857631225417,-3.9634901318455626,1.2999999999999996,ZFM-02601,1,53771a15-33be-4a62-a779-a8c609b742e2
387,28.65778616620756,-4.011561596863416,1.3999999999999995,ZFM-02601,1,53771a15-33be-4a62-a779-a8c609b742e2
388,28.30674852103879,-4.3625992420321875,1.4999999999999996,ZFM-02601,1,53771a15-33be-4a62-a779-a8c609b742e2
389,27.989602379958253,-4.6797453831127225,1.5999999999999996,ZFM-02601,1,53771a15-33be-4a62-a779-a8c609b742e2
390,28.115368481158196,-4.5539792819127785,1.6999999999999993,ZFM-02601,1,53771a15-33be-4a62-a779-a8c609b742e2
391,28.3777642160476,-4.291583547023379,1.7999999999999994,ZFM-02601,1,53771a15-33be-4a62-a779-a8c609b742e2
392,28.480545723288465,-3.887355577121688,1.8999999999999995,ZFM-02601,1,53771a15-33be-4a62-a779-a8c609b742e2
393,28.808200482511797,-3.5471011238960446,1.9999999999999996,ZFM-02601,1,53771a15-33be-4a62-a779-a8c609b742e2
394,29.272967894522438,-3.0868141561513727,2.0999999999999996,ZFM-02601,1,53771a15-33be-4a62-a779-a8c609b742e2
395,30.790075843027463,-2.4282683854293583,2.1999999999999993,ZFM-02601,1,53771a15-33be-4a62-a779-a8c609b742e2
396,30.13456380141924,-1.954468931846964,2.2999999999999994,ZFM-02601,1,53771a15-33be-4a62-a779-a8c609b742e2
397,30.736297049040658,-1.654537198144165,2.3999999999999995,ZFM-02601,1,53771a15-33be-4a62-a779-a8c609b742e2
398,30.448400575670554,-1.6652333162684188,2.499999999999999,ZFM-02601,1,53771a15-33be-4a62-a779-a8c609b742e2
399,31.95586224591281,-0.36202610242605965,2.599999999999999,ZFM-02601,1,53771a15-33be-4a62-a779-a8c609b742e2
400,32.24779634744428,-0.6779883065648802,2.6999999999999993,ZFM-02601,1,53771a15-33be-4a62-a779-a8c609b742e2
401,30.319458044734684,-2.3669385727930976,2.7999999999999994,ZFM-02601,1,53771a15-33be-4a62-a779-a8c609b742e2
402,29.46516939705187,-2.6029315689742396,2.8999999999999995,ZFM-02601,1,53771a15-33be-4a62-a779-a8c609b742e2
403,29.509636958096017,-2.8063819771585004,2.999999999999999,ZFM-02601,1,53771a15-33be-4a62-a779-a8c609b742e2
404,29.752876837418505,-2.612165540748247,3.099999999999999,ZFM-02601,1,53771a15-33be-4a62-a779-a8c609b742e2
405,30.74404938880451,-1.9761004124941164,3.1999999999999993,ZFM-02601,1,53771a15-33be-4a62-a779-a8c609b742e2
406,30.89532472072786,-1.3456174747723628,3.299999999999999,ZFM-02601,1,53771a15-33be-4a62-a779-a8c609b742e2
407,31.603221315244625,-0.6528243906482605,3.399999999999999,ZFM-02601,1,53771a15-33be-4a62-a779-a8c609b742e2
408,32.554990269006815,0.28739290498311804,3.499999999999999,ZFM-02601,1,53771a15-33be-4a62-a779-a8c609b742e2
409,33.409624858712476,1.117135451600811,3.5999999999999988,ZFM-02601,1,53771a15-33be-4a62-a779-a8c609b742e2
410,33.71678271684194,1.3792734028423927,3.6999999999999993,ZFM-02601,1,53771a15-33be-4a62-a779-a8c609b742e2
411,33.833486817509865,1.4423980936767637,3.799999999999999,ZFM-02601,1,53771a15-33be-4a62-a779-a8c609b742e2
412,33.43603418664704,0.9662852368081492,3.8999999999999986,ZFM-02601,1,53771a15-33be-4a62-a779-a8c609b742e2
413,32.822723284313405,0.26583466268156886,3.999999999999999,ZFM-02601,1,53771a15-33be-4a62-a779-a8c609b742e2
414,58.70696157652239,1.1414125237501933,-0.5,ZFM-03321,1,aff57b75-b439-4537-be22-743acedc8e5d
415,58.12706935648128,0.5615203037090915,-0.4,ZFM-03321,1,aff57b75-b439-4537-be22-743acedc8e5d
416,57.4778943596193,0.17586522460400614,-0.30000000000000004,ZFM-03321,1,aff57b75-b439-4537-be22-743acedc8e5d
417,57.11101629369811,-0.24051350009046604,-0.20000000000000007,ZFM-03321,1,aff57b75-b439-4537-be22-743acedc8e5d
418,57.00963609051907,-0.60031792438393,-0.10000000000000009,ZFM-03321,1,aff57b75-b439-4537-be22-743acedc8e5d
419,56.908043589013495,-0.701910425889517,-1.1102230246251565e-16,ZFM-03321,1,aff57b75-b439-4537-be22-743acedc8e5d
420,57.01147200149378,-0.5984820134092245,0.09999999999999987,ZFM-03321,1,aff57b75-b439-4537-be22-743acedc8e5d
421,57.402635207499664,-0.20731880740334244,0.19999999999999984,ZFM-03321,1,aff57b75-b439-4537-be22-743acedc8e5d
422,57.98071691211463,0.37076289721161587,0.2999999999999998,ZFM-03321,1,aff57b75-b439-4537-be22-743acedc8e5d
423,59.584686216756694,1.0274038765965074,0.3999999999999998,ZFM-03321,1,aff57b75-b439-4537-be22-743acedc8e5d
424,59.14131215354151,1.5540065380943084,0.4999999999999998,ZFM-03321,1,aff57b75-b439-4537-be22-743acedc8e5d
425,59.78404606174034,2.21554694699326,0.5999999999999996,ZFM-03321,1,aff57b75-b439-4537-be22-743acedc8e5d
426,59.55029393392236,3.158021579550374,0.6999999999999997,ZFM-03321,1,aff57b75-b439-4537-be22-743acedc8e5d
427,60.1882173681543,3.422983170885297,0.7999999999999998,ZFM-03321,1,aff57b75-b439-4537-be22-743acedc8e5d
428,60.04977622559089,3.287755764009137,0.8999999999999997,ZFM-03321,1,aff57b75-b439-4537-be22-743acedc8e5d
429,59.61407786781289,2.848020965937529,0.9999999999999996,ZFM-03321,1,aff57b75-b439-4537-be22-743acedc8e5d
430,59.23229463797828,2.462070734410716,1.0999999999999996,ZFM-03321,1,aff57b75-b439-4537-be22-743acedc8e5d
431,59.23130893746604,1.9098769062591674,1.1999999999999997,ZFM-03321,1,aff57b75-b439-4537-be22-743acedc8e5d
432,57.32153573720056,0.9202487097216118,1.2999999999999996,ZFM-03321,1,aff57b75-b439-4537-be22-743acedc8e5d
433,56.54696085471825,0.1312021169882037,1.3999999999999995,ZFM-03321,1,aff57b75-b439-4537-be22-743acedc8e5d
434,57.19161114129705,-0.20141369859325559,1.4999999999999996,ZFM-03321,1,aff57b75-b439-4537-be22-743acedc8e5d
435,57.0420681223482,-0.35095671754210506,1.5999999999999996,ZFM-03321,1,aff57b75-b439-4537-be22-743acedc8e5d
436,57.511033843062435,0.11800900317212637,1.6999999999999993,ZFM-03321,1,aff57b75-b439-4537-be22-743acedc8e5d
437,58.05094328997235,0.6579184500820432,1.7999999999999994,ZFM-03321,1,aff57b75-b439-4537-be22-743acedc8e5d
438,58.74656418765066,1.35353934776036,1.8999999999999995,ZFM-03321,1,aff57b75-b439-4537-be22-743acedc8e5d
439,60.151341419078484,2.758316579188179,1.9999999999999996,ZFM-03321,1,aff57b75-b439-4537-be22-743acedc8e5d
440,61.215059164826016,3.8220343249357085,2.0999999999999996,ZFM-03321,1,aff57b75-b439-4537-be22-743acedc8e5d
441,61.93803345649449,4.54500861660418,2.1999999999999993,ZFM-03321,1,aff57b75-b439-4537-be22-743acedc8e5d
442,62.431641965563344,5.038617125673046,2.2999999999999994,ZFM-03321,1,aff57b75-b439-4537-be22-743acedc8e5d
443,62.91564550873992,6.800275533548357,2.3999999999999995,ZFM-03321,1,aff57b75-b439-4537-be22-743acedc8e5d
444,63.50161837383061,7.386248398639049,2.499999999999999,ZFM-03321,1,aff57b75-b439-4537-be22-743acedc8e5d
445,63.670338104244934,7.554968129053365,2.599999999999999,ZFM-03321,1,aff57b75-b439-4537-be22-743acedc8e5d
446,63.81831965626913,7.702949681077579,2.6999999999999993,ZFM-03321,1,aff57b75-b439-4537-be22-743acedc8e5d
447,63.80892753497014,7.693557559778575,2.7999999999999994,ZFM-03321,1,aff57b75-b439-4537-be22-743acedc8e5d
448,64.15657485310871,8.041204877917144,2.8999999999999995,ZFM-03321,1,aff57b75-b439-4537-be22-743acedc8e5d
449,64.16671045948904,8.051340484297487,2.999999999999999,ZFM-03321,1,aff57b75-b439-4537-be22-743acedc8e5d
450,63.00234456809434,8.080223614191187,3.099999999999999,ZFM-03321,1,aff57b75-b439-4537-be22-743acedc8e5d
451,62.94069706515263,8.021727228986087,3.1999999999999993,ZFM-03321,1,aff57b75-b439-4537-be22-743acedc8e5d
452,62.93811744599665,8.013812343454324,3.299999999999999,ZFM-03321,1,aff57b75-b439-4537-be22-743acedc8e5d
453,63.41899599006528,8.50502505934772,3.399999999999999,ZFM-03321,1,aff57b75-b439-4537-be22-743acedc8e5d
454,63.85878285416902,8.955429038807965,3.499999999999999,ZFM-03321,1,aff57b75-b439-4537-be22-743acedc8e5d
455,64.32194065190725,9.42977397467427,3.5999999999999988,ZFM-03321,1,aff57b75-b439-4537-be22-743acedc8e5d
456,64.33790664239518,9.446019986040262,3.6999999999999993,ZFM-03321,1,aff57b75-b439-4537-be22-743acedc8e5d
457,63.87598216246139,8.972555332527264,3.799999999999999,ZFM-03321,1,aff57b75-b439-4537-be22-743acedc8e5d
458,63.35139587086543,8.433421566556971,3.8999999999999986,ZFM-03321,1,aff57b75-b439-4537-be22-743acedc8e5d
459,63.04756986819747,8.120087031740724,3.999999999999999,ZFM-03321,1,aff57b75-b439-4537-be22-743acedc8e5d
460,55.96689981744855,0.6237095594070827,-0.5,ZFM-03321,1,c1fbabc4-21b1-47f9-92b0-57ed9da5ec4b
461,55.49860062042278,0.1554103623813069,-0.4,ZFM-03321,1,c1fbabc4-21b1-47f9-92b0-57ed9da5ec4b
462,55.36053951449437,0.017349256452903264,-0.30000000000000004,ZFM-03321,1,c1fbabc4-21b1-47f9-92b0-57ed9da5ec4b
463,55.50396608355702,0.16077582551555225,-0.20000000000000007,ZFM-03321,1,c1fbabc4-21b1-47f9-92b0-57ed9da5ec4b
464,55.02695173912835,-0.31623851891311366,-0.10000000000000009,ZFM-03321,1,c1fbabc4-21b1-47f9-92b0-57ed9da5ec4b
465,54.78662057627153,-0.5565696817699274,-1.1102230246251565e-16,ZFM-03321,1,c1fbabc4-21b1-47f9-92b0-57ed9da5ec4b
466,54.87445755098618,-0.4687327070552837,0.09999999999999987,ZFM-03321,1,c1fbabc4-21b1-47f9-92b0-57ed9da5ec4b
467,54.814558270805954,-0.5286319872355121,0.19999999999999984,ZFM-03321,1,c1fbabc4-21b1-47f9-92b0-57ed9da5ec4b
468,54.783435027087414,-0.5597552309540518,0.2999999999999998,ZFM-03321,1,c1fbabc4-21b1-47f9-92b0-57ed9da5ec4b
469,54.69757755104406,-0.6456127069974029,0.3999999999999998,ZFM-03321,1,c1fbabc4-21b1-47f9-92b0-57ed9da5ec4b
470,54.44520731775566,-0.8979829402858127,0.4999999999999998,ZFM-03321,1,c1fbabc4-21b1-47f9-92b0-57ed9da5ec4b
471,54.41077370256208,-0.9324165554793836,0.5999999999999996,ZFM-03321,1,c1fbabc4-21b1-47f9-92b0-57ed9da5ec4b
472,54.53020699989801,-0.8129832581434567,0.6999999999999997,ZFM-03321,1,c1fbabc4-21b1-47f9-92b0-57ed9da5ec4b
473,54.90844649491615,-0.43474376312531177,0.7999999999999998,ZFM-03321,1,c1fbabc4-21b1-47f9-92b0-57ed9da5ec4b
474,55.58048148279411,0.23729122475264533,0.8999999999999997,ZFM-03321,1,c1fbabc4-21b1-47f9-92b0-57ed9da5ec4b
475,56.56768178754045,1.2244915294989804,0.9999999999999996,ZFM-03321,1,c1fbabc4-21b1-47f9-92b0-57ed9da5ec4b
476,57.792992075732684,2.449801817691215,1.0999999999999996,ZFM-03321,1,c1fbabc4-21b1-47f9-92b0-57ed9da5ec4b
477,58.83869208273125,3.4955018246897818,1.1999999999999997,ZFM-03321,1,c1fbabc4-21b1-47f9-92b0-57ed9da5ec4b
478,59.77004871117892,4.426858453137458,1.2999999999999996,ZFM-03321,1,c1fbabc4-21b1-47f9-92b0-57ed9da5ec4b
479,60.65401425746894,5.310823999427471,1.3999999999999995,ZFM-03321,1,c1fbabc4-21b1-47f9-92b0-57ed9da5ec4b
480,61.82250438786833,6.479314129826866,1.4999999999999996,ZFM-03321,1,c1fbabc4-21b1-47f9-92b0-57ed9da5ec4b
481,62.649075146800115,7.305884888758644,1.5999999999999996,ZFM-03321,1,c1fbabc4-21b1-47f9-92b0-57ed9da5ec4b
482,63.28247061810306,7.939280360061596,1.6999999999999993,ZFM-03321,1,c1fbabc4-21b1-47f9-92b0-57ed9da5ec4b
483,63.498975744379116,8.155785486337644,1.7999999999999994,ZFM-03321,1,c1fbabc4-21b1-47f9-92b0-57ed9da5ec4b
484,63.75903856781491,8.41584830977345,1.8999999999999995,ZFM-03321,1,c1fbabc4-21b1-47f9-92b0-57ed9da5ec4b
485,63.75537074508142,8.412180487039949,1.9999999999999996,ZFM-03321,1,c1fbabc4-21b1-47f9-92b0-57ed9da5ec4b
486,63.41685586073659,8.07366560269512,2.0999999999999996,ZFM-03321,1,c1fbabc4-21b1-47f9-92b0-57ed9da5ec4b
487,63.0721144272412,7.7289241691997335,2.1999999999999993,ZFM-03321,1,c1fbabc4-21b1-47f9-92b0-57ed9da5ec4b
488,62.71091001401831,7.367719755976845,2.2999999999999994,ZFM-03321,1,c1fbabc4-21b1-47f9-92b0-57ed9da5ec4b
489,62.44386811365614,7.1006778556146655,2.3999999999999995,ZFM-03321,1,c1fbabc4-21b1-47f9-92b0-57ed9da5ec4b
490,62.20040305520416,6.857212797162695,2.499999999999999,ZFM-03321,1,c1fbabc4-21b1-47f9-92b0-57ed9da5ec4b
491,61.81008001896765,6.466889760926191,2.599999999999999,ZFM-03321,1,c1fbabc4-21b1-47f9-92b0-57ed9da5ec4b
492,61.279661216526954,5.936470958485487,2.6999999999999993,ZFM-03321,1,c1fbabc4-21b1-47f9-92b0-57ed9da5ec4b
493,60.86382243432776,5.520632176286291,2.7999999999999994,ZFM-03321,1,c1fbabc4-21b1-47f9-92b0-57ed9da5ec4b
494,60.67283632635988,5.329646068318413,2.8999999999999995,ZFM-03321,1,c1fbabc4-21b1-47f9-92b0-57ed9da5ec4b
495,60.16066557461849,4.8174753165770205,2.999999999999999,ZFM-03321,1,c1fbabc4-21b1-47f9-92b0-57ed9da5ec4b
496,59.54036603038122,4.197175772339751,3.099999999999999,ZFM-03321,1,c1fbabc4-21b1-47f9-92b0-57ed9da5ec4b
497,58.92268801505069,3.5794977570092277,3.1999999999999993,ZFM-03321,1,c1fbabc4-21b1-47f9-92b0-57ed9da5ec4b
498,58.31987531581254,2.976685057771075,3.299999999999999,ZFM-03321,1,c1fbabc4-21b1-47f9-92b0-57ed9da5ec4b
499,57.826281177173186,2.4830909191317208,3.399999999999999,ZFM-03321,1,c1fbabc4-21b1-47f9-92b0-57ed9da5ec4b
500,57.48357180491511,2.140381546873648,3.499999999999999,ZFM-03321,1,c1fbabc4-21b1-47f9-92b0-57ed9da5ec4b
501,57.19938140164219,1.8561911436007283,3.5999999999999988,ZFM-03321,1,c1fbabc4-21b1-47f9-92b0-57ed9da5ec4b
502,56.60996024920113,1.266769991159661,3.6999999999999993,ZFM-03321,1,c1fbabc4-21b1-47f9-92b0-57ed9da5ec4b
503,55.959941879465056,0.6167516214235885,3.799999999999999,ZFM-03321,1,c1fbabc4-21b1-47f9-92b0-57ed9da5ec4b
504,55.39486664788839,0.05167638984692616,3.8999999999999986,ZFM-03321,1,c1fbabc4-21b1-47f9-92b0-57ed9da5ec4b
505,54.85059097143264,-0.49259928660882396,3.999999999999999,ZFM-03321,1,c1fbabc4-21b1-47f9-92b0-57ed9da5ec4b
