,pid,subject,date,region_pair,region_corr,time
0,15589ad2-9972-445e-bf76-faffbffa56d8,ZFM-03324,2022-04-14,M2-OFC,0.004557746647728619,-0.875
1,15589ad2-9972-445e-bf76-faffbffa56d8,ZFM-03324,2022-04-14,M2-OFC,0.004721337426188751,-0.625
2,15589ad2-9972-445e-bf76-faffbffa56d8,ZFM-03324,2022-04-14,M2-OFC,-0.0018511024076809958,-0.375
3,15589ad2-9972-445e-bf76-faffbffa56d8,ZFM-03324,2022-04-14,M2-OFC,-0.007427981666236374,-0.125
4,15589ad2-9972-445e-bf76-faffbffa56d8,ZFM-03324,2022-04-14,M2-OFC,0.0334865599293582,0.125
5,15589ad2-9972-445e-bf76-faffbffa56d8,ZFM-03324,2022-04-14,M2-OFC,0.015906557043716227,0.375
6,15589ad2-9972-445e-bf76-faffbffa56d8,ZFM-03324,2022-04-14,M2-OFC,0.030282453297455873,0.625
7,15589ad2-9972-445e-bf76-faffbffa56d8,ZFM-03324,2022-04-14,M2-OFC,-0.00502650849180943,0.875
8,15589ad2-9972-445e-bf76-faffbffa56d8,ZFM-03324,2022-04-14,M2-OFC,-0.0027376839752684358,1.125
9,15589ad2-9972-445e-bf76-faffbffa56d8,ZFM-03324,2022-04-14,M2-OFC,0.023226248243945008,1.375
10,15589ad2-9972-445e-bf76-faffbffa56d8,ZFM-03324,2022-04-14,M2-OFC,0.016836627373820846,1.625
11,15589ad2-9972-445e-bf76-faffbffa56d8,ZFM-03324,2022-04-14,M2-OFC,0.04228962728518286,1.875
12,15589ad2-9972-445e-bf76-faffbffa56d8,ZFM-03324,2022-04-14,M2-OFC,0.023181510201108233,2.125
13,15589ad2-9972-445e-bf76-faffbffa56d8,ZFM-03324,2022-04-14,M2-OFC,-0.000559883066874485,2.375
14,15589ad2-9972-445e-bf76-faffbffa56d8,ZFM-03324,2022-04-14,M2-OFC,0.0427140802512866,2.625
15,15589ad2-9972-445e-bf76-faffbffa56d8,ZFM-03324,2022-04-14,M2-OFC,0.03208089013550866,2.875
16,15589ad2-9972-445e-bf76-faffbffa56d8,ZFM-03324,2022-04-14,M2-mPFC,0.004557746647728619,-0.875
17,15589ad2-9972-445e-bf76-faffbffa56d8,ZFM-03324,2022-04-14,M2-mPFC,0.004721337426188751,-0.625
18,15589ad2-9972-445e-bf76-faffbffa56d8,ZFM-03324,2022-04-14,M2-mPFC,-0.0018511024076809958,-0.375
19,15589ad2-9972-445e-bf76-faffbffa56d8,ZFM-03324,2022-04-14,M2-mPFC,-0.007427981666236374,-0.125
20,15589ad2-9972-445e-bf76-faffbffa56d8,ZFM-03324,2022-04-14,M2-mPFC,0.0334865599293582,0.125
21,15589ad2-9972-445e-bf76-faffbffa56d8,ZFM-03324,2022-04-14,M2-mPFC,0.015906557043716227,0.375
22,15589ad2-9972-445e-bf76-faffbffa56d8,ZFM-03324,2022-04-14,M2-mPFC,0.030282453297455873,0.625
23,15589ad2-9972-445e-bf76-faffbffa56d8,ZFM-03324,2022-04-14,M2-mPFC,-0.00502650849180943,0.875
24,15589ad2-9972-445e-bf76-faffbffa56d8,ZFM-03324,2022-04-14,M2-mPFC,-0.0027376839752684358,1.125
25,15589ad2-9972-445e-bf76-faffbffa56d8,ZFM-03324,2022-04-14,M2-mPFC,0.023226248243945008,1.375
26,15589ad2-9972-445e-bf76-faffbffa56d8,ZFM-03324,2022-04-14,M2-mPFC,0.016836627373820846,1.625
27,15589ad2-9972-445e-bf76-faffbffa56d8,ZFM-03324,2022-04-14,M2-mPFC,0.04228962728518286,1.875
28,15589ad2-9972-445e-bf76-faffbffa56d8,ZFM-03324,2022-04-14,M2-mPFC,0.023181510201108233,2.125
29,15589ad2-9972-445e-bf76-faffbffa56d8,ZFM-03324,2022-04-14,M2-mPFC,-0.000559883066874485,2.375
30,15589ad2-9972-445e-bf76-faffbffa56d8,ZFM-03324,2022-04-14,M2-mPFC,0.0427140802512866,2.625
31,15589ad2-9972-445e-bf76-faffbffa56d8,ZFM-03324,2022-04-14,M2-mPFC,0.03208089013550866,2.875
32,2040786c-773d-46e4-88dc-eb61beab2ef9,ZFM-03324,2022-04-13,M2-OFC,-0.002712063200983738,-0.875
33,2040786c-773d-46e4-88dc-eb61beab2ef9,ZFM-03324,2022-04-13,M2-OFC,-0.005646022243336266,-0.625
34,2040786c-773d-46e4-88dc-eb61beab2ef9,ZFM-03324,2022-04-13,M2-OFC,-0.004195927576729287,-0.375
35,2040786c-773d-46e4-88dc-eb61beab2ef9,ZFM-03324,2022-04-13,M2-OFC,0.012554013021049262,-0.125
36,2040786c-773d-46e4-88dc-eb61beab2ef9,ZFM-03324,2022-04-13,M2-OFC,-3.4887094827080216e-05,0.125
37,2040786c-773d-46e4-88dc-eb61beab2ef9,ZFM-03324,2022-04-13,M2-OFC,0.00811337396329327,0.375
38,2040786c-773d-46e4-88dc-eb61beab2ef9,ZFM-03324,2022-04-13,M2-OFC,0.007353837175840917,0.625
39,2040786c-773d-46e4-88dc-eb61beab2ef9,ZFM-03324,2022-04-13,M2-OFC,0.0019939331165816547,0.875
40,2040786c-773d-46e4-88dc-eb61beab2ef9,ZFM-03324,2022-04-13,M2-OFC,-0.002376846974131125,1.125
41,2040786c-773d-46e4-88dc-eb61beab2ef9,ZFM-03324,2022-04-13,M2-OFC,-0.008267915006977428,1.375
42,2040786c-773d-46e4-88dc-eb61beab2ef9,ZFM-03324,2022-04-13,M2-OFC,0.012750446975476582,1.625
43,2040786c-773d-46e4-88dc-eb61beab2ef9,ZFM-03324,2022-04-13,M2-OFC,-0.005302807637084375,1.875
44,2040786c-773d-46e4-88dc-eb61beab2ef9,ZFM-03324,2022-04-13,M2-OFC,-0.003999236800655229,2.125
45,2040786c-773d-46e4-88dc-eb61beab2ef9,ZFM-03324,2022-04-13,M2-OFC,0.009008605306544197,2.375
46,2040786c-773d-46e4-88dc-eb61beab2ef9,ZFM-03324,2022-04-13,M2-OFC,0.008102015635998201,2.625
47,2040786c-773d-46e4-88dc-eb61beab2ef9,ZFM-03324,2022-04-13,M2-OFC,0.005624957191954914,2.875
48,2040786c-773d-46e4-88dc-eb61beab2ef9,ZFM-03324,2022-04-13,M2-mPFC,-0.003786223051506975,-0.875
49,2040786c-773d-46e4-88dc-eb61beab2ef9,ZFM-03324,2022-04-13,M2-mPFC,-0.005045085935943761,-0.625
50,2040786c-773d-46e4-88dc-eb61beab2ef9,ZFM-03324,2022-04-13,M2-mPFC,-0.004132999482276451,-0.375
51,2040786c-773d-46e4-88dc-eb61beab2ef9,ZFM-03324,2022-04-13,M2-mPFC,0.012964308469727173,-0.125
52,2040786c-773d-46e4-88dc-eb61beab2ef9,ZFM-03324,2022-04-13,M2-mPFC,0.002380122470102946,0.125
53,2040786c-773d-46e4-88dc-eb61beab2ef9,ZFM-03324,2022-04-13,M2-mPFC,0.010030398818459858,0.375
54,2040786c-773d-46e4-88dc-eb61beab2ef9,ZFM-03324,2022-04-13,M2-mPFC,0.009834045104342642,0.625
55,2040786c-773d-46e4-88dc-eb61beab2ef9,ZFM-03324,2022-04-13,M2-mPFC,0.00471219651599747,0.875
56,2040786c-773d-46e4-88dc-eb61beab2ef9,ZFM-03324,2022-04-13,M2-mPFC,-0.004037367357431144,1.125
57,2040786c-773d-46e4-88dc-eb61beab2ef9,ZFM-03324,2022-04-13,M2-mPFC,-0.0035307607075455347,1.375
58,2040786c-773d-46e4-88dc-eb61beab2ef9,ZFM-03324,2022-04-13,M2-mPFC,0.013089964934904183,1.625
59,2040786c-773d-46e4-88dc-eb61beab2ef9,ZFM-03324,2022-04-13,M2-mPFC,-0.0026844471911423393,1.875
60,2040786c-773d-46e4-88dc-eb61beab2ef9,ZFM-03324,2022-04-13,M2-mPFC,-0.0017948163207438105,2.125
61,2040786c-773d-46e4-88dc-eb61beab2ef9,ZFM-03324,2022-04-13,M2-mPFC,0.012217410771396953,2.375
62,2040786c-773d-46e4-88dc-eb61beab2ef9,ZFM-03324,2022-04-13,M2-mPFC,0.00915951726175993,2.625
63,2040786c-773d-46e4-88dc-eb61beab2ef9,ZFM-03324,2022-04-13,M2-mPFC,0.007309251810532465,2.875
64,77cb0293-f054-4488-b34e-65869853e20e,ZFM-03323,2022-04-07,M2-OFC,0.006267403632407351,-0.875
65,77cb0293-f054-4488-b34e-65869853e20e,ZFM-03323,2022-04-07,M2-OFC,-0.004274317959661795,-0.625
66,77cb0293-f054-4488-b34e-65869853e20e,ZFM-03323,2022-04-07,M2-OFC,-0.004711936170111654,-0.375
67,77cb0293-f054-4488-b34e-65869853e20e,ZFM-03323,2022-04-07,M2-OFC,0.002718850497366096,-0.125
68,77cb0293-f054-4488-b34e-65869853e20e,ZFM-03323,2022-04-07,M2-OFC,0.0049914537383176335,0.125
69,77cb0293-f054-4488-b34e-65869853e20e,ZFM-03323,2022-04-07,M2-OFC,-0.001207350325107226,0.375
70,77cb0293-f054-4488-b34e-65869853e20e,ZFM-03323,2022-04-07,M2-OFC,-0.005608171479629365,0.625
71,77cb0293-f054-4488-b34e-65869853e20e,ZFM-03323,2022-04-07,M2-OFC,0.0008371303633588739,0.875
72,77cb0293-f054-4488-b34e-65869853e20e,ZFM-03323,2022-04-07,M2-OFC,-0.00701957272451716,1.125
73,77cb0293-f054-4488-b34e-65869853e20e,ZFM-03323,2022-04-07,M2-OFC,-0.0043188353666482404,1.375
74,77cb0293-f054-4488-b34e-65869853e20e,ZFM-03323,2022-04-07,M2-OFC,-0.0005188867149343746,1.625
75,77cb0293-f054-4488-b34e-65869853e20e,ZFM-03323,2022-04-07,M2-OFC,0.0032392617590712436,1.875
76,77cb0293-f054-4488-b34e-65869853e20e,ZFM-03323,2022-04-07,M2-OFC,0.004019123328952119,2.125
77,77cb0293-f054-4488-b34e-65869853e20e,ZFM-03323,2022-04-07,M2-OFC,0.003529375271570785,2.375
78,77cb0293-f054-4488-b34e-65869853e20e,ZFM-03323,2022-04-07,M2-OFC,0.0025166625045187187,2.625
79,77cb0293-f054-4488-b34e-65869853e20e,ZFM-03323,2022-04-07,M2-OFC,0.004802597390652468,2.875
80,77cb0293-f054-4488-b34e-65869853e20e,ZFM-03323,2022-04-07,M2-mPFC,0.006267403632407351,-0.875
81,77cb0293-f054-4488-b34e-65869853e20e,ZFM-03323,2022-04-07,M2-mPFC,-0.004274317959661795,-0.625
82,77cb0293-f054-4488-b34e-65869853e20e,ZFM-03323,2022-04-07,M2-mPFC,-0.004711936170111654,-0.375
83,77cb0293-f054-4488-b34e-65869853e20e,ZFM-03323,2022-04-07,M2-mPFC,0.002718850497366096,-0.125
84,77cb0293-f054-4488-b34e-65869853e20e,ZFM-03323,2022-04-07,M2-mPFC,0.0049914537383176335,0.125
85,77cb0293-f054-4488-b34e-65869853e20e,ZFM-03323,2022-04-07,M2-mPFC,-0.001207350325107226,0.375
86,77cb0293-f054-4488-b34e-65869853e20e,ZFM-03323,2022-04-07,M2-mPFC,-0.005608171479629365,0.625
87,77cb0293-f054-4488-b34e-65869853e20e,ZFM-03323,2022-04-07,M2-mPFC,0.0008371303633588739,0.875
88,77cb0293-f054-4488-b34e-65869853e20e,ZFM-03323,2022-04-07,M2-mPFC,-0.00701957272451716,1.125
89,77cb0293-f054-4488-b34e-65869853e20e,ZFM-03323,2022-04-07,M2-mPFC,-0.0043188353666482404,1.375
90,77cb0293-f054-4488-b34e-65869853e20e,ZFM-03323,2022-04-07,M2-mPFC,-0.0005188867149343746,1.625
91,77cb0293-f054-4488-b34e-65869853e20e,ZFM-03323,2022-04-07,M2-mPFC,0.0032392617590712436,1.875
92,77cb0293-f054-4488-b34e-65869853e20e,ZFM-03323,2022-04-07,M2-mPFC,0.004019123328952119,2.125
93,77cb0293-f054-4488-b34e-65869853e20e,ZFM-03323,2022-04-07,M2-mPFC,0.003529375271570785,2.375
94,77cb0293-f054-4488-b34e-65869853e20e,ZFM-03323,2022-04-07,M2-mPFC,0.0025166625045187187,2.625
95,77cb0293-f054-4488-b34e-65869853e20e,ZFM-03323,2022-04-07,M2-mPFC,0.004802597390652468,2.875
96,f5ed13b0-a301-4340-aa63-e78ed0b82a9f,ZFM-03323,2022-04-05,M2-OFC,0.0034014885269029608,-0.875
97,f5ed13b0-a301-4340-aa63-e78ed0b82a9f,ZFM-03323,2022-04-05,M2-OFC,-0.006635734907703148,-0.625
98,f5ed13b0-a301-4340-aa63-e78ed0b82a9f,ZFM-03323,2022-04-05,M2-OFC,0.0008744918214530475,-0.375
99,f5ed13b0-a301-4340-aa63-e78ed0b82a9f,ZFM-03323,2022-04-05,M2-OFC,0.0023597545593471336,-0.125
100,f5ed13b0-a301-4340-aa63-e78ed0b82a9f,ZFM-03323,2022-04-05,M2-OFC,-0.010403459279189974,0.125
101,f5ed13b0-a301-4340-aa63-e78ed0b82a9f,ZFM-03323,2022-04-05,M2-OFC,0.0036701588980018567,0.375
102,f5ed13b0-a301-4340-aa63-e78ed0b82a9f,ZFM-03323,2022-04-05,M2-OFC,-0.004999705689456914,0.625
103,f5ed13b0-a301-4340-aa63-e78ed0b82a9f,ZFM-03323,2022-04-05,M2-OFC,-0.0022752727315139714,0.875
104,f5ed13b0-a301-4340-aa63-e78ed0b82a9f,ZFM-03323,2022-04-05,M2-OFC,0.006708437278738443,1.125
105,f5ed13b0-a301-4340-aa63-e78ed0b82a9f,ZFM-03323,2022-04-05,M2-OFC,0.006536175205380704,1.375
106,f5ed13b0-a301-4340-aa63-e78ed0b82a9f,ZFM-03323,2022-04-05,M2-OFC,-0.011341934732479417,1.625
107,f5ed13b0-a301-4340-aa63-e78ed0b82a9f,ZFM-03323,2022-04-05,M2-OFC,-0.008867356206949263,1.875
108,f5ed13b0-a301-4340-aa63-e78ed0b82a9f,ZFM-03323,2022-04-05,M2-OFC,-0.009001674505894022,2.125
109,f5ed13b0-a301-4340-aa63-e78ed0b82a9f,ZFM-03323,2022-04-05,M2-OFC,-0.001937938455705576,2.375
110,f5ed13b0-a301-4340-aa63-e78ed0b82a9f,ZFM-03323,2022-04-05,M2-OFC,-0.008643025457681286,2.625
111,f5ed13b0-a301-4340-aa63-e78ed0b82a9f,ZFM-03323,2022-04-05,M2-OFC,-0.00813703147943982,2.875
112,f5ed13b0-a301-4340-aa63-e78ed0b82a9f,ZFM-03323,2022-04-05,M2-mPFC,0.0034014885269029608,-0.875
113,f5ed13b0-a301-4340-aa63-e78ed0b82a9f,ZFM-03323,2022-04-05,M2-mPFC,-0.006635734907703148,-0.625
114,f5ed13b0-a301-4340-aa63-e78ed0b82a9f,ZFM-03323,2022-04-05,M2-mPFC,0.0008744918214530475,-0.375
115,f5ed13b0-a301-4340-aa63-e78ed0b82a9f,ZFM-03323,2022-04-05,M2-mPFC,0.0023597545593471336,-0.125
116,f5ed13b0-a301-4340-aa63-e78ed0b82a9f,ZFM-03323,2022-04-05,M2-mPFC,-0.010403459279189974,0.125
117,f5ed13b0-a301-4340-aa63-e78ed0b82a9f,ZFM-03323,2022-04-05,M2-mPFC,0.0036701588980018567,0.375
118,f5ed13b0-a301-4340-aa63-e78ed0b82a9f,ZFM-03323,2022-04-05,M2-mPFC,-0.004999705689456914,0.625
119,f5ed13b0-a301-4340-aa63-e78ed0b82a9f,ZFM-03323,2022-04-05,M2-mPFC,-0.0022752727315139714,0.875
120,f5ed13b0-a301-4340-aa63-e78ed0b82a9f,ZFM-03323,2022-04-05,M2-mPFC,0.006708437278738443,1.125
121,f5ed13b0-a301-4340-aa63-e78ed0b82a9f,ZFM-03323,2022-04-05,M2-mPFC,0.006536175205380704,1.375
122,f5ed13b0-a301-4340-aa63-e78ed0b82a9f,ZFM-03323,2022-04-05,M2-mPFC,-0.011341934732479417,1.625
123,f5ed13b0-a301-4340-aa63-e78ed0b82a9f,ZFM-03323,2022-04-05,M2-mPFC,-0.008867356206949263,1.875
124,f5ed13b0-a301-4340-aa63-e78ed0b82a9f,ZFM-03323,2022-04-05,M2-mPFC,-0.009001674505894022,2.125
125,f5ed13b0-a301-4340-aa63-e78ed0b82a9f,ZFM-03323,2022-04-05,M2-mPFC,-0.001937938455705576,2.375
126,f5ed13b0-a301-4340-aa63-e78ed0b82a9f,ZFM-03323,2022-04-05,M2-mPFC,-0.008643025457681286,2.625
127,f5ed13b0-a301-4340-aa63-e78ed0b82a9f,ZFM-03323,2022-04-05,M2-mPFC,-0.00813703147943982,2.875
128,c63e091f-9dc6-4e97-9a23-fd7ac37e43fc,ZFM-03321,2022-03-23,M2-OFC,-0.00566117296874773,-0.875
129,c63e091f-9dc6-4e97-9a23-fd7ac37e43fc,ZFM-03321,2022-03-23,M2-OFC,0.0004462606927480464,-0.625
130,c63e091f-9dc6-4e97-9a23-fd7ac37e43fc,ZFM-03321,2022-03-23,M2-OFC,0.013028889211622718,-0.375
131,c63e091f-9dc6-4e97-9a23-fd7ac37e43fc,ZFM-03321,2022-03-23,M2-OFC,-0.007813976935623034,-0.125
132,c63e091f-9dc6-4e97-9a23-fd7ac37e43fc,ZFM-03321,2022-03-23,M2-OFC,-0.0006151300709996632,0.125
133,c63e091f-9dc6-4e97-9a23-fd7ac37e43fc,ZFM-03321,2022-03-23,M2-OFC,0.0010511037737884466,0.375
134,c63e091f-9dc6-4e97-9a23-fd7ac37e43fc,ZFM-03321,2022-03-23,M2-OFC,0.015235849981351317,0.625
135,c63e091f-9dc6-4e97-9a23-fd7ac37e43fc,ZFM-03321,2022-03-23,M2-OFC,0.03124959956057561,0.875
136,c63e091f-9dc6-4e97-9a23-fd7ac37e43fc,ZFM-03321,2022-03-23,M2-OFC,0.0031630694907138347,1.125
137,c63e091f-9dc6-4e97-9a23-fd7ac37e43fc,ZFM-03321,2022-03-23,M2-OFC,-0.0028530460026964465,1.375
138,c63e091f-9dc6-4e97-9a23-fd7ac37e43fc,ZFM-03321,2022-03-23,M2-OFC,-0.010220359384387933,1.625
139,c63e091f-9dc6-4e97-9a23-fd7ac37e43fc,ZFM-03321,2022-03-23,M2-OFC,-0.014854780764334979,1.875
140,c63e091f-9dc6-4e97-9a23-fd7ac37e43fc,ZFM-03321,2022-03-23,M2-OFC,0.01020703904061774,2.125
141,c63e091f-9dc6-4e97-9a23-fd7ac37e43fc,ZFM-03321,2022-03-23,M2-OFC,0.0037768651951258403,2.375
142,c63e091f-9dc6-4e97-9a23-fd7ac37e43fc,ZFM-03321,2022-03-23,M2-OFC,0.014847410824891124,2.625
143,c63e091f-9dc6-4e97-9a23-fd7ac37e43fc,ZFM-03321,2022-03-23,M2-OFC,0.006742528977885336,2.875
144,c63e091f-9dc6-4e97-9a23-fd7ac37e43fc,ZFM-03321,2022-03-23,M2-mPFC,-0.00832582427832805,-0.875
145,c63e091f-9dc6-4e97-9a23-fd7ac37e43fc,ZFM-03321,2022-03-23,M2-mPFC,0.0011360649031848104,-0.625
146,c63e091f-9dc6-4e97-9a23-fd7ac37e43fc,ZFM-03321,2022-03-23,M2-mPFC,0.01595079997275664,-0.375
147,c63e091f-9dc6-4e97-9a23-fd7ac37e43fc,ZFM-03321,2022-03-23,M2-mPFC,-0.008761040597613259,-0.125
148,c63e091f-9dc6-4e97-9a23-fd7ac37e43fc,ZFM-03321,2022-03-23,M2-mPFC,0.0010699027654120254,0.125
149,c63e091f-9dc6-4e97-9a23-fd7ac37e43fc,ZFM-03321,2022-03-23,M2-mPFC,0.0077377111258680985,0.375
150,c63e091f-9dc6-4e97-9a23-fd7ac37e43fc,ZFM-03321,2022-03-23,M2-mPFC,0.016241464741111506,0.625
151,c63e091f-9dc6-4e97-9a23-fd7ac37e43fc,ZFM-03321,2022-03-23,M2-mPFC,0.03998012037936026,0.875
152,c63e091f-9dc6-4e97-9a23-fd7ac37e43fc,ZFM-03321,2022-03-23,M2-mPFC,0.004439528168761381,1.125
153,c63e091f-9dc6-4e97-9a23-fd7ac37e43fc,ZFM-03321,2022-03-23,M2-mPFC,0.0005023264544835957,1.375
154,c63e091f-9dc6-4e97-9a23-fd7ac37e43fc,ZFM-03321,2022-03-23,M2-mPFC,0.0036348068252246408,1.625
155,c63e091f-9dc6-4e97-9a23-fd7ac37e43fc,ZFM-03321,2022-03-23,M2-mPFC,-0.011488798656281855,1.875
156,c63e091f-9dc6-4e97-9a23-fd7ac37e43fc,ZFM-03321,2022-03-23,M2-mPFC,0.004443762923027724,2.125
157,c63e091f-9dc6-4e97-9a23-fd7ac37e43fc,ZFM-03321,2022-03-23,M2-mPFC,0.005071331415790373,2.375
158,c63e091f-9dc6-4e97-9a23-fd7ac37e43fc,ZFM-03321,2022-03-23,M2-mPFC,0.016442029848564604,2.625
159,c63e091f-9dc6-4e97-9a23-fd7ac37e43fc,ZFM-03321,2022-03-23,M2-mPFC,0.005258373980558399,2.875
160,465fbc08-3a9f-4714-a0a0-79d76b39ccbc,ZFM-03331,2022-03-11,M2-OFC,0.0293184607980139,-0.875
161,465fbc08-3a9f-4714-a0a0-79d76b39ccbc,ZFM-03331,2022-03-11,M2-OFC,-0.01669645282800984,-0.625
162,465fbc08-3a9f-4714-a0a0-79d76b39ccbc,ZFM-03331,2022-03-11,M2-OFC,-0.022564914652496326,-0.375
163,465fbc08-3a9f-4714-a0a0-79d76b39ccbc,ZFM-03331,2022-03-11,M2-OFC,0.009942906682492238,-0.125
164,465fbc08-3a9f-4714-a0a0-79d76b39ccbc,ZFM-03331,2022-03-11,M2-OFC,-0.021069769803524395,0.125
165,465fbc08-3a9f-4714-a0a0-79d76b39ccbc,ZFM-03331,2022-03-11,M2-OFC,-0.0176306531923015,0.375
166,465fbc08-3a9f-4714-a0a0-79d76b39ccbc,ZFM-03331,2022-03-11,M2-OFC,-0.022952309377425675,0.625
167,465fbc08-3a9f-4714-a0a0-79d76b39ccbc,ZFM-03331,2022-03-11,M2-OFC,0.009489201401635922,0.875
168,465fbc08-3a9f-4714-a0a0-79d76b39ccbc,ZFM-03331,2022-03-11,M2-OFC,-0.020019753710110375,1.125
169,465fbc08-3a9f-4714-a0a0-79d76b39ccbc,ZFM-03331,2022-03-11,M2-OFC,-0.0009549627902128314,1.375
170,465fbc08-3a9f-4714-a0a0-79d76b39ccbc,ZFM-03331,2022-03-11,M2-OFC,-0.02234197773190162,1.625
171,465fbc08-3a9f-4714-a0a0-79d76b39ccbc,ZFM-03331,2022-03-11,M2-OFC,-0.022505387210112957,1.875
172,465fbc08-3a9f-4714-a0a0-79d76b39ccbc,ZFM-03331,2022-03-11,M2-OFC,-0.007874559570272933,2.125
173,465fbc08-3a9f-4714-a0a0-79d76b39ccbc,ZFM-03331,2022-03-11,M2-OFC,-0.018476143510423985,2.375
174,465fbc08-3a9f-4714-a0a0-79d76b39ccbc,ZFM-03331,2022-03-11,M2-OFC,-0.0077820942538971245,2.625
175,465fbc08-3a9f-4714-a0a0-79d76b39ccbc,ZFM-03331,2022-03-11,M2-OFC,-0.0038577857995752227,2.875
176,465fbc08-3a9f-4714-a0a0-79d76b39ccbc,ZFM-03331,2022-03-11,M2-mPFC,0.0293184607980139,-0.875
177,465fbc08-3a9f-4714-a0a0-79d76b39ccbc,ZFM-03331,2022-03-11,M2-mPFC,-0.01669645282800984,-0.625
178,465fbc08-3a9f-4714-a0a0-79d76b39ccbc,ZFM-03331,2022-03-11,M2-mPFC,-0.022564914652496326,-0.375
179,465fbc08-3a9f-4714-a0a0-79d76b39ccbc,ZFM-03331,2022-03-11,M2-mPFC,0.009942906682492238,-0.125
180,465fbc08-3a9f-4714-a0a0-79d76b39ccbc,ZFM-03331,2022-03-11,M2-mPFC,-0.021069769803524395,0.125
181,465fbc08-3a9f-4714-a0a0-79d76b39ccbc,ZFM-03331,2022-03-11,M2-mPFC,-0.0176306531923015,0.375
182,465fbc08-3a9f-4714-a0a0-79d76b39ccbc,ZFM-03331,2022-03-11,M2-mPFC,-0.022952309377425675,0.625
183,465fbc08-3a9f-4714-a0a0-79d76b39ccbc,ZFM-03331,2022-03-11,M2-mPFC,0.009489201401635922,0.875
184,465fbc08-3a9f-4714-a0a0-79d76b39ccbc,ZFM-03331,2022-03-11,M2-mPFC,-0.020019753710110375,1.125
185,465fbc08-3a9f-4714-a0a0-79d76b39ccbc,ZFM-03331,2022-03-11,M2-mPFC,-0.0009549627902128314,1.375
186,465fbc08-3a9f-4714-a0a0-79d76b39ccbc,ZFM-03331,2022-03-11,M2-mPFC,-0.02234197773190162,1.625
187,465fbc08-3a9f-4714-a0a0-79d76b39ccbc,ZFM-03331,2022-03-11,M2-mPFC,-0.022505387210112957,1.875
188,465fbc08-3a9f-4714-a0a0-79d76b39ccbc,ZFM-03331,2022-03-11,M2-mPFC,-0.007874559570272933,2.125
189,465fbc08-3a9f-4714-a0a0-79d76b39ccbc,ZFM-03331,2022-03-11,M2-mPFC,-0.018476143510423985,2.375
190,465fbc08-3a9f-4714-a0a0-79d76b39ccbc,ZFM-03331,2022-03-11,M2-mPFC,-0.0077820942538971245,2.625
191,465fbc08-3a9f-4714-a0a0-79d76b39ccbc,ZFM-03331,2022-03-11,M2-mPFC,-0.0038577857995752227,2.875
192,adb05d2d-4aad-43a2-8465-f0f0f5ef85f6,ZFM-03331,2022-03-10,M2-mPFC,-0.0026259174836383297,-0.875
193,adb05d2d-4aad-43a2-8465-f0f0f5ef85f6,ZFM-03331,2022-03-10,M2-mPFC,0.003135912179940809,-0.625
194,adb05d2d-4aad-43a2-8465-f0f0f5ef85f6,ZFM-03331,2022-03-10,M2-mPFC,0.0032965798412767327,-0.375
195,adb05d2d-4aad-43a2-8465-f0f0f5ef85f6,ZFM-03331,2022-03-10,M2-mPFC,-0.0038065745375792086,-0.125
196,adb05d2d-4aad-43a2-8465-f0f0f5ef85f6,ZFM-03331,2022-03-10,M2-mPFC,0.02875914832929171,0.125
197,adb05d2d-4aad-43a2-8465-f0f0f5ef85f6,ZFM-03331,2022-03-10,M2-mPFC,-0.011696876263979299,0.375
198,adb05d2d-4aad-43a2-8465-f0f0f5ef85f6,ZFM-03331,2022-03-10,M2-mPFC,-0.0028011991517464373,0.625
199,adb05d2d-4aad-43a2-8465-f0f0f5ef85f6,ZFM-03331,2022-03-10,M2-mPFC,0.0018241760601349917,0.875
200,adb05d2d-4aad-43a2-8465-f0f0f5ef85f6,ZFM-03331,2022-03-10,M2-mPFC,-0.008412833706882564,1.125
201,adb05d2d-4aad-43a2-8465-f0f0f5ef85f6,ZFM-03331,2022-03-10,M2-mPFC,0.009804788655152288,1.375
202,adb05d2d-4aad-43a2-8465-f0f0f5ef85f6,ZFM-03331,2022-03-10,M2-mPFC,0.009142272199117145,1.625
203,adb05d2d-4aad-43a2-8465-f0f0f5ef85f6,ZFM-03331,2022-03-10,M2-mPFC,-0.005498128909391924,1.875
204,adb05d2d-4aad-43a2-8465-f0f0f5ef85f6,ZFM-03331,2022-03-10,M2-mPFC,-0.0016073773422663098,2.125
205,adb05d2d-4aad-43a2-8465-f0f0f5ef85f6,ZFM-03331,2022-03-10,M2-mPFC,0.006789915687312672,2.375
206,adb05d2d-4aad-43a2-8465-f0f0f5ef85f6,ZFM-03331,2022-03-10,M2-mPFC,-0.009847268243614263,2.625
207,adb05d2d-4aad-43a2-8465-f0f0f5ef85f6,ZFM-03331,2022-03-10,M2-mPFC,-0.006268018121218453,2.875
208,c6a3def0-9bce-4ef9-a57d-0dc2d4ae3d65,ZFM-03330,2022-02-16,M2-mPFC,0.0035723542962432684,-0.875
209,c6a3def0-9bce-4ef9-a57d-0dc2d4ae3d65,ZFM-03330,2022-02-16,M2-mPFC,0.014824264529670058,-0.625
210,c6a3def0-9bce-4ef9-a57d-0dc2d4ae3d65,ZFM-03330,2022-02-16,M2-mPFC,-0.013604763168609127,-0.375
211,c6a3def0-9bce-4ef9-a57d-0dc2d4ae3d65,ZFM-03330,2022-02-16,M2-mPFC,-0.0047918556573042295,-0.125
212,c6a3def0-9bce-4ef9-a57d-0dc2d4ae3d65,ZFM-03330,2022-02-16,M2-mPFC,0.014813905573846771,0.125
213,c6a3def0-9bce-4ef9-a57d-0dc2d4ae3d65,ZFM-03330,2022-02-16,M2-mPFC,0.0111478160277588,0.375
214,c6a3def0-9bce-4ef9-a57d-0dc2d4ae3d65,ZFM-03330,2022-02-16,M2-mPFC,-0.003347597449765557,0.625
215,c6a3def0-9bce-4ef9-a57d-0dc2d4ae3d65,ZFM-03330,2022-02-16,M2-mPFC,-0.01922500799315555,0.875
216,c6a3def0-9bce-4ef9-a57d-0dc2d4ae3d65,ZFM-03330,2022-02-16,M2-mPFC,-0.012233412191676766,1.125
217,c6a3def0-9bce-4ef9-a57d-0dc2d4ae3d65,ZFM-03330,2022-02-16,M2-mPFC,-0.006532698808161569,1.375
218,c6a3def0-9bce-4ef9-a57d-0dc2d4ae3d65,ZFM-03330,2022-02-16,M2-mPFC,0.010959299587441807,1.625
219,c6a3def0-9bce-4ef9-a57d-0dc2d4ae3d65,ZFM-03330,2022-02-16,M2-mPFC,-0.01565928108723517,1.875
220,c6a3def0-9bce-4ef9-a57d-0dc2d4ae3d65,ZFM-03330,2022-02-16,M2-mPFC,-0.001423074753064739,2.125
221,c6a3def0-9bce-4ef9-a57d-0dc2d4ae3d65,ZFM-03330,2022-02-16,M2-mPFC,-0.0024531116818689532,2.375
222,c6a3def0-9bce-4ef9-a57d-0dc2d4ae3d65,ZFM-03330,2022-02-16,M2-mPFC,0.0038224107398756257,2.625
223,c6a3def0-9bce-4ef9-a57d-0dc2d4ae3d65,ZFM-03330,2022-02-16,M2-mPFC,-0.0174482999979101,2.875
224,0e236047-e8ca-49b8-a18e-d0f6ff3ee592,ZFM-03332,2022-02-16,M2-OFC,-0.00451690573946216,-0.875
225,0e236047-e8ca-49b8-a18e-d0f6ff3ee592,ZFM-03332,2022-02-16,M2-OFC,0.00948098758272459,-0.625
226,0e236047-e8ca-49b8-a18e-d0f6ff3ee592,ZFM-03332,2022-02-16,M2-OFC,-0.006937176885142247,-0.375
227,0e236047-e8ca-49b8-a18e-d0f6ff3ee592,ZFM-03332,2022-02-16,M2-OFC,0.0019730950418798163,-0.125
228,0e236047-e8ca-49b8-a18e-d0f6ff3ee592,ZFM-03332,2022-02-16,M2-OFC,-0.009941471433900388,0.125
229,0e236047-e8ca-49b8-a18e-d0f6ff3ee592,ZFM-03332,2022-02-16,M2-OFC,0.03793602919060214,0.375
230,0e236047-e8ca-49b8-a18e-d0f6ff3ee592,ZFM-03332,2022-02-16,M2-OFC,0.0028802802915357958,0.625
231,0e236047-e8ca-49b8-a18e-d0f6ff3ee592,ZFM-03332,2022-02-16,M2-OFC,0.016437790803058922,0.875
232,0e236047-e8ca-49b8-a18e-d0f6ff3ee592,ZFM-03332,2022-02-16,M2-OFC,-0.00757592799249944,1.125
233,0e236047-e8ca-49b8-a18e-d0f6ff3ee592,ZFM-03332,2022-02-16,M2-OFC,0.013510249631257808,1.375
234,0e236047-e8ca-49b8-a18e-d0f6ff3ee592,ZFM-03332,2022-02-16,M2-OFC,0.033888295617424784,1.625
235,0e236047-e8ca-49b8-a18e-d0f6ff3ee592,ZFM-03332,2022-02-16,M2-OFC,0.023119360686153723,1.875
236,0e236047-e8ca-49b8-a18e-d0f6ff3ee592,ZFM-03332,2022-02-16,M2-OFC,0.0041061557050826045,2.125
237,0e236047-e8ca-49b8-a18e-d0f6ff3ee592,ZFM-03332,2022-02-16,M2-OFC,-0.0013433155549795258,2.375
238,0e236047-e8ca-49b8-a18e-d0f6ff3ee592,ZFM-03332,2022-02-16,M2-OFC,-0.0026642874609753013,2.625
239,0e236047-e8ca-49b8-a18e-d0f6ff3ee592,ZFM-03332,2022-02-16,M2-OFC,-0.023449497230264373,2.875
240,0e236047-e8ca-49b8-a18e-d0f6ff3ee592,ZFM-03332,2022-02-16,M2-mPFC,-0.00451690573946216,-0.875
241,0e236047-e8ca-49b8-a18e-d0f6ff3ee592,ZFM-03332,2022-02-16,M2-mPFC,0.00948098758272459,-0.625
242,0e236047-e8ca-49b8-a18e-d0f6ff3ee592,ZFM-03332,2022-02-16,M2-mPFC,-0.006937176885142247,-0.375
243,0e236047-e8ca-49b8-a18e-d0f6ff3ee592,ZFM-03332,2022-02-16,M2-mPFC,0.0019730950418798163,-0.125
244,0e236047-e8ca-49b8-a18e-d0f6ff3ee592,ZFM-03332,2022-02-16,M2-mPFC,-0.009941471433900388,0.125
245,0e236047-e8ca-49b8-a18e-d0f6ff3ee592,ZFM-03332,2022-02-16,M2-mPFC,0.03793602919060214,0.375
246,0e236047-e8ca-49b8-a18e-d0f6ff3ee592,ZFM-03332,2022-02-16,M2-mPFC,0.0028802802915357958,0.625
247,0e236047-e8ca-49b8-a18e-d0f6ff3ee592,ZFM-03332,2022-02-16,M2-mPFC,0.016437790803058922,0.875
248,0e236047-e8ca-49b8-a18e-d0f6ff3ee592,ZFM-03332,2022-02-16,M2-mPFC,-0.00757592799249944,1.125
249,0e236047-e8ca-49b8-a18e-d0f6ff3ee592,ZFM-03332,2022-02-16,M2-mPFC,0.013510249631257808,1.375
250,0e236047-e8ca-49b8-a18e-d0f6ff3ee592,ZFM-03332,2022-02-16,M2-mPFC,0.033888295617424784,1.625
251,0e236047-e8ca-49b8-a18e-d0f6ff3ee592,ZFM-03332,2022-02-16,M2-mPFC,0.023119360686153723,1.875
252,0e236047-e8ca-49b8-a18e-d0f6ff3ee592,ZFM-03332,2022-02-16,M2-mPFC,0.0041061557050826045,2.125
253,0e236047-e8ca-49b8-a18e-d0f6ff3ee592,ZFM-03332,2022-02-16,M2-mPFC,-0.0013433155549795258,2.375
254,0e236047-e8ca-49b8-a18e-d0f6ff3ee592,ZFM-03332,2022-02-16,M2-mPFC,-0.0026642874609753013,2.625
255,0e236047-e8ca-49b8-a18e-d0f6ff3ee592,ZFM-03332,2022-02-16,M2-mPFC,-0.023449497230264373,2.875
256,32be7608-6d32-4c8e-af5e-beb298ba8c73,ZFM-03330,2022-02-15,M2-mPFC,0.002570667209131298,-0.875
257,32be7608-6d32-4c8e-af5e-beb298ba8c73,ZFM-03330,2022-02-15,M2-mPFC,-5.043461926283398e-05,-0.625
258,32be7608-6d32-4c8e-af5e-beb298ba8c73,ZFM-03330,2022-02-15,M2-mPFC,-0.0018208699227751396,-0.375
259,32be7608-6d32-4c8e-af5e-beb298ba8c73,ZFM-03330,2022-02-15,M2-mPFC,-0.0006993626670933578,-0.125
260,32be7608-6d32-4c8e-af5e-beb298ba8c73,ZFM-03330,2022-02-15,M2-mPFC,0.007625101899066217,0.125
261,32be7608-6d32-4c8e-af5e-beb298ba8c73,ZFM-03330,2022-02-15,M2-mPFC,-0.004559095507954392,0.375
262,32be7608-6d32-4c8e-af5e-beb298ba8c73,ZFM-03330,2022-02-15,M2-mPFC,-0.008984928308250753,0.625
263,32be7608-6d32-4c8e-af5e-beb298ba8c73,ZFM-03330,2022-02-15,M2-mPFC,-0.010997307395904708,0.875
264,32be7608-6d32-4c8e-af5e-beb298ba8c73,ZFM-03330,2022-02-15,M2-mPFC,0.012756587830634759,1.125
265,32be7608-6d32-4c8e-af5e-beb298ba8c73,ZFM-03330,2022-02-15,M2-mPFC,-0.002491560760287395,1.375
266,32be7608-6d32-4c8e-af5e-beb298ba8c73,ZFM-03330,2022-02-15,M2-mPFC,-0.0074284553765906584,1.625
267,32be7608-6d32-4c8e-af5e-beb298ba8c73,ZFM-03330,2022-02-15,M2-mPFC,-0.007637242734527886,1.875
268,32be7608-6d32-4c8e-af5e-beb298ba8c73,ZFM-03330,2022-02-15,M2-mPFC,-0.013476124980469564,2.125
269,32be7608-6d32-4c8e-af5e-beb298ba8c73,ZFM-03330,2022-02-15,M2-mPFC,0.009277985346775038,2.375
270,32be7608-6d32-4c8e-af5e-beb298ba8c73,ZFM-03330,2022-02-15,M2-mPFC,0.009356727881386468,2.625
271,32be7608-6d32-4c8e-af5e-beb298ba8c73,ZFM-03330,2022-02-15,M2-mPFC,-0.008534824919274172,2.875
272,d8610288-4482-4fb9-bcca-26db1b02f189,ZFM-03332,2022-02-15,M2-mPFC,0.006691141692181218,-0.875
273,d8610288-4482-4fb9-bcca-26db1b02f189,ZFM-03332,2022-02-15,M2-mPFC,0.0007976619311003452,-0.625
274,d8610288-4482-4fb9-bcca-26db1b02f189,ZFM-03332,2022-02-15,M2-mPFC,-0.006325881281089528,-0.375
275,d8610288-4482-4fb9-bcca-26db1b02f189,ZFM-03332,2022-02-15,M2-mPFC,-0.0011629223421920302,-0.125
276,d8610288-4482-4fb9-bcca-26db1b02f189,ZFM-03332,2022-02-15,M2-mPFC,-0.006631054803328551,0.125
277,d8610288-4482-4fb9-bcca-26db1b02f189,ZFM-03332,2022-02-15,M2-mPFC,-0.006184934280435305,0.375
278,d8610288-4482-4fb9-bcca-26db1b02f189,ZFM-03332,2022-02-15,M2-mPFC,0.002307297958519897,0.625
279,d8610288-4482-4fb9-bcca-26db1b02f189,ZFM-03332,2022-02-15,M2-mPFC,0.017037857091522723,0.875
280,d8610288-4482-4fb9-bcca-26db1b02f189,ZFM-03332,2022-02-15,M2-mPFC,0.002224355489303614,1.125
281,d8610288-4482-4fb9-bcca-26db1b02f189,ZFM-03332,2022-02-15,M2-mPFC,-0.002234828034144468,1.375
282,d8610288-4482-4fb9-bcca-26db1b02f189,ZFM-03332,2022-02-15,M2-mPFC,-0.0014791520584278646,1.625
283,d8610288-4482-4fb9-bcca-26db1b02f189,ZFM-03332,2022-02-15,M2-mPFC,-0.014091043882622716,1.875
284,d8610288-4482-4fb9-bcca-26db1b02f189,ZFM-03332,2022-02-15,M2-mPFC,-0.002947188034382662,2.125
285,d8610288-4482-4fb9-bcca-26db1b02f189,ZFM-03332,2022-02-15,M2-mPFC,-0.002530321924678374,2.375
286,d8610288-4482-4fb9-bcca-26db1b02f189,ZFM-03332,2022-02-15,M2-mPFC,-0.008677682705154819,2.625
287,d8610288-4482-4fb9-bcca-26db1b02f189,ZFM-03332,2022-02-15,M2-mPFC,-0.0027797594263279627,2.875
288,ea3cefba-dda1-4f8e-bd85-97547181a660,ZFM-02601,2021-11-16,M2-OFC,-0.005652335295011842,-0.875
289,ea3cefba-dda1-4f8e-bd85-97547181a660,ZFM-02601,2021-11-16,M2-OFC,0.0010874677569958104,-0.625
290,ea3cefba-dda1-4f8e-bd85-97547181a660,ZFM-02601,2021-11-16,M2-OFC,0.0023585982610371797,-0.375
291,ea3cefba-dda1-4f8e-bd85-97547181a660,ZFM-02601,2021-11-16,M2-OFC,0.0022062692769788325,-0.125
292,ea3cefba-dda1-4f8e-bd85-97547181a660,ZFM-02601,2021-11-16,M2-OFC,-0.016149086830932944,0.125
293,ea3cefba-dda1-4f8e-bd85-97547181a660,ZFM-02601,2021-11-16,M2-OFC,-0.004537790423007537,0.375
294,ea3cefba-dda1-4f8e-bd85-97547181a660,ZFM-02601,2021-11-16,M2-OFC,-0.015495164010214517,0.625
295,ea3cefba-dda1-4f8e-bd85-97547181a660,ZFM-02601,2021-11-16,M2-OFC,-0.012084484486777793,0.875
296,ea3cefba-dda1-4f8e-bd85-97547181a660,ZFM-02601,2021-11-16,M2-OFC,-0.02309827005565537,1.125
297,ea3cefba-dda1-4f8e-bd85-97547181a660,ZFM-02601,2021-11-16,M2-OFC,-0.01536165426267878,1.375
298,ea3cefba-dda1-4f8e-bd85-97547181a660,ZFM-02601,2021-11-16,M2-OFC,-0.007840521227276248,1.625
299,ea3cefba-dda1-4f8e-bd85-97547181a660,ZFM-02601,2021-11-16,M2-OFC,0.00256040102720999,1.875
300,ea3cefba-dda1-4f8e-bd85-97547181a660,ZFM-02601,2021-11-16,M2-OFC,-0.00399638131091335,2.125
301,ea3cefba-dda1-4f8e-bd85-97547181a660,ZFM-02601,2021-11-16,M2-OFC,-0.0010312020794183958,2.375
302,ea3cefba-dda1-4f8e-bd85-97547181a660,ZFM-02601,2021-11-16,M2-OFC,-0.026048440581726,2.625
303,ea3cefba-dda1-4f8e-bd85-97547181a660,ZFM-02601,2021-11-16,M2-OFC,-0.00018984018424053915,2.875
304,ea3cefba-dda1-4f8e-bd85-97547181a660,ZFM-02601,2021-11-16,M2-mPFC,-0.011805958213469338,-0.875
305,ea3cefba-dda1-4f8e-bd85-97547181a660,ZFM-02601,2021-11-16,M2-mPFC,-0.004060917271585137,-0.625
306,ea3cefba-dda1-4f8e-bd85-97547181a660,ZFM-02601,2021-11-16,M2-mPFC,0.010653870980069268,-0.375
307,ea3cefba-dda1-4f8e-bd85-97547181a660,ZFM-02601,2021-11-16,M2-mPFC,0.005213004504985171,-0.125
308,ea3cefba-dda1-4f8e-bd85-97547181a660,ZFM-02601,2021-11-16,M2-mPFC,-0.02749039832212858,0.125
309,ea3cefba-dda1-4f8e-bd85-97547181a660,ZFM-02601,2021-11-16,M2-mPFC,-0.010086583900159856,0.375
310,ea3cefba-dda1-4f8e-bd85-97547181a660,ZFM-02601,2021-11-16,M2-mPFC,-0.01505237947557979,0.625
311,ea3cefba-dda1-4f8e-bd85-97547181a660,ZFM-02601,2021-11-16,M2-mPFC,-0.02004980438423276,0.875
312,ea3cefba-dda1-4f8e-bd85-97547181a660,ZFM-02601,2021-11-16,M2-mPFC,-0.03793601383274081,1.125
313,ea3cefba-dda1-4f8e-bd85-97547181a660,ZFM-02601,2021-11-16,M2-mPFC,-0.029376081436955703,1.375
314,ea3cefba-dda1-4f8e-bd85-97547181a660,ZFM-02601,2021-11-16,M2-mPFC,-0.017907800585531788,1.625
315,ea3cefba-dda1-4f8e-bd85-97547181a660,ZFM-02601,2021-11-16,M2-mPFC,-0.0013429887153776044,1.875
316,ea3cefba-dda1-4f8e-bd85-97547181a660,ZFM-02601,2021-11-16,M2-mPFC,-0.008438505001641236,2.125
317,ea3cefba-dda1-4f8e-bd85-97547181a660,ZFM-02601,2021-11-16,M2-mPFC,-0.006393504510390513,2.375
318,ea3cefba-dda1-4f8e-bd85-97547181a660,ZFM-02601,2021-11-16,M2-mPFC,-0.02615447873757821,2.625
319,ea3cefba-dda1-4f8e-bd85-97547181a660,ZFM-02601,2021-11-16,M2-mPFC,0.005863923611903263,2.875
320,5712250f-7ea2-4f55-a7ac-15e855533225,ZFM-02600,2021-08-28,M2-OFC,0.007530142910030524,-0.875
321,5712250f-7ea2-4f55-a7ac-15e855533225,ZFM-02600,2021-08-28,M2-OFC,-0.03479272589243775,-0.625
322,5712250f-7ea2-4f55-a7ac-15e855533225,ZFM-02600,2021-08-28,M2-OFC,0.03787692030692606,-0.375
323,5712250f-7ea2-4f55-a7ac-15e855533225,ZFM-02600,2021-08-28,M2-OFC,-0.010614337324518833,-0.125
324,5712250f-7ea2-4f55-a7ac-15e855533225,ZFM-02600,2021-08-28,M2-OFC,0.022658446176494266,0.125
325,5712250f-7ea2-4f55-a7ac-15e855533225,ZFM-02600,2021-08-28,M2-OFC,-0.006068916063295132,0.375
326,5712250f-7ea2-4f55-a7ac-15e855533225,ZFM-02600,2021-08-28,M2-OFC,0.012589320521122084,0.625
327,5712250f-7ea2-4f55-a7ac-15e855533225,ZFM-02600,2021-08-28,M2-OFC,0.03779927807067907,0.875
328,5712250f-7ea2-4f55-a7ac-15e855533225,ZFM-02600,2021-08-28,M2-OFC,0.016528006112852326,1.125
329,5712250f-7ea2-4f55-a7ac-15e855533225,ZFM-02600,2021-08-28,M2-OFC,-0.012810029250045638,1.375
330,5712250f-7ea2-4f55-a7ac-15e855533225,ZFM-02600,2021-08-28,M2-OFC,-0.0059637134412233095,1.625
331,5712250f-7ea2-4f55-a7ac-15e855533225,ZFM-02600,2021-08-28,M2-OFC,-0.007840331517140023,1.875
332,5712250f-7ea2-4f55-a7ac-15e855533225,ZFM-02600,2021-08-28,M2-OFC,-0.014209314263271404,2.125
333,5712250f-7ea2-4f55-a7ac-15e855533225,ZFM-02600,2021-08-28,M2-OFC,0.021928588616442212,2.375
334,5712250f-7ea2-4f55-a7ac-15e855533225,ZFM-02600,2021-08-28,M2-OFC,-0.02184091295387893,2.625
335,5712250f-7ea2-4f55-a7ac-15e855533225,ZFM-02600,2021-08-28,M2-OFC,-0.014327995566820888,2.875
336,5712250f-7ea2-4f55-a7ac-15e855533225,ZFM-02600,2021-08-28,M2-mPFC,0.0057904576692426706,-0.875
337,5712250f-7ea2-4f55-a7ac-15e855533225,ZFM-02600,2021-08-28,M2-mPFC,-0.012731663625621982,-0.625
338,5712250f-7ea2-4f55-a7ac-15e855533225,ZFM-02600,2021-08-28,M2-mPFC,0.014723522718611074,-0.375
339,5712250f-7ea2-4f55-a7ac-15e855533225,ZFM-02600,2021-08-28,M2-mPFC,-0.007782316762231716,-0.125
340,5712250f-7ea2-4f55-a7ac-15e855533225,ZFM-02600,2021-08-28,M2-mPFC,0.015104215274530677,0.125
341,5712250f-7ea2-4f55-a7ac-15e855533225,ZFM-02600,2021-08-28,M2-mPFC,-0.0023515737180860026,0.375
342,5712250f-7ea2-4f55-a7ac-15e855533225,ZFM-02600,2021-08-28,M2-mPFC,0.007685107888980761,0.625
343,5712250f-7ea2-4f55-a7ac-15e855533225,ZFM-02600,2021-08-28,M2-mPFC,0.024729982066659013,0.875
344,5712250f-7ea2-4f55-a7ac-15e855533225,ZFM-02600,2021-08-28,M2-mPFC,0.025279669996991834,1.125
345,5712250f-7ea2-4f55-a7ac-15e855533225,ZFM-02600,2021-08-28,M2-mPFC,-0.006573824434169771,1.375
346,5712250f-7ea2-4f55-a7ac-15e855533225,ZFM-02600,2021-08-28,M2-mPFC,0.002491443371335841,1.625
347,5712250f-7ea2-4f55-a7ac-15e855533225,ZFM-02600,2021-08-28,M2-mPFC,-0.008873841129430321,1.875
348,5712250f-7ea2-4f55-a7ac-15e855533225,ZFM-02600,2021-08-28,M2-mPFC,-0.003407583588750546,2.125
349,5712250f-7ea2-4f55-a7ac-15e855533225,ZFM-02600,2021-08-28,M2-mPFC,0.0007331999984214896,2.375
350,5712250f-7ea2-4f55-a7ac-15e855533225,ZFM-02600,2021-08-28,M2-mPFC,-0.007858047644647499,2.625
351,5712250f-7ea2-4f55-a7ac-15e855533225,ZFM-02600,2021-08-28,M2-mPFC,0.0012853123430749238,2.875
352,eead949d-45e5-46ae-9b1d-646b280b4ecf,ZFM-02600,2021-08-26,M2-OFC,-0.013527119235573164,-0.875
353,eead949d-45e5-46ae-9b1d-646b280b4ecf,ZFM-02600,2021-08-26,M2-OFC,0.015071861177863143,-0.625
354,eead949d-45e5-46ae-9b1d-646b280b4ecf,ZFM-02600,2021-08-26,M2-OFC,-0.016703536460555314,-0.375
355,eead949d-45e5-46ae-9b1d-646b280b4ecf,ZFM-02600,2021-08-26,M2-OFC,0.015158794518265219,-0.125
356,eead949d-45e5-46ae-9b1d-646b280b4ecf,ZFM-02600,2021-08-26,M2-OFC,0.011585950544573738,0.125
357,eead949d-45e5-46ae-9b1d-646b280b4ecf,ZFM-02600,2021-08-26,M2-OFC,0.0031951864816105024,0.375
358,eead949d-45e5-46ae-9b1d-646b280b4ecf,ZFM-02600,2021-08-26,M2-OFC,-0.0017441507265034616,0.625
359,eead949d-45e5-46ae-9b1d-646b280b4ecf,ZFM-02600,2021-08-26,M2-OFC,-0.0037979342363308475,0.875
360,eead949d-45e5-46ae-9b1d-646b280b4ecf,ZFM-02600,2021-08-26,M2-OFC,0.018493448068793453,1.125
361,eead949d-45e5-46ae-9b1d-646b280b4ecf,ZFM-02600,2021-08-26,M2-OFC,0.010253188210333242,1.375
362,eead949d-45e5-46ae-9b1d-646b280b4ecf,ZFM-02600,2021-08-26,M2-OFC,0.0160704957572911,1.625
363,eead949d-45e5-46ae-9b1d-646b280b4ecf,ZFM-02600,2021-08-26,M2-OFC,-0.009398527204010482,1.875
364,eead949d-45e5-46ae-9b1d-646b280b4ecf,ZFM-02600,2021-08-26,M2-OFC,0.0037770096295216575,2.125
365,eead949d-45e5-46ae-9b1d-646b280b4ecf,ZFM-02600,2021-08-26,M2-OFC,-0.010297622490702046,2.375
366,eead949d-45e5-46ae-9b1d-646b280b4ecf,ZFM-02600,2021-08-26,M2-OFC,0.00393765520086931,2.625
367,eead949d-45e5-46ae-9b1d-646b280b4ecf,ZFM-02600,2021-08-26,M2-OFC,0.0016474747365606047,2.875
368,eead949d-45e5-46ae-9b1d-646b280b4ecf,ZFM-02600,2021-08-26,M2-mPFC,-0.013527119235573164,-0.875
369,eead949d-45e5-46ae-9b1d-646b280b4ecf,ZFM-02600,2021-08-26,M2-mPFC,0.015071861177863143,-0.625
370,eead949d-45e5-46ae-9b1d-646b280b4ecf,ZFM-02600,2021-08-26,M2-mPFC,-0.016703536460555314,-0.375
371,eead949d-45e5-46ae-9b1d-646b280b4ecf,ZFM-02600,2021-08-26,M2-mPFC,0.015158794518265219,-0.125
372,eead949d-45e5-46ae-9b1d-646b280b4ecf,ZFM-02600,2021-08-26,M2-mPFC,0.011585950544573738,0.125
373,eead949d-45e5-46ae-9b1d-646b280b4ecf,ZFM-02600,2021-08-26,M2-mPFC,0.0031951864816105024,0.375
374,eead949d-45e5-46ae-9b1d-646b280b4ecf,ZFM-02600,2021-08-26,M2-mPFC,-0.0017441507265034616,0.625
375,eead949d-45e5-46ae-9b1d-646b280b4ecf,ZFM-02600,2021-08-26,M2-mPFC,-0.0037979342363308475,0.875
376,eead949d-45e5-46ae-9b1d-646b280b4ecf,ZFM-02600,2021-08-26,M2-mPFC,0.018493448068793453,1.125
377,eead949d-45e5-46ae-9b1d-646b280b4ecf,ZFM-02600,2021-08-26,M2-mPFC,0.010253188210333242,1.375
378,eead949d-45e5-46ae-9b1d-646b280b4ecf,ZFM-02600,2021-08-26,M2-mPFC,0.0160704957572911,1.625
379,eead949d-45e5-46ae-9b1d-646b280b4ecf,ZFM-02600,2021-08-26,M2-mPFC,-0.009398527204010482,1.875
380,eead949d-45e5-46ae-9b1d-646b280b4ecf,ZFM-02600,2021-08-26,M2-mPFC,0.0037770096295216575,2.125
381,eead949d-45e5-46ae-9b1d-646b280b4ecf,ZFM-02600,2021-08-26,M2-mPFC,-0.010297622490702046,2.375
382,eead949d-45e5-46ae-9b1d-646b280b4ecf,ZFM-02600,2021-08-26,M2-mPFC,0.00393765520086931,2.625
383,eead949d-45e5-46ae-9b1d-646b280b4ecf,ZFM-02600,2021-08-26,M2-mPFC,0.0016474747365606047,2.875
384,985672f4-4308-4f68-84ac-0d10acad84bb,ZFM-02181,2021-07-16,M2-OFC,-0.024767641936855725,-0.875
385,985672f4-4308-4f68-84ac-0d10acad84bb,ZFM-02181,2021-07-16,M2-OFC,0.025879265977653318,-0.625
386,985672f4-4308-4f68-84ac-0d10acad84bb,ZFM-02181,2021-07-16,M2-OFC,-0.010762552256430647,-0.375
387,985672f4-4308-4f68-84ac-0d10acad84bb,ZFM-02181,2021-07-16,M2-OFC,0.009650928215633072,-0.125
388,985672f4-4308-4f68-84ac-0d10acad84bb,ZFM-02181,2021-07-16,M2-OFC,-0.008860385691467462,0.125
389,985672f4-4308-4f68-84ac-0d10acad84bb,ZFM-02181,2021-07-16,M2-OFC,0.017599255263879093,0.375
390,985672f4-4308-4f68-84ac-0d10acad84bb,ZFM-02181,2021-07-16,M2-OFC,-0.029056285180048665,0.625
391,985672f4-4308-4f68-84ac-0d10acad84bb,ZFM-02181,2021-07-16,M2-OFC,-0.01628036862608827,0.875
392,985672f4-4308-4f68-84ac-0d10acad84bb,ZFM-02181,2021-07-16,M2-OFC,0.013371467872077708,1.125
393,985672f4-4308-4f68-84ac-0d10acad84bb,ZFM-02181,2021-07-16,M2-OFC,0.017138725045409045,1.375
394,985672f4-4308-4f68-84ac-0d10acad84bb,ZFM-02181,2021-07-16,M2-OFC,-0.03513775602449622,1.625
395,985672f4-4308-4f68-84ac-0d10acad84bb,ZFM-02181,2021-07-16,M2-OFC,-6.209663413209263e-05,1.875
396,985672f4-4308-4f68-84ac-0d10acad84bb,ZFM-02181,2021-07-16,M2-OFC,0.014976077565492935,2.125
397,985672f4-4308-4f68-84ac-0d10acad84bb,ZFM-02181,2021-07-16,M2-OFC,-0.027148564188274597,2.375
398,985672f4-4308-4f68-84ac-0d10acad84bb,ZFM-02181,2021-07-16,M2-OFC,-0.023997634623172583,2.625
399,985672f4-4308-4f68-84ac-0d10acad84bb,ZFM-02181,2021-07-16,M2-OFC,0.02569169894406136,2.875
400,985672f4-4308-4f68-84ac-0d10acad84bb,ZFM-02181,2021-07-16,M2-mPFC,-0.024767641936855725,-0.875
401,985672f4-4308-4f68-84ac-0d10acad84bb,ZFM-02181,2021-07-16,M2-mPFC,0.025879265977653318,-0.625
402,985672f4-4308-4f68-84ac-0d10acad84bb,ZFM-02181,2021-07-16,M2-mPFC,-0.010762552256430647,-0.375
403,985672f4-4308-4f68-84ac-0d10acad84bb,ZFM-02181,2021-07-16,M2-mPFC,0.009650928215633072,-0.125
404,985672f4-4308-4f68-84ac-0d10acad84bb,ZFM-02181,2021-07-16,M2-mPFC,-0.008860385691467462,0.125
405,985672f4-4308-4f68-84ac-0d10acad84bb,ZFM-02181,2021-07-16,M2-mPFC,0.017599255263879093,0.375
406,985672f4-4308-4f68-84ac-0d10acad84bb,ZFM-02181,2021-07-16,M2-mPFC,-0.029056285180048665,0.625
407,985672f4-4308-4f68-84ac-0d10acad84bb,ZFM-02181,2021-07-16,M2-mPFC,-0.01628036862608827,0.875
408,985672f4-4308-4f68-84ac-0d10acad84bb,ZFM-02181,2021-07-16,M2-mPFC,0.013371467872077708,1.125
409,985672f4-4308-4f68-84ac-0d10acad84bb,ZFM-02181,2021-07-16,M2-mPFC,0.017138725045409045,1.375
410,985672f4-4308-4f68-84ac-0d10acad84bb,ZFM-02181,2021-07-16,M2-mPFC,-0.03513775602449622,1.625
411,985672f4-4308-4f68-84ac-0d10acad84bb,ZFM-02181,2021-07-16,M2-mPFC,-6.209663413209263e-05,1.875
412,985672f4-4308-4f68-84ac-0d10acad84bb,ZFM-02181,2021-07-16,M2-mPFC,0.014976077565492935,2.125
413,985672f4-4308-4f68-84ac-0d10acad84bb,ZFM-02181,2021-07-16,M2-mPFC,-0.027148564188274597,2.375
414,985672f4-4308-4f68-84ac-0d10acad84bb,ZFM-02181,2021-07-16,M2-mPFC,-0.023997634623172583,2.625
415,985672f4-4308-4f68-84ac-0d10acad84bb,ZFM-02181,2021-07-16,M2-mPFC,0.02569169894406136,2.875
416,3641cd8e-831f-46b5-9600-688c23aaa79b,ZFM-02181,2021-07-14,M2-OFC,0.008351997360775703,-0.875
417,3641cd8e-831f-46b5-9600-688c23aaa79b,ZFM-02181,2021-07-14,M2-OFC,-0.002323234540620502,-0.625
418,3641cd8e-831f-46b5-9600-688c23aaa79b,ZFM-02181,2021-07-14,M2-OFC,-0.00723811662085849,-0.375
419,3641cd8e-831f-46b5-9600-688c23aaa79b,ZFM-02181,2021-07-14,M2-OFC,0.001209353800703302,-0.125
420,3641cd8e-831f-46b5-9600-688c23aaa79b,ZFM-02181,2021-07-14,M2-OFC,-0.0042345836544932895,0.125
421,3641cd8e-831f-46b5-9600-688c23aaa79b,ZFM-02181,2021-07-14,M2-OFC,-0.007157439226993711,0.375
422,3641cd8e-831f-46b5-9600-688c23aaa79b,ZFM-02181,2021-07-14,M2-OFC,0.0027443649780501136,0.625
423,3641cd8e-831f-46b5-9600-688c23aaa79b,ZFM-02181,2021-07-14,M2-OFC,0.007950600218497675,0.875
424,3641cd8e-831f-46b5-9600-688c23aaa79b,ZFM-02181,2021-07-14,M2-OFC,-0.005928486173189906,1.125
425,3641cd8e-831f-46b5-9600-688c23aaa79b,ZFM-02181,2021-07-14,M2-OFC,0.011100608572370435,1.375
426,3641cd8e-831f-46b5-9600-688c23aaa79b,ZFM-02181,2021-07-14,M2-OFC,0.0062840235386593625,1.625
427,3641cd8e-831f-46b5-9600-688c23aaa79b,ZFM-02181,2021-07-14,M2-OFC,0.0028583146922254296,1.875
428,3641cd8e-831f-46b5-9600-688c23aaa79b,ZFM-02181,2021-07-14,M2-OFC,-0.00192309641614117,2.125
429,3641cd8e-831f-46b5-9600-688c23aaa79b,ZFM-02181,2021-07-14,M2-OFC,0.005735738220699517,2.375
430,3641cd8e-831f-46b5-9600-688c23aaa79b,ZFM-02181,2021-07-14,M2-OFC,0.003101158287298562,2.625
431,3641cd8e-831f-46b5-9600-688c23aaa79b,ZFM-02181,2021-07-14,M2-OFC,0.007438049446370672,2.875
432,3641cd8e-831f-46b5-9600-688c23aaa79b,ZFM-02181,2021-07-14,M2-mPFC,0.013880537932727153,-0.875
433,3641cd8e-831f-46b5-9600-688c23aaa79b,ZFM-02181,2021-07-14,M2-mPFC,-0.002429307901961326,-0.625
434,3641cd8e-831f-46b5-9600-688c23aaa79b,ZFM-02181,2021-07-14,M2-mPFC,-0.014738501006966583,-0.375
435,3641cd8e-831f-46b5-9600-688c23aaa79b,ZFM-02181,2021-07-14,M2-mPFC,0.003287270976200746,-0.125
436,3641cd8e-831f-46b5-9600-688c23aaa79b,ZFM-02181,2021-07-14,M2-mPFC,-0.01572752614371335,0.125
437,3641cd8e-831f-46b5-9600-688c23aaa79b,ZFM-02181,2021-07-14,M2-mPFC,-0.014313878968838544,0.375
438,3641cd8e-831f-46b5-9600-688c23aaa79b,ZFM-02181,2021-07-14,M2-mPFC,-0.010486230321399814,0.625
439,3641cd8e-831f-46b5-9600-688c23aaa79b,ZFM-02181,2021-07-14,M2-mPFC,0.006439383497603422,0.875
440,3641cd8e-831f-46b5-9600-688c23aaa79b,ZFM-02181,2021-07-14,M2-mPFC,-0.011351042165282906,1.125
441,3641cd8e-831f-46b5-9600-688c23aaa79b,ZFM-02181,2021-07-14,M2-mPFC,0.0009090911504869918,1.375
442,3641cd8e-831f-46b5-9600-688c23aaa79b,ZFM-02181,2021-07-14,M2-mPFC,-0.003931620118515213,1.625
443,3641cd8e-831f-46b5-9600-688c23aaa79b,ZFM-02181,2021-07-14,M2-mPFC,-0.008758093279508192,1.875
444,3641cd8e-831f-46b5-9600-688c23aaa79b,ZFM-02181,2021-07-14,M2-mPFC,-0.015079535768621739,2.125
445,3641cd8e-831f-46b5-9600-688c23aaa79b,ZFM-02181,2021-07-14,M2-mPFC,-0.009215626253552723,2.375
446,3641cd8e-831f-46b5-9600-688c23aaa79b,ZFM-02181,2021-07-14,M2-mPFC,0.005527542426591728,2.625
447,3641cd8e-831f-46b5-9600-688c23aaa79b,ZFM-02181,2021-07-14,M2-mPFC,-0.002695648933937068,2.875
