,subject,date,eid,pid,sert-cre,region,to_down_peths,to_up_peths,time
0,ZFM-04820,2022-09-16,a5f5eacc-3344-4f24-a41a-a6018c1eabf1,04954136-75a8-4a20-9054-37b0bffd3b8b,1,Cortex,0.18574211319184744,0.2304251412560198,-0.9
1,ZFM-04820,2022-09-16,a5f5eacc-3344-4f24-a41a-a6018c1eabf1,04954136-75a8-4a20-9054-37b0bffd3b8b,1,Cortex,0.22775505689377026,0.10055411185950681,-0.7000000000000001
2,ZFM-04820,2022-09-16,a5f5eacc-3344-4f24-a41a-a6018c1eabf1,04954136-75a8-4a20-9054-37b0bffd3b8b,1,Cortex,0.28301325447437053,0.042208145075512994,-0.5
3,ZFM-04820,2022-09-16,a5f5eacc-3344-4f24-a41a-a6018c1eabf1,04954136-75a8-4a20-9054-37b0bffd3b8b,1,Cortex,0.2882770967549391,0.041720800265082174,-0.30000000000000004
4,ZFM-04820,2022-09-16,a5f5eacc-3344-4f24-a41a-a6018c1eabf1,04954136-75a8-4a20-9054-37b0bffd3b8b,1,Cortex,0.3418598004184365,0.02963691392268082,-0.1
5,ZFM-04820,2022-09-16,a5f5eacc-3344-4f24-a41a-a6018c1eabf1,04954136-75a8-4a20-9054-37b0bffd3b8b,1,Cortex,0.42897323350111644,0.02959661860900429,0.1
6,ZFM-04820,2022-09-16,a5f5eacc-3344-4f24-a41a-a6018c1eabf1,04954136-75a8-4a20-9054-37b0bffd3b8b,1,Cortex,0.4758708513177457,0.04033771244798997,0.30000000000000004
7,ZFM-04820,2022-09-16,a5f5eacc-3344-4f24-a41a-a6018c1eabf1,04954136-75a8-4a20-9054-37b0bffd3b8b,1,Cortex,0.5052208419371019,0.024237373110819006,0.5
8,ZFM-04820,2022-09-16,a5f5eacc-3344-4f24-a41a-a6018c1eabf1,04954136-75a8-4a20-9054-37b0bffd3b8b,1,Cortex,0.545237385880168,0.006299746827151945,0.7000000000000001
9,ZFM-04820,2022-09-16,a5f5eacc-3344-4f24-a41a-a6018c1eabf1,04954136-75a8-4a20-9054-37b0bffd3b8b,1,Cortex,0.47967741342812387,0.011752819735425564,0.9
10,ZFM-04820,2022-09-16,a5f5eacc-3344-4f24-a41a-a6018c1eabf1,04954136-75a8-4a20-9054-37b0bffd3b8b,1,Cortex,0.35026232069158375,0.056143743910600084,1.1
11,ZFM-04820,2022-09-16,a5f5eacc-3344-4f24-a41a-a6018c1eabf1,04954136-75a8-4a20-9054-37b0bffd3b8b,1,Cortex,0.21300103176036853,0.1350379296247868,1.3000000000000003
12,ZFM-04820,2022-09-16,a5f5eacc-3344-4f24-a41a-a6018c1eabf1,04954136-75a8-4a20-9054-37b0bffd3b8b,1,Cortex,0.1256640256023036,0.2601890417212181,1.5
13,ZFM-04820,2022-09-16,a5f5eacc-3344-4f24-a41a-a6018c1eabf1,04954136-75a8-4a20-9054-37b0bffd3b8b,1,Cortex,0.11661118386984212,0.48282190985640766,1.7000000000000002
14,ZFM-04820,2022-09-16,a5f5eacc-3344-4f24-a41a-a6018c1eabf1,04954136-75a8-4a20-9054-37b0bffd3b8b,1,Cortex,0.08922887379049575,0.6518934843968265,1.9
15,ZFM-04820,2022-09-16,a5f5eacc-3344-4f24-a41a-a6018c1eabf1,04954136-75a8-4a20-9054-37b0bffd3b8b,1,Cortex,0.035022628738696,0.6567004632958436,2.1
16,ZFM-04820,2022-09-16,a5f5eacc-3344-4f24-a41a-a6018c1eabf1,04954136-75a8-4a20-9054-37b0bffd3b8b,1,Cortex,0.006285766686491226,0.5905876562079835,2.3000000000000003
17,ZFM-04820,2022-09-16,a5f5eacc-3344-4f24-a41a-a6018c1eabf1,04954136-75a8-4a20-9054-37b0bffd3b8b,1,Cortex,0.0004701013849456347,0.4666387734805387,2.5
18,ZFM-04820,2022-09-16,a5f5eacc-3344-4f24-a41a-a6018c1eabf1,04954136-75a8-4a20-9054-37b0bffd3b8b,1,Cortex,2.7213888197034613e-05,0.33423286843260513,2.7
19,ZFM-04820,2022-09-16,a5f5eacc-3344-4f24-a41a-a6018c1eabf1,04954136-75a8-4a20-9054-37b0bffd3b8b,1,Cortex,0.0004571655889009797,0.21880023228176534,2.9000000000000004
20,ZFM-04820,2022-09-16,a5f5eacc-3344-4f24-a41a-a6018c1eabf1,04954136-75a8-4a20-9054-37b0bffd3b8b,1,Cortex,0.005882878371954445,0.17276932358647337,3.1
21,ZFM-04820,2022-09-16,a5f5eacc-3344-4f24-a41a-a6018c1eabf1,04954136-75a8-4a20-9054-37b0bffd3b8b,1,Cortex,0.030966171701008318,0.12059852484922329,3.3000000000000003
22,ZFM-04820,2022-09-16,a5f5eacc-3344-4f24-a41a-a6018c1eabf1,04954136-75a8-4a20-9054-37b0bffd3b8b,1,Cortex,0.08164535963443546,0.07051476294565327,3.5
23,ZFM-04820,2022-09-16,a5f5eacc-3344-4f24-a41a-a6018c1eabf1,04954136-75a8-4a20-9054-37b0bffd3b8b,1,Cortex,0.1538070709114399,0.07668989569401369,3.7
24,ZFM-04820,2022-09-16,a5f5eacc-3344-4f24-a41a-a6018c1eabf1,04954136-75a8-4a20-9054-37b0bffd3b8b,1,Cortex,0.23406517828197823,0.09507130210093516,3.9000000000000004
0,ZFM-04820,2022-09-16,a5f5eacc-3344-4f24-a41a-a6018c1eabf1,04954136-75a8-4a20-9054-37b0bffd3b8b,1,Striatum,0.08797483907155206,0.29997097615075297,-0.9
1,ZFM-04820,2022-09-16,a5f5eacc-3344-4f24-a41a-a6018c1eabf1,04954136-75a8-4a20-9054-37b0bffd3b8b,1,Striatum,0.16008927756673677,0.1690085736568679,-0.7000000000000001
2,ZFM-04820,2022-09-16,a5f5eacc-3344-4f24-a41a-a6018c1eabf1,04954136-75a8-4a20-9054-37b0bffd3b8b,1,Striatum,0.1995823938530639,0.09789588181475167,-0.5
3,ZFM-04820,2022-09-16,a5f5eacc-3344-4f24-a41a-a6018c1eabf1,04954136-75a8-4a20-9054-37b0bffd3b8b,1,Striatum,0.17195152787461854,0.09143141070806841,-0.30000000000000004
4,ZFM-04820,2022-09-16,a5f5eacc-3344-4f24-a41a-a6018c1eabf1,04954136-75a8-4a20-9054-37b0bffd3b8b,1,Striatum,0.21750291656660206,0.08035595418365565,-0.1
5,ZFM-04820,2022-09-16,a5f5eacc-3344-4f24-a41a-a6018c1eabf1,04954136-75a8-4a20-9054-37b0bffd3b8b,1,Striatum,0.4239239501071183,0.07843439228671503,0.1
6,ZFM-04820,2022-09-16,a5f5eacc-3344-4f24-a41a-a6018c1eabf1,04954136-75a8-4a20-9054-37b0bffd3b8b,1,Striatum,0.7525855818445953,0.08565750620123345,0.30000000000000004
7,ZFM-04820,2022-09-16,a5f5eacc-3344-4f24-a41a-a6018c1eabf1,04954136-75a8-4a20-9054-37b0bffd3b8b,1,Striatum,0.9248279098309768,0.04929404663097933,0.5
8,ZFM-04820,2022-09-16,a5f5eacc-3344-4f24-a41a-a6018c1eabf1,04954136-75a8-4a20-9054-37b0bffd3b8b,1,Striatum,0.6889407371202202,0.01621097206103761,0.7000000000000001
9,ZFM-04820,2022-09-16,a5f5eacc-3344-4f24-a41a-a6018c1eabf1,04954136-75a8-4a20-9054-37b0bffd3b8b,1,Striatum,0.39927016125047976,0.025097274694027893,0.9
10,ZFM-04820,2022-09-16,a5f5eacc-3344-4f24-a41a-a6018c1eabf1,04954136-75a8-4a20-9054-37b0bffd3b8b,1,Striatum,0.2299852394466436,0.04039169480332258,1.1
11,ZFM-04820,2022-09-16,a5f5eacc-3344-4f24-a41a-a6018c1eabf1,04954136-75a8-4a20-9054-37b0bffd3b8b,1,Striatum,0.11727161776389769,0.03055124023337666,1.3000000000000003
12,ZFM-04820,2022-09-16,a5f5eacc-3344-4f24-a41a-a6018c1eabf1,04954136-75a8-4a20-9054-37b0bffd3b8b,1,Striatum,0.061020992951548204,0.04274471494497487,1.5
13,ZFM-04820,2022-09-16,a5f5eacc-3344-4f24-a41a-a6018c1eabf1,04954136-75a8-4a20-9054-37b0bffd3b8b,1,Striatum,0.046234128583882414,0.12021301741776137,1.7000000000000002
14,ZFM-04820,2022-09-16,a5f5eacc-3344-4f24-a41a-a6018c1eabf1,04954136-75a8-4a20-9054-37b0bffd3b8b,1,Striatum,0.02469453566360198,0.28080195933670415,1.9
15,ZFM-04820,2022-09-16,a5f5eacc-3344-4f24-a41a-a6018c1eabf1,04954136-75a8-4a20-9054-37b0bffd3b8b,1,Striatum,0.006312680795865912,0.5186452723940372,2.1
16,ZFM-04820,2022-09-16,a5f5eacc-3344-4f24-a41a-a6018c1eabf1,04954136-75a8-4a20-9054-37b0bffd3b8b,1,Striatum,0.011698096443383398,0.6509506112108047,2.3000000000000003
17,ZFM-04820,2022-09-16,a5f5eacc-3344-4f24-a41a-a6018c1eabf1,04954136-75a8-4a20-9054-37b0bffd3b8b,1,Striatum,0.05424995841184592,0.5446848207155284,2.5
18,ZFM-04820,2022-09-16,a5f5eacc-3344-4f24-a41a-a6018c1eabf1,04954136-75a8-4a20-9054-37b0bffd3b8b,1,Striatum,0.1093981575106235,0.4135421756542425,2.7
19,ZFM-04820,2022-09-16,a5f5eacc-3344-4f24-a41a-a6018c1eabf1,04954136-75a8-4a20-9054-37b0bffd3b8b,1,Striatum,0.11292892880134252,0.38064897478043036,2.9000000000000004
20,ZFM-04820,2022-09-16,a5f5eacc-3344-4f24-a41a-a6018c1eabf1,04954136-75a8-4a20-9054-37b0bffd3b8b,1,Striatum,0.08031565462507938,0.37941233338019137,3.1
21,ZFM-04820,2022-09-16,a5f5eacc-3344-4f24-a41a-a6018c1eabf1,04954136-75a8-4a20-9054-37b0bffd3b8b,1,Striatum,0.055593046442792414,0.3129565862668116,3.3000000000000003
22,ZFM-04820,2022-09-16,a5f5eacc-3344-4f24-a41a-a6018c1eabf1,04954136-75a8-4a20-9054-37b0bffd3b8b,1,Striatum,0.05747519959859622,0.21126829644982653,3.5
23,ZFM-04820,2022-09-16,a5f5eacc-3344-4f24-a41a-a6018c1eabf1,04954136-75a8-4a20-9054-37b0bffd3b8b,1,Striatum,0.08478632767980802,0.14263735281801204,3.7
24,ZFM-04820,2022-09-16,a5f5eacc-3344-4f24-a41a-a6018c1eabf1,04954136-75a8-4a20-9054-37b0bffd3b8b,1,Striatum,0.14617999146883512,0.13592238021727707,3.9000000000000004
0,ZFM-04820,2022-09-16,a5f5eacc-3344-4f24-a41a-a6018c1eabf1,181aeeb1-9858-4562-9d7c-1ce21959cd80,1,Striatum,0.056991420898895404,0.10491204732856634,-0.9
1,ZFM-04820,2022-09-16,a5f5eacc-3344-4f24-a41a-a6018c1eabf1,181aeeb1-9858-4562-9d7c-1ce21959cd80,1,Striatum,0.0551500145354364,0.09370144680431641,-0.7000000000000001
2,ZFM-04820,2022-09-16,a5f5eacc-3344-4f24-a41a-a6018c1eabf1,181aeeb1-9858-4562-9d7c-1ce21959cd80,1,Striatum,0.07540138227950532,0.059205871406974094,-0.5
3,ZFM-04820,2022-09-16,a5f5eacc-3344-4f24-a41a-a6018c1eabf1,181aeeb1-9858-4562-9d7c-1ce21959cd80,1,Striatum,0.09560891571198656,0.04662287957682689,-0.30000000000000004
4,ZFM-04820,2022-09-16,a5f5eacc-3344-4f24-a41a-a6018c1eabf1,181aeeb1-9858-4562-9d7c-1ce21959cd80,1,Striatum,0.11488187903729634,0.030066120438125607,-0.1
5,ZFM-04820,2022-09-16,a5f5eacc-3344-4f24-a41a-a6018c1eabf1,181aeeb1-9858-4562-9d7c-1ce21959cd80,1,Striatum,0.2056084460273667,0.029609998590823815,0.1
6,ZFM-04820,2022-09-16,a5f5eacc-3344-4f24-a41a-a6018c1eabf1,181aeeb1-9858-4562-9d7c-1ce21959cd80,1,Striatum,0.4640380888620784,0.04035109424983745,0.30000000000000004
7,ZFM-04820,2022-09-16,a5f5eacc-3344-4f24-a41a-a6018c1eabf1,181aeeb1-9858-4562-9d7c-1ce21959cd80,1,Striatum,0.7724800795482323,0.024667025648510133,0.5
8,ZFM-04820,2022-09-16,a5f5eacc-3344-4f24-a41a-a6018c1eabf1,181aeeb1-9858-4562-9d7c-1ce21959cd80,1,Striatum,0.8956356207564553,0.01124197946227071,0.7000000000000001
9,ZFM-04820,2022-09-16,a5f5eacc-3344-4f24-a41a-a6018c1eabf1,181aeeb1-9858-4562-9d7c-1ce21959cd80,1,Striatum,0.8213034319292273,0.030081143111601233,0.9
10,ZFM-04820,2022-09-16,a5f5eacc-3344-4f24-a41a-a6018c1eabf1,181aeeb1-9858-4562-9d7c-1ce21959cd80,1,Striatum,0.5595404980469656,0.0655824971121755,1.1
11,ZFM-04820,2022-09-16,a5f5eacc-3344-4f24-a41a-a6018c1eabf1,181aeeb1-9858-4562-9d7c-1ce21959cd80,1,Striatum,0.32075108015883785,0.08525879355178043,1.3000000000000003
12,ZFM-04820,2022-09-16,a5f5eacc-3344-4f24-a41a-a6018c1eabf1,181aeeb1-9858-4562-9d7c-1ce21959cd80,1,Striatum,0.21575320197115502,0.16480078573805979,1.5
13,ZFM-04820,2022-09-16,a5f5eacc-3344-4f24-a41a-a6018c1eabf1,181aeeb1-9858-4562-9d7c-1ce21959cd80,1,Striatum,0.10455186808856261,0.4335287823754355,1.7000000000000002
14,ZFM-04820,2022-09-16,a5f5eacc-3344-4f24-a41a-a6018c1eabf1,181aeeb1-9858-4562-9d7c-1ce21959cd80,1,Striatum,0.022121510333375616,0.7316420883265855,1.9
15,ZFM-04820,2022-09-16,a5f5eacc-3344-4f24-a41a-a6018c1eabf1,181aeeb1-9858-4562-9d7c-1ce21959cd80,1,Striatum,0.0022302059391059144,0.8014786467944657,2.1
16,ZFM-04820,2022-09-16,a5f5eacc-3344-4f24-a41a-a6018c1eabf1,181aeeb1-9858-4562-9d7c-1ce21959cd80,1,Striatum,0.005466163454899252,0.6922613766693665,2.3000000000000003
17,ZFM-04820,2022-09-16,a5f5eacc-3344-4f24-a41a-a6018c1eabf1,181aeeb1-9858-4562-9d7c-1ce21959cd80,1,Striatum,0.024640852461233008,0.45639762457694383,2.5
18,ZFM-04820,2022-09-16,a5f5eacc-3344-4f24-a41a-a6018c1eabf1,181aeeb1-9858-4562-9d7c-1ce21959cd80,1,Striatum,0.04529332688130031,0.2535589604215186,2.7
19,ZFM-04820,2022-09-16,a5f5eacc-3344-4f24-a41a-a6018c1eabf1,181aeeb1-9858-4562-9d7c-1ce21959cd80,1,Striatum,0.04839414525796276,0.2076565079279584,2.9000000000000004
20,ZFM-04820,2022-09-16,a5f5eacc-3344-4f24-a41a-a6018c1eabf1,181aeeb1-9858-4562-9d7c-1ce21959cd80,1,Striatum,0.04529347433807342,0.1995941457344889,3.1
21,ZFM-04820,2022-09-16,a5f5eacc-3344-4f24-a41a-a6018c1eabf1,181aeeb1-9858-4562-9d7c-1ce21959cd80,1,Striatum,0.02465393874376484,0.12468144998043011,3.3000000000000003
22,ZFM-04820,2022-09-16,a5f5eacc-3344-4f24-a41a-a6018c1eabf1,181aeeb1-9858-4562-9d7c-1ce21959cd80,1,Striatum,0.0058827284802573186,0.052536094354898706,3.5
23,ZFM-04820,2022-09-16,a5f5eacc-3344-4f24-a41a-a6018c1eabf1,181aeeb1-9858-4562-9d7c-1ce21959cd80,1,Striatum,0.006755714527809168,0.06054910933601354,3.7
24,ZFM-04820,2022-09-16,a5f5eacc-3344-4f24-a41a-a6018c1eabf1,181aeeb1-9858-4562-9d7c-1ce21959cd80,1,Striatum,0.035908401897550186,0.10449652057011613,3.9000000000000004
0,ZFM-04820,2022-09-15,73fa004c-eac3-4b34-997a-9b4268990474,366c7c11-5509-443f-b07b-dabc9dcfd53e,1,Cortex,0.2638690408155596,0.3447973490517813,-0.9
1,ZFM-04820,2022-09-15,73fa004c-eac3-4b34-997a-9b4268990474,366c7c11-5509-443f-b07b-dabc9dcfd53e,1,Cortex,0.3500433562579098,0.37704654958539174,-0.7000000000000001
2,ZFM-04820,2022-09-15,73fa004c-eac3-4b34-997a-9b4268990474,366c7c11-5509-443f-b07b-dabc9dcfd53e,1,Cortex,0.44671725391821954,0.33945059576322884,-0.5
3,ZFM-04820,2022-09-15,73fa004c-eac3-4b34-997a-9b4268990474,366c7c11-5509-443f-b07b-dabc9dcfd53e,1,Cortex,0.4334296439457949,0.26589467143076556,-0.30000000000000004
4,ZFM-04820,2022-09-15,73fa004c-eac3-4b34-997a-9b4268990474,366c7c11-5509-443f-b07b-dabc9dcfd53e,1,Cortex,0.3854215610256456,0.2404483427314446,-0.1
5,ZFM-04820,2022-09-15,73fa004c-eac3-4b34-997a-9b4268990474,366c7c11-5509-443f-b07b-dabc9dcfd53e,1,Cortex,0.3568298328648814,0.25513350777526467,0.1
6,ZFM-04820,2022-09-15,73fa004c-eac3-4b34-997a-9b4268990474,366c7c11-5509-443f-b07b-dabc9dcfd53e,1,Cortex,0.45173072973379236,0.2278928633403461,0.30000000000000004
7,ZFM-04820,2022-09-15,73fa004c-eac3-4b34-997a-9b4268990474,366c7c11-5509-443f-b07b-dabc9dcfd53e,1,Cortex,0.5974786865063696,0.21579666299704178,0.5
8,ZFM-04820,2022-09-15,73fa004c-eac3-4b34-997a-9b4268990474,366c7c11-5509-443f-b07b-dabc9dcfd53e,1,Cortex,0.5864296615646644,0.3283088306463593,0.7000000000000001
9,ZFM-04820,2022-09-15,73fa004c-eac3-4b34-997a-9b4268990474,366c7c11-5509-443f-b07b-dabc9dcfd53e,1,Cortex,0.3672090682611375,0.45961782902406567,0.9
10,ZFM-04820,2022-09-15,73fa004c-eac3-4b34-997a-9b4268990474,366c7c11-5509-443f-b07b-dabc9dcfd53e,1,Cortex,0.18890061384115076,0.5528127413719532,1.1
11,ZFM-04820,2022-09-15,73fa004c-eac3-4b34-997a-9b4268990474,366c7c11-5509-443f-b07b-dabc9dcfd53e,1,Cortex,0.13012172393352822,0.6416398846578616,1.3000000000000003
12,ZFM-04820,2022-09-15,73fa004c-eac3-4b34-997a-9b4268990474,366c7c11-5509-443f-b07b-dabc9dcfd53e,1,Cortex,0.10949498911260175,0.6732936585485431,1.5
13,ZFM-04820,2022-09-15,73fa004c-eac3-4b34-997a-9b4268990474,366c7c11-5509-443f-b07b-dabc9dcfd53e,1,Cortex,0.12659037586106037,0.551549912534869,1.7000000000000002
14,ZFM-04820,2022-09-15,73fa004c-eac3-4b34-997a-9b4268990474,366c7c11-5509-443f-b07b-dabc9dcfd53e,1,Cortex,0.14611207086749822,0.3479825066192444,1.9
15,ZFM-04820,2022-09-15,73fa004c-eac3-4b34-997a-9b4268990474,366c7c11-5509-443f-b07b-dabc9dcfd53e,1,Cortex,0.17780909536272374,0.28441358633733343,2.1
16,ZFM-04820,2022-09-15,73fa004c-eac3-4b34-997a-9b4268990474,366c7c11-5509-443f-b07b-dabc9dcfd53e,1,Cortex,0.27882094840884664,0.25017774405419063,2.3000000000000003
17,ZFM-04820,2022-09-15,73fa004c-eac3-4b34-997a-9b4268990474,366c7c11-5509-443f-b07b-dabc9dcfd53e,1,Cortex,0.41438376659577225,0.16471307595743714,2.5
18,ZFM-04820,2022-09-15,73fa004c-eac3-4b34-997a-9b4268990474,366c7c11-5509-443f-b07b-dabc9dcfd53e,1,Cortex,0.5061191197479196,0.11842794060798288,2.7
19,ZFM-04820,2022-09-15,73fa004c-eac3-4b34-997a-9b4268990474,366c7c11-5509-443f-b07b-dabc9dcfd53e,1,Cortex,0.5976573568488486,0.1368352234603906,2.9000000000000004
20,ZFM-04820,2022-09-15,73fa004c-eac3-4b34-997a-9b4268990474,366c7c11-5509-443f-b07b-dabc9dcfd53e,1,Cortex,0.5127909317027887,0.20004074193894983,3.1
21,ZFM-04820,2022-09-15,73fa004c-eac3-4b34-997a-9b4268990474,366c7c11-5509-443f-b07b-dabc9dcfd53e,1,Cortex,0.3239205752596071,0.264547869832317,3.3000000000000003
22,ZFM-04820,2022-09-15,73fa004c-eac3-4b34-997a-9b4268990474,366c7c11-5509-443f-b07b-dabc9dcfd53e,1,Cortex,0.25961127045743987,0.2995029857327343,3.5
23,ZFM-04820,2022-09-15,73fa004c-eac3-4b34-997a-9b4268990474,366c7c11-5509-443f-b07b-dabc9dcfd53e,1,Cortex,0.24090104895725162,0.3282395528595212,3.7
24,ZFM-04820,2022-09-15,73fa004c-eac3-4b34-997a-9b4268990474,366c7c11-5509-443f-b07b-dabc9dcfd53e,1,Cortex,0.20359887395973592,0.35328016685510805,3.9000000000000004
0,ZFM-04820,2022-09-15,73fa004c-eac3-4b34-997a-9b4268990474,366c7c11-5509-443f-b07b-dabc9dcfd53e,1,Hippocampus,0.08873200393384112,0.054236426106145166,-0.9
1,ZFM-04820,2022-09-15,73fa004c-eac3-4b34-997a-9b4268990474,366c7c11-5509-443f-b07b-dabc9dcfd53e,1,Hippocampus,0.07490302630362541,0.04574989231044409,-0.7000000000000001
2,ZFM-04820,2022-09-15,73fa004c-eac3-4b34-997a-9b4268990474,366c7c11-5509-443f-b07b-dabc9dcfd53e,1,Hippocampus,0.05469299396929949,0.024653788855724636,-0.5
3,ZFM-04820,2022-09-15,73fa004c-eac3-4b34-997a-9b4268990474,366c7c11-5509-443f-b07b-dabc9dcfd53e,1,Hippocampus,0.05159217377169813,0.005412628925388852,-0.30000000000000004
4,ZFM-04820,2022-09-15,73fa004c-eac3-4b34-997a-9b4268990474,366c7c11-5509-443f-b07b-dabc9dcfd53e,1,Hippocampus,0.05424995780060072,0.00044333472869117444,-0.1
5,ZFM-04820,2022-09-15,73fa004c-eac3-4b34-997a-9b4268990474,366c7c11-5509-443f-b07b-dabc9dcfd53e,1,Hippocampus,0.0695039290736066,1.3533519961326237e-05,0.1
6,ZFM-04820,2022-09-15,73fa004c-eac3-4b34-997a-9b4268990474,366c7c11-5509-443f-b07b-dabc9dcfd53e,1,Hippocampus,0.06453463426840718,1.3830254447961556e-05,0.30000000000000004
7,ZFM-04820,2022-09-15,73fa004c-eac3-4b34-997a-9b4268990474,366c7c11-5509-443f-b07b-dabc9dcfd53e,1,Hippocampus,0.029609552575883734,0.00047024883623588483,0.5
8,ZFM-04820,2022-09-15,73fa004c-eac3-4b34-997a-9b4268990474,366c7c11-5509-443f-b07b-dabc9dcfd53e,1,Hippocampus,0.005842430134118196,0.006312232953587059,0.7000000000000001
9,ZFM-04820,2022-09-15,73fa004c-eac3-4b34-997a-9b4268990474,366c7c11-5509-443f-b07b-dabc9dcfd53e,1,Hippocampus,0.00045656846982964716,0.035881783916903824,0.9
10,ZFM-04820,2022-09-15,73fa004c-eac3-4b34-997a-9b4268990474,366c7c11-5509-443f-b07b-dabc9dcfd53e,1,Hippocampus,1.3532302957313575e-05,0.09909994873985822,1.1
11,ZFM-04820,2022-09-15,73fa004c-eac3-4b34-997a-9b4268990474,366c7c11-5509-443f-b07b-dabc9dcfd53e,1,Hippocampus,2.9795149064808396e-07,0.15282285806803478,1.3000000000000003
12,ZFM-04820,2022-09-15,73fa004c-eac3-4b34-997a-9b4268990474,366c7c11-5509-443f-b07b-dabc9dcfd53e,1,Hippocampus,1.3383631920107664e-05,0.13898094282266446,1.5
13,ZFM-04820,2022-09-15,73fa004c-eac3-4b34-997a-9b4268990474,366c7c11-5509-443f-b07b-dabc9dcfd53e,1,Hippocampus,0.00044318544732527076,0.08384612674547733,1.7000000000000002
14,ZFM-04820,2022-09-15,73fa004c-eac3-4b34-997a-9b4268990474,366c7c11-5509-443f-b07b-dabc9dcfd53e,1,Hippocampus,0.005399245295295185,0.05204874163302502,1.9
15,ZFM-04820,2022-09-15,73fa004c-eac3-4b34-997a-9b4268990474,366c7c11-5509-443f-b07b-dabc9dcfd53e,1,Hippocampus,0.024210455952539223,0.030952638179218034,2.1
16,ZFM-04820,2022-09-15,73fa004c-eac3-4b34-997a-9b4268990474,366c7c11-5509-443f-b07b-dabc9dcfd53e,1,Hippocampus,0.04033756133745986,0.03502233017139531,2.3000000000000003
17,ZFM-04820,2022-09-15,73fa004c-eac3-4b34-997a-9b4268990474,366c7c11-5509-443f-b07b-dabc9dcfd53e,1,Hippocampus,0.029609551968294942,0.06453493222081028,2.5
18,ZFM-04820,2022-09-15,73fa004c-eac3-4b34-997a-9b4268990474,366c7c11-5509-443f-b07b-dabc9dcfd53e,1,Hippocampus,0.030039354391288395,0.06411806801873428,2.7
19,ZFM-04820,2022-09-15,73fa004c-eac3-4b34-997a-9b4268990474,366c7c11-5509-443f-b07b-dabc9dcfd53e,1,Hippocampus,0.045736657961716824,0.030039651129428916,2.9000000000000004
20,ZFM-04820,2022-09-15,73fa004c-eac3-4b34-997a-9b4268990474,366c7c11-5509-443f-b07b-dabc9dcfd53e,1,Hippocampus,0.04842091190507845,0.011254761714691211,3.1
21,ZFM-04820,2022-09-15,73fa004c-eac3-4b34-997a-9b4268990474,366c7c11-5509-443f-b07b-dabc9dcfd53e,1,Hippocampus,0.04573695530379276,0.025096825631097715,3.3000000000000003
22,ZFM-04820,2022-09-15,73fa004c-eac3-4b34-997a-9b4268990474,366c7c11-5509-443f-b07b-dabc9dcfd53e,1,Hippocampus,0.03006612043903756,0.04530700481552344,3.5
23,ZFM-04820,2022-09-15,73fa004c-eac3-4b34-997a-9b4268990474,366c7c11-5509-443f-b07b-dabc9dcfd53e,1,Hippocampus,0.030495923468704805,0.048407676946935964,3.7
24,ZFM-04820,2022-09-15,73fa004c-eac3-4b34-997a-9b4268990474,366c7c11-5509-443f-b07b-dabc9dcfd53e,1,Hippocampus,0.05113620059817295,0.04573650989644095,3.9000000000000004
0,ZFM-04820,2022-09-15,73fa004c-eac3-4b34-997a-9b4268990474,366c7c11-5509-443f-b07b-dabc9dcfd53e,1,Thalamus,0.44244138338667144,0.28258495980233816,-0.9
1,ZFM-04820,2022-09-15,73fa004c-eac3-4b34-997a-9b4268990474,366c7c11-5509-443f-b07b-dabc9dcfd53e,1,Thalamus,0.4251396216547662,0.3296099979786656,-0.7000000000000001
2,ZFM-04820,2022-09-15,73fa004c-eac3-4b34-997a-9b4268990474,366c7c11-5509-443f-b07b-dabc9dcfd53e,1,Thalamus,0.3928690786989149,0.3878321031702402,-0.5
3,ZFM-04820,2022-09-15,73fa004c-eac3-4b34-997a-9b4268990474,366c7c11-5509-443f-b07b-dabc9dcfd53e,1,Thalamus,0.4161144508494848,0.4035420476186023,-0.30000000000000004
4,ZFM-04820,2022-09-15,73fa004c-eac3-4b34-997a-9b4268990474,366c7c11-5509-443f-b07b-dabc9dcfd53e,1,Thalamus,0.43503853107776946,0.34881071150946413,-0.1
5,ZFM-04820,2022-09-15,73fa004c-eac3-4b34-997a-9b4268990474,366c7c11-5509-443f-b07b-dabc9dcfd53e,1,Thalamus,0.5433958655355464,0.2915836531179399,0.1
6,ZFM-04820,2022-09-15,73fa004c-eac3-4b34-997a-9b4268990474,366c7c11-5509-443f-b07b-dabc9dcfd53e,1,Thalamus,0.6145880089869471,0.27527828324913556,0.30000000000000004
7,ZFM-04820,2022-09-15,73fa004c-eac3-4b34-997a-9b4268990474,366c7c11-5509-443f-b07b-dabc9dcfd53e,1,Thalamus,0.4282086619246892,0.2777653838281823,0.5
8,ZFM-04820,2022-09-15,73fa004c-eac3-4b34-997a-9b4268990474,366c7c11-5509-443f-b07b-dabc9dcfd53e,1,Thalamus,0.23955362738399938,0.2846781020452023,0.7000000000000001
9,ZFM-04820,2022-09-15,73fa004c-eac3-4b34-997a-9b4268990474,366c7c11-5509-443f-b07b-dabc9dcfd53e,1,Thalamus,0.16553326205305158,0.34505798125787707,0.9
10,ZFM-04820,2022-09-15,73fa004c-eac3-4b34-997a-9b4268990474,366c7c11-5509-443f-b07b-dabc9dcfd53e,1,Thalamus,0.15792883802798585,0.45094265990335386,1.1
11,ZFM-04820,2022-09-15,73fa004c-eac3-4b34-997a-9b4268990474,366c7c11-5509-443f-b07b-dabc9dcfd53e,1,Thalamus,0.18305563605606895,0.5767557114161846,1.3000000000000003
12,ZFM-04820,2022-09-15,73fa004c-eac3-4b34-997a-9b4268990474,366c7c11-5509-443f-b07b-dabc9dcfd53e,1,Thalamus,0.15963466833932402,0.6077950584602158,1.5
13,ZFM-04820,2022-09-15,73fa004c-eac3-4b34-997a-9b4268990474,366c7c11-5509-443f-b07b-dabc9dcfd53e,1,Thalamus,0.18496799494229368,0.590224772543961,1.7000000000000002
14,ZFM-04820,2022-09-15,73fa004c-eac3-4b34-997a-9b4268990474,366c7c11-5509-443f-b07b-dabc9dcfd53e,1,Thalamus,0.3111854933389027,0.5127924443199396,1.9
15,ZFM-04820,2022-09-15,73fa004c-eac3-4b34-997a-9b4268990474,366c7c11-5509-443f-b07b-dabc9dcfd53e,1,Thalamus,0.49055899081695026,0.4176352192997306,2.1
16,ZFM-04820,2022-09-15,73fa004c-eac3-4b34-997a-9b4268990474,366c7c11-5509-443f-b07b-dabc9dcfd53e,1,Thalamus,0.6339163384297184,0.35821112559817947,2.3000000000000003
17,ZFM-04820,2022-09-15,73fa004c-eac3-4b34-997a-9b4268990474,366c7c11-5509-443f-b07b-dabc9dcfd53e,1,Thalamus,0.702985563962729,0.3310184909435664,2.5
18,ZFM-04820,2022-09-15,73fa004c-eac3-4b34-997a-9b4268990474,366c7c11-5509-443f-b07b-dabc9dcfd53e,1,Thalamus,0.6096762824650017,0.24483574563433205,2.7
19,ZFM-04820,2022-09-15,73fa004c-eac3-4b34-997a-9b4268990474,366c7c11-5509-443f-b07b-dabc9dcfd53e,1,Thalamus,0.40055663422133087,0.15888877371259397,2.9000000000000004
20,ZFM-04820,2022-09-15,73fa004c-eac3-4b34-997a-9b4268990474,366c7c11-5509-443f-b07b-dabc9dcfd53e,1,Thalamus,0.3265100944997989,0.17810360936704478,3.1
21,ZFM-04820,2022-09-15,73fa004c-eac3-4b34-997a-9b4268990474,366c7c11-5509-443f-b07b-dabc9dcfd53e,1,Thalamus,0.3385364113446849,0.2892684263456148,3.3000000000000003
22,ZFM-04820,2022-09-15,73fa004c-eac3-4b34-997a-9b4268990474,366c7c11-5509-443f-b07b-dabc9dcfd53e,1,Thalamus,0.2615015133124937,0.3748062220178406,3.5
23,ZFM-04820,2022-09-15,73fa004c-eac3-4b34-997a-9b4268990474,366c7c11-5509-443f-b07b-dabc9dcfd53e,1,Thalamus,0.2112558066723773,0.3874451232761509,3.7
24,ZFM-04820,2022-09-15,73fa004c-eac3-4b34-997a-9b4268990474,366c7c11-5509-443f-b07b-dabc9dcfd53e,1,Thalamus,0.19372969017632088,0.41827359704618644,3.9000000000000004
0,ZFM-04820,2022-09-15,73fa004c-eac3-4b34-997a-9b4268990474,e4a0e958-0774-444b-ad65-f6ff7bc22902,1,Midbrain,0.02419722099439674,0.0004433341183614663,-0.9
1,ZFM-04820,2022-09-15,73fa004c-eac3-4b34-997a-9b4268990474,e4a0e958-0774-444b-ad65-f6ff7bc22902,1,Midbrain,0.0053990972300188116,1.3532302044346664e-05,-0.7000000000000001
2,ZFM-04820,2022-09-15,73fa004c-eac3-4b34-997a-9b4268990474,e4a0e958-0774-444b-ad65-f6ff7bc22902,1,Midbrain,0.0004431848397364838,1.3531696283009007e-05,-0.5
3,ZFM-04820,2022-09-15,73fa004c-eac3-4b34-997a-9b4268990474,e4a0e958-0774-444b-ad65-f6ff7bc22902,1,Midbrain,1.3383023418859022e-05,0.0004431860549135526,-0.30000000000000004
4,ZFM-04820,2022-09-15,73fa004c-eac3-4b34-997a-9b4268990474,e4a0e958-0774-444b-ad65-f6ff7bc22902,1,Midbrain,1.4927953946501047e-07,0.005399245903796939,-0.1
5,ZFM-04820,2022-09-15,73fa004c-eac3-4b34-997a-9b4268990474,e4a0e958-0774-444b-ad65-f6ff7bc22902,1,Midbrain,1.4928045243171652e-07,0.024210604625404385,0.1
6,ZFM-04820,2022-09-15,73fa004c-eac3-4b34-997a-9b4268990474,e4a0e958-0774-444b-ad65-f6ff7bc22902,1,Midbrain,1.3383631006635424e-05,0.040350944968466494,0.30000000000000004
7,ZFM-04820,2022-09-15,73fa004c-eac3-4b34-997a-9b4268990474,e4a0e958-0774-444b-ad65-f6ff7bc22902,1,Midbrain,0.00044333351077368975,0.03005288608665641,0.5
8,ZFM-04820,2022-09-15,73fa004c-eac3-4b34-997a-9b4268990474,e4a0e958-0774-444b-ad65-f6ff7bc22902,1,Midbrain,0.005412479644935411,0.03545198270817347,0.7000000000000001
9,ZFM-04820,2022-09-15,73fa004c-eac3-4b34-997a-9b4268990474,e4a0e958-0774-444b-ad65-f6ff7bc22902,1,Midbrain,0.024640257161269073,0.07039029814366332,0.9
10,ZFM-04820,2022-09-15,73fa004c-eac3-4b34-997a-9b4268990474,e4a0e958-0774-444b-ad65-f6ff7bc22902,1,Midbrain,0.04529332445003017,0.0941574199778411,1.1
11,ZFM-04820,2022-09-15,73fa004c-eac3-4b34-997a-9b4268990474,e4a0e958-0774-444b-ad65-f6ff7bc22902,1,Midbrain,0.048394145252480404,0.09952989922721253,1.3000000000000003
12,ZFM-04820,2022-09-15,73fa004c-eac3-4b34-997a-9b4268990474,e4a0e958-0774-444b-ad65-f6ff7bc22902,1,Midbrain,0.04529347312106737,0.09952975116285014,1.5
13,ZFM-04820,2022-09-15,73fa004c-eac3-4b34-997a-9b4268990474,e4a0e958-0774-444b-ad65-f6ff7bc22902,1,Midbrain,0.024653640183773452,0.09414403695624969,1.7000000000000002
14,ZFM-04820,2022-09-15,73fa004c-eac3-4b34-997a-9b4268990474,e4a0e958-0774-444b-ad65-f6ff7bc22902,1,Midbrain,0.005855664483757917,0.06994711330484132,1.9
15,ZFM-04820,2022-09-15,73fa004c-eac3-4b34-997a-9b4268990474,e4a0e958-0774-444b-ad65-f6ff7bc22902,1,Midbrain,0.005842430133204219,0.030052886085742938,2.1
16,ZFM-04820,2022-09-15,73fa004c-eac3-4b34-997a-9b4268990474,e4a0e958-0774-444b-ad65-f6ff7bc22902,1,Midbrain,0.024210455953452694,0.005855813764210349,2.3000000000000003
17,ZFM-04820,2022-09-15,73fa004c-eac3-4b34-997a-9b4268990474,e4a0e958-0774-444b-ad65-f6ff7bc22902,1,Midbrain,0.0398943771071386,0.0004567171417803252,2.5
18,ZFM-04820,2022-09-15,73fa004c-eac3-4b34-997a-9b4268990474,e4a0e958-0774-444b-ad65-f6ff7bc22902,1,Midbrain,0.02419722160198603,1.353230295832393e-05,2.7
19,ZFM-04820,2022-09-15,73fa004c-eac3-4b34-997a-9b4268990474,e4a0e958-0774-444b-ad65-f6ff7bc22902,1,Midbrain,0.00541247964676286,1.4928136640908237e-07,2.9000000000000004
20,ZFM-04820,2022-09-15,73fa004c-eac3-4b34-997a-9b4268990474,e4a0e958-0774-444b-ad65-f6ff7bc22902,1,Midbrain,0.000886370286147272,1.2160905408286226e-09,3.1
21,ZFM-04820,2022-09-15,73fa004c-eac3-4b34-997a-9b4268990474,e4a0e958-0774-444b-ad65-f6ff7bc22902,1,Midbrain,0.005412628924474371,1.4867286465531501e-07,3.3000000000000003
22,ZFM-04820,2022-09-15,73fa004c-eac3-4b34-997a-9b4268990474,e4a0e958-0774-444b-ad65-f6ff7bc22902,1,Midbrain,0.0242107526888523,1.3383022505386984e-05,3.5
23,ZFM-04820,2022-09-15,73fa004c-eac3-4b34-997a-9b4268990474,e4a0e958-0774-444b-ad65-f6ff7bc22902,1,Midbrain,0.04035079629560184,0.0004431848388225066,3.7
24,ZFM-04820,2022-09-15,73fa004c-eac3-4b34-997a-9b4268990474,e4a0e958-0774-444b-ad65-f6ff7bc22902,1,Midbrain,0.030039353784612574,0.005399096622430529,3.9000000000000004
0,ZFM-04820,2022-09-14,c211d400-04aa-479f-9544-3d30e29b8c5f,36f8f321-c21b-4f2d-876b-c289ce3f8bed,1,Cortex,0.10135617310379223,0.07630291336774025,-0.9
1,ZFM-04820,2022-09-14,c211d400-04aa-479f-9544-3d30e29b8c5f,36f8f321-c21b-4f2d-876b-c289ce3f8bed,1,Cortex,0.14529406781343845,0.07668959408968458,-0.7000000000000001
2,ZFM-04820,2022-09-14,c211d400-04aa-479f-9544-3d30e29b8c5f,36f8f321-c21b-4f2d-876b-c289ce3f8bed,1,Cortex,0.1717451498926061,0.08925533884424448,-0.5
3,ZFM-04820,2022-09-14,c211d400-04aa-479f-9544-3d30e29b8c5f,36f8f321-c21b-4f2d-876b-c289ce3f8bed,1,Cortex,0.1811055216139605,0.0758032250223708,-0.30000000000000004
4,ZFM-04820,2022-09-14,c211d400-04aa-479f-9544-3d30e29b8c5f,36f8f321-c21b-4f2d-876b-c289ce3f8bed,1,Cortex,0.14091814433299754,0.06547810457806935,-0.1
5,ZFM-04820,2022-09-14,c211d400-04aa-479f-9544-3d30e29b8c5f,36f8f321-c21b-4f2d-876b-c289ce3f8bed,1,Cortex,0.1462082701328214,0.09955666953356455,0.1
6,ZFM-04820,2022-09-14,c211d400-04aa-479f-9544-3d30e29b8c5f,36f8f321-c21b-4f2d-876b-c289ce3f8bed,1,Cortex,0.23013671077543552,0.12909677976799977,0.30000000000000004
7,ZFM-04820,2022-09-14,c211d400-04aa-479f-9544-3d30e29b8c5f,36f8f321-c21b-4f2d-876b-c289ce3f8bed,1,Cortex,0.3299550794243988,0.09962432739277222,0.5
8,ZFM-04820,2022-09-14,c211d400-04aa-479f-9544-3d30e29b8c5f,36f8f321-c21b-4f2d-876b-c289ce3f8bed,1,Cortex,0.44480787958772766,0.06776153796217776,0.7000000000000001
9,ZFM-04820,2022-09-14,c211d400-04aa-479f-9544-3d30e29b8c5f,36f8f321-c21b-4f2d-876b-c289ce3f8bed,1,Cortex,0.4500003528719383,0.10506801696187937,0.9
10,ZFM-04820,2022-09-14,c211d400-04aa-479f-9544-3d30e29b8c5f,36f8f321-c21b-4f2d-876b-c289ce3f8bed,1,Cortex,0.37804500470491303,0.23899583724622836,1.1
11,ZFM-04820,2022-09-14,c211d400-04aa-479f-9544-3d30e29b8c5f,36f8f321-c21b-4f2d-876b-c289ce3f8bed,1,Cortex,0.289577775487437,0.4183260631406708,1.3000000000000003
12,ZFM-04820,2022-09-14,c211d400-04aa-479f-9544-3d30e29b8c5f,36f8f321-c21b-4f2d-876b-c289ce3f8bed,1,Cortex,0.17584263072556108,0.4890351263464408,1.5
13,ZFM-04820,2022-09-14,c211d400-04aa-479f-9544-3d30e29b8c5f,36f8f321-c21b-4f2d-876b-c289ce3f8bed,1,Cortex,0.06641874727239121,0.4429962064372567,1.7000000000000002
14,ZFM-04820,2022-09-14,c211d400-04aa-479f-9544-3d30e29b8c5f,36f8f321-c21b-4f2d-876b-c289ce3f8bed,1,Cortex,0.012181878795012237,0.35419567870072866,1.9
15,ZFM-04820,2022-09-14,c211d400-04aa-479f-9544-3d30e29b8c5f,36f8f321-c21b-4f2d-876b-c289ce3f8bed,1,Cortex,0.000927117086715331,0.27625874913570403,2.1
16,ZFM-04820,2022-09-14,c211d400-04aa-479f-9544-3d30e29b8c5f,36f8f321-c21b-4f2d-876b-c289ce3f8bed,1,Cortex,2.751305669118992e-05,0.2062991448428013,2.3000000000000003
17,ZFM-04820,2022-09-14,c211d400-04aa-479f-9544-3d30e29b8c5f,36f8f321-c21b-4f2d-876b-c289ce3f8bed,1,Cortex,2.736438291306329e-05,0.15967612145655852,2.5
18,ZFM-04820,2022-09-14,c211d400-04aa-479f-9544-3d30e29b8c5f,36f8f321-c21b-4f2d-876b-c289ce3f8bed,1,Cortex,0.0009135835667560252,0.14035154087509863,2.7
19,ZFM-04820,2022-09-14,c211d400-04aa-479f-9544-3d30e29b8c5f,36f8f321-c21b-4f2d-876b-c289ce3f8bed,1,Cortex,0.011724862489308147,0.09464120355013128,2.9000000000000004
20,ZFM-04820,2022-09-14,c211d400-04aa-479f-9544-3d30e29b8c5f,36f8f321-c21b-4f2d-876b-c289ce3f8bed,1,Cortex,0.060535723272826344,0.03635218264575083,3.1
21,ZFM-04820,2022-09-14,c211d400-04aa-479f-9544-3d30e29b8c5f,36f8f321-c21b-4f2d-876b-c289ce3f8bed,1,Cortex,0.1448636737369293,0.017110725978187982,3.3000000000000003
22,ZFM-04820,2022-09-14,c211d400-04aa-479f-9544-3d30e29b8c5f,36f8f321-c21b-4f2d-876b-c289ce3f8bed,1,Cortex,0.20754351193498596,0.049307730035324446,3.5
23,ZFM-04820,2022-09-14,c211d400-04aa-479f-9544-3d30e29b8c5f,36f8f321-c21b-4f2d-876b-c289ce3f8bed,1,Cortex,0.22067983150643708,0.08522859641479145,3.7
24,ZFM-04820,2022-09-14,c211d400-04aa-479f-9544-3d30e29b8c5f,36f8f321-c21b-4f2d-876b-c289ce3f8bed,1,Cortex,0.2156713043460654,0.07353186331084716,3.9000000000000004
0,ZFM-04820,2022-09-14,c211d400-04aa-479f-9544-3d30e29b8c5f,36f8f321-c21b-4f2d-876b-c289ce3f8bed,1,Striatum,0.3004986223562319,0.4410944270413028,-0.9
1,ZFM-04820,2022-09-14,c211d400-04aa-479f-9544-3d30e29b8c5f,36f8f321-c21b-4f2d-876b-c289ce3f8bed,1,Striatum,0.2949474380717653,0.384287499798655,-0.7000000000000001
2,ZFM-04820,2022-09-14,c211d400-04aa-479f-9544-3d30e29b8c5f,36f8f321-c21b-4f2d-876b-c289ce3f8bed,1,Striatum,0.2135768741386027,0.2690384628292131,-0.5
3,ZFM-04820,2022-09-14,c211d400-04aa-479f-9544-3d30e29b8c5f,36f8f321-c21b-4f2d-876b-c289ce3f8bed,1,Striatum,0.1705172724581859,0.2780741382840297,-0.30000000000000004
4,ZFM-04820,2022-09-14,c211d400-04aa-479f-9544-3d30e29b8c5f,36f8f321-c21b-4f2d-876b-c289ce3f8bed,1,Striatum,0.2041391485953289,0.2918421932073468,-0.1
5,ZFM-04820,2022-09-14,c211d400-04aa-479f-9544-3d30e29b8c5f,36f8f321-c21b-4f2d-876b-c289ce3f8bed,1,Striatum,0.3466932090828763,0.22066689693562216,0.1
6,ZFM-04820,2022-09-14,c211d400-04aa-479f-9544-3d30e29b8c5f,36f8f321-c21b-4f2d-876b-c289ce3f8bed,1,Striatum,0.5509829032119827,0.1309700387975139,0.30000000000000004
7,ZFM-04820,2022-09-14,c211d400-04aa-479f-9544-3d30e29b8c5f,36f8f321-c21b-4f2d-876b-c289ce3f8bed,1,Striatum,0.6674935814674926,0.1305365222076524,0.5
8,ZFM-04820,2022-09-14,c211d400-04aa-479f-9544-3d30e29b8c5f,36f8f321-c21b-4f2d-876b-c289ce3f8bed,1,Striatum,0.5908500658288185,0.1516033323884395,0.7000000000000001
9,ZFM-04820,2022-09-14,c211d400-04aa-479f-9544-3d30e29b8c5f,36f8f321-c21b-4f2d-876b-c289ce3f8bed,1,Striatum,0.3941734746398803,0.11532359141714274,0.9
10,ZFM-04820,2022-09-14,c211d400-04aa-479f-9544-3d30e29b8c5f,36f8f321-c21b-4f2d-876b-c289ce3f8bed,1,Striatum,0.24308008677113832,0.13469169713885082,1.1
11,ZFM-04820,2022-09-14,c211d400-04aa-479f-9544-3d30e29b8c5f,36f8f321-c21b-4f2d-876b-c289ce3f8bed,1,Striatum,0.15838833531759858,0.2623213996292852,1.3000000000000003
12,ZFM-04820,2022-09-14,c211d400-04aa-479f-9544-3d30e29b8c5f,36f8f321-c21b-4f2d-876b-c289ce3f8bed,1,Striatum,0.10901091123526546,0.44394993663660587,1.5
13,ZFM-04820,2022-09-14,c211d400-04aa-479f-9544-3d30e29b8c5f,36f8f321-c21b-4f2d-876b-c289ce3f8bed,1,Striatum,0.0915142150396571,0.593991035091195,1.7000000000000002
14,ZFM-04820,2022-09-14,c211d400-04aa-479f-9544-3d30e29b8c5f,36f8f321-c21b-4f2d-876b-c289ce3f8bed,1,Striatum,0.0493081790936883,0.6365993664875722,1.9
15,ZFM-04820,2022-09-14,c211d400-04aa-479f-9544-3d30e29b8c5f,36f8f321-c21b-4f2d-876b-c289ce3f8bed,1,Striatum,0.010866004651348293,0.5465134436031662,2.1
16,ZFM-04820,2022-09-14,c211d400-04aa-479f-9544-3d30e29b8c5f,36f8f321-c21b-4f2d-876b-c289ce3f8bed,1,Striatum,0.002270351360176893,0.42870905164796375,2.3000000000000003
17,ZFM-04820,2022-09-14,c211d400-04aa-479f-9544-3d30e29b8c5f,36f8f321-c21b-4f2d-876b-c289ce3f8bed,1,Striatum,0.01805077702356605,0.3125272156000554,2.5
18,ZFM-04820,2022-09-14,c211d400-04aa-479f-9544-3d30e29b8c5f,36f8f321-c21b-4f2d-876b-c289ce3f8bed,1,Striatum,0.09600138574438562,0.17724341103929903,2.7
19,ZFM-04820,2022-09-14,c211d400-04aa-479f-9544-3d30e29b8c5f,36f8f321-c21b-4f2d-876b-c289ce3f8bed,1,Striatum,0.2394508985699444,0.1256381528087413,2.9000000000000004
20,ZFM-04820,2022-09-14,c211d400-04aa-479f-9544-3d30e29b8c5f,36f8f321-c21b-4f2d-876b-c289ce3f8bed,1,Striatum,0.3469679369431157,0.1515627397326839,3.1
21,ZFM-04820,2022-09-14,c211d400-04aa-479f-9544-3d30e29b8c5f,36f8f321-c21b-4f2d-876b-c289ce3f8bed,1,Striatum,0.3682008402166501,0.11885240225940301,3.3000000000000003
22,ZFM-04820,2022-09-14,c211d400-04aa-479f-9544-3d30e29b8c5f,36f8f321-c21b-4f2d-876b-c289ce3f8bed,1,Striatum,0.35643837015411295,0.0709445629364651,3.5
23,ZFM-04820,2022-09-14,c211d400-04aa-479f-9544-3d30e29b8c5f,36f8f321-c21b-4f2d-876b-c289ce3f8bed,1,Striatum,0.3790034773388462,0.0834047165757244,3.7
24,ZFM-04820,2022-09-14,c211d400-04aa-479f-9544-3d30e29b8c5f,36f8f321-c21b-4f2d-876b-c289ce3f8bed,1,Striatum,0.48017724983511784,0.13503541402906144,3.9000000000000004
0,ZFM-04820,2022-09-14,c211d400-04aa-479f-9544-3d30e29b8c5f,aa89d1e8-51da-40f6-a215-c9703a6ceb30,1,Cortex,0.26682044438672603,0.35871852051517494,-0.9
1,ZFM-04820,2022-09-14,c211d400-04aa-479f-9544-3d30e29b8c5f,aa89d1e8-51da-40f6-a215-c9703a6ceb30,1,Cortex,0.26463218008935285,0.42766893362859926,-0.7000000000000001
2,ZFM-04820,2022-09-14,c211d400-04aa-479f-9544-3d30e29b8c5f,aa89d1e8-51da-40f6-a215-c9703a6ceb30,1,Cortex,0.2990709564599207,0.3573795975285689,-0.5
3,ZFM-04820,2022-09-14,c211d400-04aa-479f-9544-3d30e29b8c5f,aa89d1e8-51da-40f6-a215-c9703a6ceb30,1,Cortex,0.25965917293730717,0.28923154361183123,-0.30000000000000004
4,ZFM-04820,2022-09-14,c211d400-04aa-479f-9544-3d30e29b8c5f,aa89d1e8-51da-40f6-a215-c9703a6ceb30,1,Cortex,0.1834890244024122,0.2578203938148864,-0.1
5,ZFM-04820,2022-09-14,c211d400-04aa-479f-9544-3d30e29b8c5f,aa89d1e8-51da-40f6-a215-c9703a6ceb30,1,Cortex,0.2126678825208585,0.1897425368109748,0.1
6,ZFM-04820,2022-09-14,c211d400-04aa-479f-9544-3d30e29b8c5f,aa89d1e8-51da-40f6-a215-c9703a6ceb30,1,Cortex,0.35416549765460403,0.16508934446581722,0.30000000000000004
7,ZFM-04820,2022-09-14,c211d400-04aa-479f-9544-3d30e29b8c5f,aa89d1e8-51da-40f6-a215-c9703a6ceb30,1,Cortex,0.44206686494660585,0.18205866077194963,0.5
8,ZFM-04820,2022-09-14,c211d400-04aa-479f-9544-3d30e29b8c5f,aa89d1e8-51da-40f6-a215-c9703a6ceb30,1,Cortex,0.4133297451019913,0.16060293755658478,0.7000000000000001
9,ZFM-04820,2022-09-14,c211d400-04aa-479f-9544-3d30e29b8c5f,aa89d1e8-51da-40f6-a215-c9703a6ceb30,1,Cortex,0.3313267999938894,0.17677375932578834,0.9
10,ZFM-04820,2022-09-14,c211d400-04aa-479f-9544-3d30e29b8c5f,aa89d1e8-51da-40f6-a215-c9703a6ceb30,1,Cortex,0.19060139647626884,0.27129049989760656,1.1
11,ZFM-04820,2022-09-14,c211d400-04aa-479f-9544-3d30e29b8c5f,aa89d1e8-51da-40f6-a215-c9703a6ceb30,1,Cortex,0.10145416373272177,0.36414483041547185,1.3000000000000003
12,ZFM-04820,2022-09-14,c211d400-04aa-479f-9544-3d30e29b8c5f,aa89d1e8-51da-40f6-a215-c9703a6ceb30,1,Cortex,0.0933274001960355,0.4241698566105741,1.5
13,ZFM-04820,2022-09-14,c211d400-04aa-479f-9544-3d30e29b8c5f,aa89d1e8-51da-40f6-a215-c9703a6ceb30,1,Cortex,0.07987146247467695,0.48022078044001226,1.7000000000000002
14,ZFM-04820,2022-09-14,c211d400-04aa-479f-9544-3d30e29b8c5f,aa89d1e8-51da-40f6-a215-c9703a6ceb30,1,Cortex,0.09251166101844246,0.5411408187206989,1.9
15,ZFM-04820,2022-09-14,c211d400-04aa-479f-9544-3d30e29b8c5f,aa89d1e8-51da-40f6-a215-c9703a6ceb30,1,Cortex,0.15650692674768593,0.5613080242675259,2.1
16,ZFM-04820,2022-09-14,c211d400-04aa-479f-9544-3d30e29b8c5f,aa89d1e8-51da-40f6-a215-c9703a6ceb30,1,Cortex,0.2570580398753826,0.45241967179835546,2.3000000000000003
17,ZFM-04820,2022-09-14,c211d400-04aa-479f-9544-3d30e29b8c5f,aa89d1e8-51da-40f6-a215-c9703a6ceb30,1,Cortex,0.37928031129160467,0.27267655609968566,2.5
18,ZFM-04820,2022-09-14,c211d400-04aa-479f-9544-3d30e29b8c5f,aa89d1e8-51da-40f6-a215-c9703a6ceb30,1,Cortex,0.5184225658285223,0.17010323161101798,2.7
19,ZFM-04820,2022-09-14,c211d400-04aa-479f-9544-3d30e29b8c5f,aa89d1e8-51da-40f6-a215-c9703a6ceb30,1,Cortex,0.6154342920037039,0.20405440415352546,2.9000000000000004
20,ZFM-04820,2022-09-14,c211d400-04aa-479f-9544-3d30e29b8c5f,aa89d1e8-51da-40f6-a215-c9703a6ceb30,1,Cortex,0.6147714972178182,0.2605178562129879,3.1
21,ZFM-04820,2022-09-14,c211d400-04aa-479f-9544-3d30e29b8c5f,aa89d1e8-51da-40f6-a215-c9703a6ceb30,1,Cortex,0.5527690627081756,0.20221475090545749,3.3000000000000003
22,ZFM-04820,2022-09-14,c211d400-04aa-479f-9544-3d30e29b8c5f,aa89d1e8-51da-40f6-a215-c9703a6ceb30,1,Cortex,0.4874550487062735,0.14623694586564798,3.5
23,ZFM-04820,2022-09-14,c211d400-04aa-479f-9544-3d30e29b8c5f,aa89d1e8-51da-40f6-a215-c9703a6ceb30,1,Cortex,0.31117270439203926,0.14708004516298695,3.7
24,ZFM-04820,2022-09-14,c211d400-04aa-479f-9544-3d30e29b8c5f,aa89d1e8-51da-40f6-a215-c9703a6ceb30,1,Cortex,0.1876819863417111,0.14894513641592033,3.9000000000000004
0,ZFM-04820,2022-09-14,c211d400-04aa-479f-9544-3d30e29b8c5f,aa89d1e8-51da-40f6-a215-c9703a6ceb30,1,Midbrain,0.08384627602593075,0.04577665896304264,-0.9
1,ZFM-04820,2022-09-14,c211d400-04aa-479f-9544-3d30e29b8c5f,aa89d1e8-51da-40f6-a215-c9703a6ceb30,1,Midbrain,0.11525397005782832,0.03048298463928762,-0.7000000000000001
2,ZFM-04820,2022-09-14,c211d400-04aa-479f-9544-3d30e29b8c5f,aa89d1e8-51da-40f6-a215-c9703a6ceb30,1,Midbrain,0.11384191585021766,0.0350220334359952,-0.5
3,ZFM-04820,2022-09-14,c211d400-04aa-479f-9544-3d30e29b8c5f,aa89d1e8-51da-40f6-a215-c9703a6ceb30,1,Midbrain,0.0861580835403656,0.06497796778009433,-0.30000000000000004
4,ZFM-04820,2022-09-14,c211d400-04aa-479f-9544-3d30e29b8c5f,aa89d1e8-51da-40f6-a215-c9703a6ceb30,1,Midbrain,0.08474588066080528,0.06951731209702648,-0.1
5,ZFM-04820,2022-09-14,c211d400-04aa-479f-9544-3d30e29b8c5f,aa89d1e8-51da-40f6-a215-c9703a6ceb30,1,Midbrain,0.11614019106443711,0.054249958410015946,0.1
6,ZFM-04820,2022-09-14,c211d400-04aa-479f-9544-3d30e29b8c5f,aa89d1e8-51da-40f6-a215-c9703a6ceb30,1,Midbrain,0.12375388748453703,0.05157894063631998,0.30000000000000004
7,ZFM-04820,2022-09-14,c211d400-04aa-479f-9544-3d30e29b8c5f,aa89d1e8-51da-40f6-a215-c9703a6ceb30,1,Midbrain,0.12374065434733242,0.054263340824019075,0.5
8,ZFM-04820,2022-09-14,c211d400-04aa-479f-9544-3d30e29b8c5f,aa89d1e8-51da-40f6-a215-c9703a6ceb30,1,Midbrain,0.11569730417710325,0.06996049632734672,0.7000000000000001
9,ZFM-04820,2022-09-14,c211d400-04aa-479f-9544-3d30e29b8c5f,aa89d1e8-51da-40f6-a215-c9703a6ceb30,1,Midbrain,0.07937355008429849,0.07037691572966122,0.9
10,ZFM-04820,2022-09-14,c211d400-04aa-479f-9544-3d30e29b8c5f,aa89d1e8-51da-40f6-a215-c9703a6ceb30,1,Midbrain,0.06284738089647902,0.05920572213017605,1.1
11,ZFM-04820,2022-09-14,c211d400-04aa-479f-9544-3d30e29b8c5f,aa89d1e8-51da-40f6-a215-c9703a6ceb30,1,Midbrain,0.0847458818768948,0.06993388017220564,1.3000000000000003
12,ZFM-04820,2022-09-14,c211d400-04aa-479f-9544-3d30e29b8c5f,aa89d1e8-51da-40f6-a215-c9703a6ceb30,1,Midbrain,0.1394511916607268,0.06456155020237163,1.5
13,ZFM-04820,2022-09-14,c211d400-04aa-479f-9544-3d30e29b8c5f,aa89d1e8-51da-40f6-a215-c9703a6ceb30,1,Midbrain,0.1582491673589164,0.030079950690744105,1.7000000000000002
14,ZFM-04820,2022-09-14,c211d400-04aa-479f-9544-3d30e29b8c5f,aa89d1e8-51da-40f6-a215-c9703a6ceb30,1,Midbrain,0.12419692364958192,0.01215510910173085,1.9
15,ZFM-04820,2022-09-14,c211d400-04aa-479f-9544-3d30e29b8c5f,aa89d1e8-51da-40f6-a215-c9703a6ceb30,1,Midbrain,0.08703077285251835,0.03637835278412337,2.1
16,ZFM-04820,2022-09-14,c211d400-04aa-479f-9544-3d30e29b8c5f,aa89d1e8-51da-40f6-a215-c9703a6ceb30,1,Midbrain,0.08474573198885409,0.10042965314436796,2.3000000000000003
17,ZFM-04820,2022-09-14,c211d400-04aa-479f-9544-3d30e29b8c5f,aa89d1e8-51da-40f6-a215-c9703a6ceb30,1,Midbrain,0.11525411812127773,0.1685774097217726,2.5
18,ZFM-04820,2022-09-14,c211d400-04aa-479f-9544-3d30e29b8c5f,aa89d1e8-51da-40f6-a215-c9703a6ceb30,1,Midbrain,0.11295569423784899,0.20619983103808764,2.7
19,ZFM-04820,2022-09-14,c211d400-04aa-479f-9544-3d30e29b8c5f,aa89d1e8-51da-40f6-a215-c9703a6ceb30,1,Midbrain,0.07534621175277713,0.1802184061416401,2.9000000000000004
20,ZFM-04820,2022-09-14,c211d400-04aa-479f-9544-3d30e29b8c5f,aa89d1e8-51da-40f6-a215-c9703a6ceb30,1,Midbrain,0.03588193380677199,0.0955709880150385,3.1
21,ZFM-04820,2022-09-14,c211d400-04aa-479f-9544-3d30e29b8c5f,aa89d1e8-51da-40f6-a215-c9703a6ceb30,1,Midbrain,0.030079652740168945,0.07226028476447462,3.3000000000000003
22,ZFM-04820,2022-09-14,c211d400-04aa-479f-9544-3d30e29b8c5f,aa89d1e8-51da-40f6-a215-c9703a6ceb30,1,Midbrain,0.04080781017369524,0.12243919027140335,3.5
23,ZFM-04820,2022-09-14,c211d400-04aa-479f-9544-3d30e29b8c5f,aa89d1e8-51da-40f6-a215-c9703a6ceb30,1,Midbrain,0.03006641838778729,0.1721617124940074,3.7
24,ZFM-04820,2022-09-14,c211d400-04aa-479f-9544-3d30e29b8c5f,aa89d1e8-51da-40f6-a215-c9703a6ceb30,1,Midbrain,0.03545198271000041,0.20849840359255403,3.9000000000000004
0,ZFM-04820,2022-09-13,5531e71f-8ab9-4c4e-8d5b-d92da838ee16,9a9ee022-80b3-4a88-903f-12f838111818,1,Amygdala,0.35110902747573497,0.2641066393697177,-0.9
1,ZFM-04820,2022-09-13,5531e71f-8ab9-4c4e-8d5b-d92da838ee16,9a9ee022-80b3-4a88-903f-12f838111818,1,Amygdala,0.3273955486775376,0.41523907380875713,-0.7000000000000001
2,ZFM-04820,2022-09-13,5531e71f-8ab9-4c4e-8d5b-d92da838ee16,9a9ee022-80b3-4a88-903f-12f838111818,1,Amygdala,0.31258104625371924,0.4468560093723783,-0.5
3,ZFM-04820,2022-09-13,5531e71f-8ab9-4c4e-8d5b-d92da838ee16,9a9ee022-80b3-4a88-903f-12f838111818,1,Amygdala,0.2803573156948469,0.39104541770991375,-0.30000000000000004
4,ZFM-04820,2022-09-13,5531e71f-8ab9-4c4e-8d5b-d92da838ee16,9a9ee022-80b3-4a88-903f-12f838111818,1,Amygdala,0.34355283572073914,0.2824471582173846,-0.1
5,ZFM-04820,2022-09-13,5531e71f-8ab9-4c4e-8d5b-d92da838ee16,9a9ee022-80b3-4a88-903f-12f838111818,1,Amygdala,0.45593631913991184,0.20412469532782523,0.1
6,ZFM-04820,2022-09-13,5531e71f-8ab9-4c4e-8d5b-d92da838ee16,9a9ee022-80b3-4a88-903f-12f838111818,1,Amygdala,0.5124570144256272,0.14807719015142312,0.30000000000000004
7,ZFM-04820,2022-09-13,5531e71f-8ab9-4c4e-8d5b-d92da838ee16,9a9ee022-80b3-4a88-903f-12f838111818,1,Amygdala,0.4411549475351411,0.16908902593397038,0.5
8,ZFM-04820,2022-09-13,5531e71f-8ab9-4c4e-8d5b-d92da838ee16,9a9ee022-80b3-4a88-903f-12f838111818,1,Amygdala,0.32958263785709485,0.25246439178159713,0.7000000000000001
9,ZFM-04820,2022-09-13,5531e71f-8ab9-4c4e-8d5b-d92da838ee16,9a9ee022-80b3-4a88-903f-12f838111818,1,Amygdala,0.22832206499782653,0.26402056174289135,0.9
10,ZFM-04820,2022-09-13,5531e71f-8ab9-4c4e-8d5b-d92da838ee16,9a9ee022-80b3-4a88-903f-12f838111818,1,Amygdala,0.1462618046513686,0.2412793679258401,1.1
11,ZFM-04820,2022-09-13,5531e71f-8ab9-4c4e-8d5b-d92da838ee16,9a9ee022-80b3-4a88-903f-12f838111818,1,Amygdala,0.14450671763272033,0.179749819812425,1.3000000000000003
12,ZFM-04820,2022-09-13,5531e71f-8ab9-4c4e-8d5b-d92da838ee16,9a9ee022-80b3-4a88-903f-12f838111818,1,Amygdala,0.2031275886729663,0.14046113045673111,1.5
13,ZFM-04820,2022-09-13,5531e71f-8ab9-4c4e-8d5b-d92da838ee16,9a9ee022-80b3-4a88-903f-12f838111818,1,Amygdala,0.27393279238935875,0.1416680084950507,1.7000000000000002
14,ZFM-04820,2022-09-13,5531e71f-8ab9-4c4e-8d5b-d92da838ee16,9a9ee022-80b3-4a88-903f-12f838111818,1,Amygdala,0.263164930684427,0.12967676807482076,1.9
15,ZFM-04820,2022-09-13,5531e71f-8ab9-4c4e-8d5b-d92da838ee16,9a9ee022-80b3-4a88-903f-12f838111818,1,Amygdala,0.20761324979666157,0.130953237128361,2.1
16,ZFM-04820,2022-09-13,5531e71f-8ab9-4c4e-8d5b-d92da838ee16,9a9ee022-80b3-4a88-903f-12f838111818,1,Amygdala,0.16817584702251345,0.1574488844301467,2.3000000000000003
17,ZFM-04820,2022-09-13,5531e71f-8ab9-4c4e-8d5b-d92da838ee16,9a9ee022-80b3-4a88-903f-12f838111818,1,Amygdala,0.11526871945497329,0.20858081024954117,2.5
18,ZFM-04820,2022-09-13,5531e71f-8ab9-4c4e-8d5b-d92da838ee16,9a9ee022-80b3-4a88-903f-12f838111818,1,Amygdala,0.11622494855342268,0.28745730469140207,2.7
19,ZFM-04820,2022-09-13,5531e71f-8ab9-4c4e-8d5b-d92da838ee16,9a9ee022-80b3-4a88-903f-12f838111818,1,Amygdala,0.1596191707226354,0.34170994021015966,2.9000000000000004
20,ZFM-04820,2022-09-13,5531e71f-8ab9-4c4e-8d5b-d92da838ee16,9a9ee022-80b3-4a88-903f-12f838111818,1,Amygdala,0.16501797182392888,0.4474976588814932,3.1
21,ZFM-04820,2022-09-13,5531e71f-8ab9-4c4e-8d5b-d92da838ee16,9a9ee022-80b3-4a88-903f-12f838111818,1,Amygdala,0.1462376855734794,0.6012287220114095,3.3000000000000003
22,ZFM-04820,2022-09-13,5531e71f-8ab9-4c4e-8d5b-d92da838ee16,9a9ee022-80b3-4a88-903f-12f838111818,1,Amygdala,0.18434284610832685,0.5953171739953029,3.5
23,ZFM-04820,2022-09-13,5531e71f-8ab9-4c4e-8d5b-d92da838ee16,9a9ee022-80b3-4a88-903f-12f838111818,1,Amygdala,0.2519784096929639,0.4319243278558354,3.7
24,ZFM-04820,2022-09-13,5531e71f-8ab9-4c4e-8d5b-d92da838ee16,9a9ee022-80b3-4a88-903f-12f838111818,1,Amygdala,0.26460526172412135,0.3461975593565247,3.9000000000000004
0,ZFM-04820,2022-09-13,5531e71f-8ab9-4c4e-8d5b-d92da838ee16,9a9ee022-80b3-4a88-903f-12f838111818,1,Hippocampus,0.0004431848388225065,0.0004431848388225065,-0.9
1,ZFM-04820,2022-09-13,5531e71f-8ab9-4c4e-8d5b-d92da838ee16,9a9ee022-80b3-4a88-903f-12f838111818,1,Hippocampus,1.3383022504881656e-05,0.005399096622430529,-0.7000000000000001
2,ZFM-04820,2022-09-13,5531e71f-8ab9-4c4e-8d5b-d92da838ee16,9a9ee022-80b3-4a88-903f-12f838111818,1,Hippocampus,1.4867195067794918e-07,0.02419707232244606,-0.5
3,ZFM-04820,2022-09-13,5531e71f-8ab9-4c4e-8d5b-d92da838ee16,9a9ee022-80b3-4a88-903f-12f838111818,1,Hippocampus,6.075882818341791e-10,0.039894227826686675,-0.30000000000000004
4,ZFM-04820,2022-09-13,5531e71f-8ab9-4c4e-8d5b-d92da838ee16,9a9ee022-80b3-4a88-903f-12f838111818,1,Hippocampus,9.139772630545082e-13,0.024197072323359534,-0.1
5,ZFM-04820,2022-09-13,5531e71f-8ab9-4c4e-8d5b-d92da838ee16,9a9ee022-80b3-4a88-903f-12f838111818,1,Hippocampus,9.139772630545082e-13,0.0053990972300188116,0.1
6,ZFM-04820,2022-09-13,5531e71f-8ab9-4c4e-8d5b-d92da838ee16,9a9ee022-80b3-4a88-903f-12f838111818,1,Hippocampus,6.075882818341791e-10,0.0004433335107731845,0.30000000000000004
7,ZFM-04820,2022-09-13,5531e71f-8ab9-4c4e-8d5b-d92da838ee16,9a9ee022-80b3-4a88-903f-12f838111818,1,Hippocampus,1.4867195067794918e-07,2.6766045009763312e-05,0.5
8,ZFM-04820,2022-09-13,5531e71f-8ab9-4c4e-8d5b-d92da838ee16,9a9ee022-80b3-4a88-903f-12f838111818,1,Hippocampus,1.3383022504881656e-05,0.0004433335107731845,0.7000000000000001
9,ZFM-04820,2022-09-13,5531e71f-8ab9-4c4e-8d5b-d92da838ee16,9a9ee022-80b3-4a88-903f-12f838111818,1,Hippocampus,0.0004431848388225065,0.0053990972300188116,0.9
10,ZFM-04820,2022-09-13,5531e71f-8ab9-4c4e-8d5b-d92da838ee16,9a9ee022-80b3-4a88-903f-12f838111818,1,Hippocampus,0.005399096622430529,0.024197072323359534,1.1
11,ZFM-04820,2022-09-13,5531e71f-8ab9-4c4e-8d5b-d92da838ee16,9a9ee022-80b3-4a88-903f-12f838111818,1,Hippocampus,0.02419707232244606,0.039894227826686675,1.3000000000000003
12,ZFM-04820,2022-09-13,5531e71f-8ab9-4c4e-8d5b-d92da838ee16,9a9ee022-80b3-4a88-903f-12f838111818,1,Hippocampus,0.039894227826686675,0.02419707232244606,1.5
13,ZFM-04820,2022-09-13,5531e71f-8ab9-4c4e-8d5b-d92da838ee16,9a9ee022-80b3-4a88-903f-12f838111818,1,Hippocampus,0.024197072323359534,0.005399096622430529,1.7000000000000002
14,ZFM-04820,2022-09-13,5531e71f-8ab9-4c4e-8d5b-d92da838ee16,9a9ee022-80b3-4a88-903f-12f838111818,1,Hippocampus,0.0053990972300188116,0.0004431848388225065,1.9
15,ZFM-04820,2022-09-13,5531e71f-8ab9-4c4e-8d5b-d92da838ee16,9a9ee022-80b3-4a88-903f-12f838111818,1,Hippocampus,0.0004433335107731845,1.3383022504881656e-05,2.1
16,ZFM-04820,2022-09-13,5531e71f-8ab9-4c4e-8d5b-d92da838ee16,9a9ee022-80b3-4a88-903f-12f838111818,1,Hippocampus,2.6766045009763312e-05,1.4867195067794918e-07,2.3000000000000003
17,ZFM-04820,2022-09-13,5531e71f-8ab9-4c4e-8d5b-d92da838ee16,9a9ee022-80b3-4a88-903f-12f838111818,1,Hippocampus,0.0004433335107731845,6.075882817313813e-10,2.5
18,ZFM-04820,2022-09-13,5531e71f-8ab9-4c4e-8d5b-d92da838ee16,9a9ee022-80b3-4a88-903f-12f838111818,1,Hippocampus,0.0053990972300188116,9.134720359565524e-13,2.7
19,ZFM-04820,2022-09-13,5531e71f-8ab9-4c4e-8d5b-d92da838ee16,9a9ee022-80b3-4a88-903f-12f838111818,1,Hippocampus,0.024197072323359534,5.053299033855998e-16,2.9000000000000004
20,ZFM-04820,2022-09-13,5531e71f-8ab9-4c4e-8d5b-d92da838ee16,9a9ee022-80b3-4a88-903f-12f838111818,1,Hippocampus,0.039894227826686675,5.053299033855998e-16,3.1
21,ZFM-04820,2022-09-13,5531e71f-8ab9-4c4e-8d5b-d92da838ee16,9a9ee022-80b3-4a88-903f-12f838111818,1,Hippocampus,0.02419707232244606,9.134720359565524e-13,3.3000000000000003
22,ZFM-04820,2022-09-13,5531e71f-8ab9-4c4e-8d5b-d92da838ee16,9a9ee022-80b3-4a88-903f-12f838111818,1,Hippocampus,0.005399096622430529,6.075882817313813e-10,3.5
23,ZFM-04820,2022-09-13,5531e71f-8ab9-4c4e-8d5b-d92da838ee16,9a9ee022-80b3-4a88-903f-12f838111818,1,Hippocampus,0.0004431848388225065,1.4867195067794918e-07,3.7
24,ZFM-04820,2022-09-13,5531e71f-8ab9-4c4e-8d5b-d92da838ee16,9a9ee022-80b3-4a88-903f-12f838111818,1,Hippocampus,1.3383022504881656e-05,1.3383022504881656e-05,3.9000000000000004
0,ZFM-04820,2022-09-13,5531e71f-8ab9-4c4e-8d5b-d92da838ee16,cf08dda8-478f-4292-a06f-4c4dae9f8755,1,Cortex,0.1447802549030942,0.12866623215791972,-0.9
1,ZFM-04820,2022-09-13,5531e71f-8ab9-4c4e-8d5b-d92da838ee16,cf08dda8-478f-4292-a06f-4c4dae9f8755,1,Cortex,0.0892725871468855,0.09998661758599586,-0.7000000000000001
2,ZFM-04820,2022-09-13,5531e71f-8ab9-4c4e-8d5b-d92da838ee16,cf08dda8-478f-4292-a06f-4c4dae9f8755,1,Cortex,0.07183063709297309,0.0708905836099321,-0.5
3,ZFM-04820,2022-09-13,5531e71f-8ab9-4c4e-8d5b-d92da838ee16,cf08dda8-478f-4292-a06f-4c4dae9f8755,1,Cortex,0.12378316973560288,0.10045671531718751,-0.30000000000000004
4,ZFM-04820,2022-09-13,5531e71f-8ab9-4c4e-8d5b-d92da838ee16,cf08dda8-478f-4292-a06f-4c4dae9f8755,1,Cortex,0.18936611962333075,0.1349783152216386,-0.1
5,ZFM-04820,2022-09-13,5531e71f-8ab9-4c4e-8d5b-d92da838ee16,cf08dda8-478f-4292-a06f-4c4dae9f8755,1,Cortex,0.29591766712349776,0.13002597015269196,0.1
6,ZFM-04820,2022-09-13,5531e71f-8ab9-4c4e-8d5b-d92da838ee16,cf08dda8-478f-4292-a06f-4c4dae9f8755,1,Cortex,0.40184066481733416,0.13992426324154297,0.30000000000000004
7,ZFM-04820,2022-09-13,5531e71f-8ab9-4c4e-8d5b-d92da838ee16,cf08dda8-478f-4292-a06f-4c4dae9f8755,1,Cortex,0.5052200967564109,0.18287574415652016,0.5
8,ZFM-04820,2022-09-13,5531e71f-8ab9-4c4e-8d5b-d92da838ee16,cf08dda8-478f-4292-a06f-4c4dae9f8755,1,Cortex,0.6192002094276119,0.17395955721645212,0.7000000000000001
9,ZFM-04820,2022-09-13,5531e71f-8ab9-4c4e-8d5b-d92da838ee16,cf08dda8-478f-4292-a06f-4c4dae9f8755,1,Cortex,0.6104772044901222,0.08430314305483932,0.9
10,ZFM-04820,2022-09-13,5531e71f-8ab9-4c4e-8d5b-d92da838ee16,cf08dda8-478f-4292-a06f-4c4dae9f8755,1,Cortex,0.47445787796652517,0.022966687196429504,1.1
11,ZFM-04820,2022-09-13,5531e71f-8ab9-4c4e-8d5b-d92da838ee16,cf08dda8-478f-4292-a06f-4c4dae9f8755,1,Cortex,0.2412119107198793,0.031879457310790345,1.3000000000000003
12,ZFM-04820,2022-09-13,5531e71f-8ab9-4c4e-8d5b-d92da838ee16,cf08dda8-478f-4292-a06f-4c4dae9f8755,1,Cortex,0.07601213266274497,0.07628685809720159,1.5
13,ZFM-04820,2022-09-13,5531e71f-8ab9-4c4e-8d5b-d92da838ee16,cf08dda8-478f-4292-a06f-4c4dae9f8755,1,Cortex,0.06776213204330668,0.12962368078364725,1.7000000000000002
14,ZFM-04820,2022-09-13,5531e71f-8ab9-4c4e-8d5b-d92da838ee16,cf08dda8-478f-4292-a06f-4c4dae9f8755,1,Cortex,0.12873359814883034,0.19460090580792205,1.9
15,ZFM-04820,2022-09-13,5531e71f-8ab9-4c4e-8d5b-d92da838ee16,cf08dda8-478f-4292-a06f-4c4dae9f8755,1,Cortex,0.12864021251699906,0.24573665674562672,2.1
16,ZFM-04820,2022-09-13,5531e71f-8ab9-4c4e-8d5b-d92da838ee16,cf08dda8-478f-4292-a06f-4c4dae9f8755,1,Cortex,0.06459173611377494,0.28385906253512705,2.3000000000000003
17,ZFM-04820,2022-09-13,5531e71f-8ab9-4c4e-8d5b-d92da838ee16,cf08dda8-478f-4292-a06f-4c4dae9f8755,1,Cortex,0.03589501888144213,0.3456959117705628,2.5
18,ZFM-04820,2022-09-13,5531e71f-8ab9-4c4e-8d5b-d92da838ee16,cf08dda8-478f-4292-a06f-4c4dae9f8755,1,Cortex,0.04125054838908046,0.3932170703669893,2.7
19,ZFM-04820,2022-09-13,5531e71f-8ab9-4c4e-8d5b-d92da838ee16,cf08dda8-478f-4292-a06f-4c4dae9f8755,1,Cortex,0.029623232333789225,0.41158539231505004,2.9000000000000004
20,ZFM-04820,2022-09-13,5531e71f-8ab9-4c4e-8d5b-d92da838ee16,cf08dda8-478f-4292-a06f-4c4dae9f8755,1,Cortex,0.02959646750578146,0.37976138983045166,3.1
21,ZFM-04820,2022-09-13,5531e71f-8ab9-4c4e-8d5b-d92da838ee16,cf08dda8-478f-4292-a06f-4c4dae9f8755,1,Cortex,0.04033741509768874,0.2842888655666192,3.3000000000000003
22,ZFM-04820,2022-09-13,5531e71f-8ab9-4c4e-8d5b-d92da838ee16,cf08dda8-478f-4292-a06f-4c4dae9f8755,1,Cortex,0.024210752690680258,0.21664062216197366,3.5
23,ZFM-04820,2022-09-13,5531e71f-8ab9-4c4e-8d5b-d92da838ee16,cf08dda8-478f-4292-a06f-4c4dae9f8755,1,Cortex,0.00542601133939198,0.19505747123706932,3.7
24,ZFM-04820,2022-09-13,5531e71f-8ab9-4c4e-8d5b-d92da838ee16,cf08dda8-478f-4292-a06f-4c4dae9f8755,1,Cortex,0.0013295551240558015,0.1645749326163742,3.9000000000000004
0,ZFM-05169,2022-11-16,4bf62d04-e5a6-46db-add6-35e55db2de71,9c5e319e-09e8-4770-a806-46958bb464f1,1,Cortex,0.1547469726818494,0.3366554512953781,-0.9
1,ZFM-05169,2022-11-16,4bf62d04-e5a6-46db-add6-35e55db2de71,9c5e319e-09e8-4770-a806-46958bb464f1,1,Cortex,0.19869795489286196,0.31387028815229473,-0.7000000000000001
2,ZFM-05169,2022-11-16,4bf62d04-e5a6-46db-add6-35e55db2de71,9c5e319e-09e8-4770-a806-46958bb464f1,1,Cortex,0.22996917659147198,0.2429682819765388,-0.5
3,ZFM-05169,2022-11-16,4bf62d04-e5a6-46db-add6-35e55db2de71,9c5e319e-09e8-4770-a806-46958bb464f1,1,Cortex,0.21081231962985916,0.15118943595644876,-0.30000000000000004
4,ZFM-05169,2022-11-16,4bf62d04-e5a6-46db-add6-35e55db2de71,9c5e319e-09e8-4770-a806-46958bb464f1,1,Cortex,0.21982159121415495,0.06191910965448286,-0.1
5,ZFM-05169,2022-11-16,4bf62d04-e5a6-46db-add6-35e55db2de71,9c5e319e-09e8-4770-a806-46958bb464f1,1,Cortex,0.2887327336388271,0.023437235809659788,0.1
6,ZFM-05169,2022-11-16,4bf62d04-e5a6-46db-add6-35e55db2de71,9c5e319e-09e8-4770-a806-46958bb464f1,1,Cortex,0.34488002270492707,0.060616917692676166,0.30000000000000004
7,ZFM-05169,2022-11-16,4bf62d04-e5a6-46db-add6-35e55db2de71,9c5e319e-09e8-4770-a806-46958bb464f1,1,Cortex,0.4433824806911908,0.1358926439690839,0.5
8,ZFM-05169,2022-11-16,4bf62d04-e5a6-46db-add6-35e55db2de71,9c5e319e-09e8-4770-a806-46958bb464f1,1,Cortex,0.5043027384389256,0.1816853575996478,0.7000000000000001
9,ZFM-05169,2022-11-16,4bf62d04-e5a6-46db-add6-35e55db2de71,9c5e319e-09e8-4770-a806-46958bb464f1,1,Cortex,0.3501512821164364,0.25019662085687444,0.9
10,ZFM-05169,2022-11-16,4bf62d04-e5a6-46db-add6-35e55db2de71,9c5e319e-09e8-4770-a806-46958bb464f1,1,Cortex,0.18708801911397585,0.3950317155443207,1.1
11,ZFM-05169,2022-11-16,4bf62d04-e5a6-46db-add6-35e55db2de71,9c5e319e-09e8-4770-a806-46958bb464f1,1,Cortex,0.12422546436366018,0.5074034464708252,1.3000000000000003
12,ZFM-05169,2022-11-16,4bf62d04-e5a6-46db-add6-35e55db2de71,9c5e319e-09e8-4770-a806-46958bb464f1,1,Cortex,0.07944136027194822,0.48198726352290977,1.5
13,ZFM-05169,2022-11-16,4bf62d04-e5a6-46db-add6-35e55db2de71,9c5e319e-09e8-4770-a806-46958bb464f1,1,Cortex,0.05661693705237652,0.3093189247571442,1.7000000000000002
14,ZFM-05169,2022-11-16,4bf62d04-e5a6-46db-add6-35e55db2de71,9c5e319e-09e8-4770-a806-46958bb464f1,1,Cortex,0.05112091823329909,0.16877323107778291,1.9
15,ZFM-05169,2022-11-16,4bf62d04-e5a6-46db-add6-35e55db2de71,9c5e319e-09e8-4770-a806-46958bb464f1,1,Cortex,0.06872966701554924,0.15113444505973858,2.1
16,ZFM-05169,2022-11-16,4bf62d04-e5a6-46db-add6-35e55db2de71,9c5e319e-09e8-4770-a806-46958bb464f1,1,Cortex,0.144368914223176,0.15702889588373073,2.3000000000000003
17,ZFM-05169,2022-11-16,4bf62d04-e5a6-46db-add6-35e55db2de71,9c5e319e-09e8-4770-a806-46958bb464f1,1,Cortex,0.27848566596582347,0.12022537581990551,2.5
18,ZFM-05169,2022-11-16,4bf62d04-e5a6-46db-add6-35e55db2de71,9c5e319e-09e8-4770-a806-46958bb464f1,1,Cortex,0.33706830519820785,0.14666689695785115,2.7
19,ZFM-05169,2022-11-16,4bf62d04-e5a6-46db-add6-35e55db2de71,9c5e319e-09e8-4770-a806-46958bb464f1,1,Cortex,0.2910463350252775,0.23405209625621523,2.9000000000000004
20,ZFM-05169,2022-11-16,4bf62d04-e5a6-46db-add6-35e55db2de71,9c5e319e-09e8-4770-a806-46958bb464f1,1,Cortex,0.2784632346767823,0.27168819428884095,3.1
21,ZFM-05169,2022-11-16,4bf62d04-e5a6-46db-add6-35e55db2de71,9c5e319e-09e8-4770-a806-46958bb464f1,1,Cortex,0.33936673151473057,0.22693853237000666,3.3000000000000003
22,ZFM-05169,2022-11-16,4bf62d04-e5a6-46db-add6-35e55db2de71,9c5e319e-09e8-4770-a806-46958bb464f1,1,Cortex,0.2981704591820999,0.18610532070591382,3.5
23,ZFM-05169,2022-11-16,4bf62d04-e5a6-46db-add6-35e55db2de71,9c5e319e-09e8-4770-a806-46958bb464f1,1,Cortex,0.17358911139141206,0.2560910704620341,3.7
24,ZFM-05169,2022-11-16,4bf62d04-e5a6-46db-add6-35e55db2de71,9c5e319e-09e8-4770-a806-46958bb464f1,1,Cortex,0.11580955802732523,0.33616914657644537,3.9000000000000004
0,ZFM-05169,2022-11-16,4bf62d04-e5a6-46db-add6-35e55db2de71,9c5e319e-09e8-4770-a806-46958bb464f1,1,Midbrain,0.0004431848388225065,0.005399245294381207,-0.9
1,ZFM-05169,2022-11-16,4bf62d04-e5a6-46db-add6-35e55db2de71,9c5e319e-09e8-4770-a806-46958bb464f1,1,Midbrain,1.3383022504881656e-05,0.00044318544641078824,-0.7000000000000001
2,ZFM-05169,2022-11-16,4bf62d04-e5a6-46db-add6-35e55db2de71,9c5e319e-09e8-4770-a806-46958bb464f1,1,Midbrain,1.4867195067794918e-07,1.3383023418353693e-05,-0.5
3,ZFM-05169,2022-11-16,4bf62d04-e5a6-46db-add6-35e55db2de71,9c5e319e-09e8-4770-a806-46958bb464f1,1,Midbrain,6.075882817313813e-10,1.4867195118317628e-07,-0.30000000000000004
4,ZFM-05169,2022-11-16,4bf62d04-e5a6-46db-add6-35e55db2de71,9c5e319e-09e8-4770-a806-46958bb464f1,1,Midbrain,9.134720359488577e-13,6.075882819369768e-10,-0.1
5,ZFM-05169,2022-11-16,4bf62d04-e5a6-46db-add6-35e55db2de71,9c5e319e-09e8-4770-a806-46958bb464f1,1,Midbrain,5.052271056504331e-16,9.13977263062203e-13,0.1
6,ZFM-05169,2022-11-16,4bf62d04-e5a6-46db-add6-35e55db2de71,9c5e319e-09e8-4770-a806-46958bb464f1,1,Midbrain,1.027977351666642e-19,9.139772630622033e-13,0.30000000000000004
7,ZFM-05169,2022-11-16,4bf62d04-e5a6-46db-add6-35e55db2de71,9c5e319e-09e8-4770-a806-46958bb464f1,1,Midbrain,7.69481046746011e-24,6.075882819369846e-10,0.5
8,ZFM-05169,2022-11-16,4bf62d04-e5a6-46db-add6-35e55db2de71,9c5e319e-09e8-4770-a806-46958bb464f1,1,Midbrain,7.694810469606486e-24,1.486719511832791e-07,0.7000000000000001
9,ZFM-05169,2022-11-16,4bf62d04-e5a6-46db-add6-35e55db2de71,9c5e319e-09e8-4770-a806-46958bb464f1,1,Midbrain,1.0279773537854611e-19,1.3383023418858919e-05,0.9
10,ZFM-05169,2022-11-16,4bf62d04-e5a6-46db-add6-35e55db2de71,9c5e319e-09e8-4770-a806-46958bb464f1,1,Midbrain,5.052271133450317e-16,0.0004431854473242602,1.1
11,ZFM-05169,2022-11-16,4bf62d04-e5a6-46db-add6-35e55db2de71,9c5e319e-09e8-4770-a806-46958bb464f1,1,Midbrain,9.134721387465933e-13,0.005399245901969489,1.3000000000000003
12,ZFM-05169,2022-11-16,4bf62d04-e5a6-46db-add6-35e55db2de71,9c5e319e-09e8-4770-a806-46958bb464f1,1,Midbrain,6.075887869584947e-10,0.024210604016901623,1.5
13,ZFM-05169,2022-11-16,4bf62d04-e5a6-46db-add6-35e55db2de71,9c5e319e-09e8-4770-a806-46958bb464f1,1,Midbrain,1.4867286415008792e-07,0.040350795688014064,1.7000000000000002
14,ZFM-05169,2022-11-16,4bf62d04-e5a6-46db-add6-35e55db2de71,9c5e319e-09e8-4770-a806-46958bb464f1,1,Midbrain,1.3383630093668715e-05,0.030039353784612574,1.9
15,ZFM-05169,2022-11-16,4bf62d04-e5a6-46db-add6-35e55db2de71,9c5e319e-09e8-4770-a806-46958bb464f1,1,Midbrain,0.00044333351168716174,0.0349952661748954,2.1
16,ZFM-05169,2022-11-16,4bf62d04-e5a6-46db-add6-35e55db2de71,9c5e319e-09e8-4770-a806-46958bb464f1,1,Midbrain,0.005412480253437164,0.06453463365990542,2.3000000000000003
17,ZFM-05169,2022-11-16,4bf62d04-e5a6-46db-add6-35e55db2de71,9c5e319e-09e8-4770-a806-46958bb464f1,1,Midbrain,0.02464040644080753,0.064118066194142,2.5
18,ZFM-05169,2022-11-16,4bf62d04-e5a6-46db-add6-35e55db2de71,9c5e319e-09e8-4770-a806-46958bb464f1,1,Midbrain,0.04530685614357226,0.030039502455649778,2.7
19,ZFM-05169,2022-11-16,4bf62d04-e5a6-46db-add6-35e55db2de71,9c5e319e-09e8-4770-a806-46958bb464f1,1,Midbrain,0.048850712506219515,0.011241378691271847,2.9000000000000004
20,ZFM-05169,2022-11-16,4bf62d04-e5a6-46db-add6-35e55db2de71,9c5e319e-09e8-4770-a806-46958bb464f1,1,Midbrain,0.05113560591036974,0.02465364018468692,3.1
21,ZFM-05169,2022-11-16,4bf62d04-e5a6-46db-add6-35e55db2de71,9c5e319e-09e8-4770-a806-46958bb464f1,1,Midbrain,0.054236426106145166,0.039907759521142235,3.3000000000000003
22,ZFM-05169,2022-11-16,4bf62d04-e5a6-46db-add6-35e55db2de71,9c5e319e-09e8-4770-a806-46958bb464f1,1,Midbrain,0.06950377979406765,0.024197221601985022,3.5
23,ZFM-05169,2022-11-16,4bf62d04-e5a6-46db-add6-35e55db2de71,9c5e319e-09e8-4770-a806-46958bb464f1,1,Midbrain,0.06453463365990542,0.005399097230932282,3.7
24,ZFM-05169,2022-11-16,4bf62d04-e5a6-46db-add6-35e55db2de71,9c5e319e-09e8-4770-a806-46958bb464f1,1,Midbrain,0.029609552574969757,0.00044318483973648375,3.9000000000000004
0,ZFM-05169,2022-11-16,4bf62d04-e5a6-46db-add6-35e55db2de71,ab6a0fbd-0c8b-42d5-9e15-8b872c8dd3b5,1,Midbrain,0.02419722099439674,0.005412479644935411,-0.9
1,ZFM-05169,2022-11-16,4bf62d04-e5a6-46db-add6-35e55db2de71,ab6a0fbd-0c8b-42d5-9e15-8b872c8dd3b5,1,Midbrain,0.039907610849191054,0.00044333351077368986,-0.7000000000000001
2,ZFM-05169,2022-11-16,4bf62d04-e5a6-46db-add6-35e55db2de71,ab6a0fbd-0c8b-42d5-9e15-8b872c8dd3b5,1,Midbrain,0.024640257161268567,1.3383631007645878e-05,-0.5
3,ZFM-05169,2022-11-16,4bf62d04-e5a6-46db-add6-35e55db2de71,ab6a0fbd-0c8b-42d5-9e15-8b872c8dd3b5,1,Midbrain,0.010798193244861058,1.492822793757884e-07,-0.30000000000000004
4,ZFM-05169,2022-11-16,4bf62d04-e5a6-46db-add6-35e55db2de71,ab6a0fbd-0c8b-42d5-9e15-8b872c8dd3b5,1,Midbrain,0.024640257161268567,1.5049471602837042e-07,-0.1
5,ZFM-05169,2022-11-16,4bf62d04-e5a6-46db-add6-35e55db2de71,ab6a0fbd-0c8b-42d5-9e15-8b872c8dd3b5,1,Midbrain,0.039907610849191054,1.3680367319709693e-05,0.1
6,ZFM-05169,2022-11-16,4bf62d04-e5a6-46db-add6-35e55db2de71,ab6a0fbd-0c8b-42d5-9e15-8b872c8dd3b5,1,Midbrain,0.02419722099439674,0.00046995088383277505,0.30000000000000004
7,ZFM-05169,2022-11-16,4bf62d04-e5a6-46db-add6-35e55db2de71,ab6a0fbd-0c8b-42d5-9e15-8b872c8dd3b5,1,Midbrain,0.005399097230019316,0.0062854663000755425,0.5
8,ZFM-05169,2022-11-16,4bf62d04-e5a6-46db-add6-35e55db2de71,ab6a0fbd-0c8b-42d5-9e15-8b872c8dd3b5,1,Midbrain,0.00044318484064945055,0.03499526556730712,0.7000000000000001
9,ZFM-05169,2022-11-16,4bf62d04-e5a6-46db-add6-35e55db2de71,ab6a0fbd-0c8b-42d5-9e15-8b872c8dd3b5,1,Midbrain,1.3383630093668614e-05,0.0882883724715788,0.9
10,ZFM-05169,2022-11-16,4bf62d04-e5a6-46db-add6-35e55db2de71,ab6a0fbd-0c8b-42d5-9e15-8b872c8dd3b5,1,Midbrain,2.973439013560012e-07,0.10398552797673187,1.1
11,ZFM-05169,2022-11-16,4bf62d04-e5a6-46db-add6-35e55db2de71,ab6a0fbd-0c8b-42d5-9e15-8b872c8dd3b5,1,Midbrain,1.338363009316349e-05,0.053793241874910934,1.3000000000000003
12,ZFM-05169,2022-11-16,4bf62d04-e5a6-46db-add6-35e55db2de71,ab6a0fbd-0c8b-42d5-9e15-8b872c8dd3b5,1,Midbrain,0.0004431848397364839,0.011241526755634244,1.5
13,ZFM-05169,2022-11-16,4bf62d04-e5a6-46db-add6-35e55db2de71,ab6a0fbd-0c8b-42d5-9e15-8b872c8dd3b5,1,Midbrain,0.005399096623345012,0.0009131357226547763,1.7000000000000002
14,ZFM-05169,2022-11-16,4bf62d04-e5a6-46db-add6-35e55db2de71,ab6a0fbd-0c8b-42d5-9e15-8b872c8dd3b5,1,Midbrain,0.024197072930947815,0.0004700995557829478,1.9
15,ZFM-05169,2022-11-16,4bf62d04-e5a6-46db-add6-35e55db2de71,ab6a0fbd-0c8b-42d5-9e15-8b872c8dd3b5,1,Midbrain,0.03989437710622513,0.0053993945739201675,2.1
16,ZFM-05169,2022-11-16,4bf62d04-e5a6-46db-add6-35e55db2de71,ab6a0fbd-0c8b-42d5-9e15-8b872c8dd3b5,1,Midbrain,0.02421060401690162,0.024197073538536097,2.3000000000000003
17,ZFM-05169,2022-11-16,4bf62d04-e5a6-46db-add6-35e55db2de71,ab6a0fbd-0c8b-42d5-9e15-8b872c8dd3b5,1,Midbrain,0.005855664483757917,0.039894227828513616,2.5
18,ZFM-05169,2022-11-16,4bf62d04-e5a6-46db-add6-35e55db2de71,ab6a0fbd-0c8b-42d5-9e15-8b872c8dd3b5,1,Midbrain,0.0062854663000755425,0.024197072322447073,2.7
19,ZFM-05169,2022-11-16,4bf62d04-e5a6-46db-add6-35e55db2de71,ab6a0fbd-0c8b-42d5-9e15-8b872c8dd3b5,1,Midbrain,0.029609551967381475,0.005399096622430529,2.9000000000000004
20,ZFM-05169,2022-11-16,4bf62d04-e5a6-46db-add6-35e55db2de71,ab6a0fbd-0c8b-42d5-9e15-8b872c8dd3b5,1,Midbrain,0.0640914488210829,0.0004431848388225065,3.1
21,ZFM-05169,2022-11-16,4bf62d04-e5a6-46db-add6-35e55db2de71,ab6a0fbd-0c8b-42d5-9e15-8b872c8dd3b5,1,Midbrain,0.06409130075672051,1.3383022504881656e-05,3.3000000000000003
22,ZFM-05169,2022-11-16,4bf62d04-e5a6-46db-add6-35e55db2de71,ab6a0fbd-0c8b-42d5-9e15-8b872c8dd3b5,1,Midbrain,0.029596168945790063,1.4867195067794918e-07,3.5
23,ZFM-05169,2022-11-16,4bf62d04-e5a6-46db-add6-35e55db2de71,ab6a0fbd-0c8b-42d5-9e15-8b872c8dd3b5,1,Midbrain,0.005842281461253541,6.075882817313813e-10,3.7
24,ZFM-05169,2022-11-16,4bf62d04-e5a6-46db-add6-35e55db2de71,ab6a0fbd-0c8b-42d5-9e15-8b872c8dd3b5,1,Midbrain,0.0004565678613273883,9.134720359488577e-13,3.9000000000000004
0,ZFM-05169,2022-11-15,fea9173d-8609-4242-9369-308fa29bf0ac,ace3941b-b1e9-42eb-9a22-44986857adc0,1,Cortex,0.23687466423690556,0.1292051663539097,-0.9
1,ZFM-05169,2022-11-15,fea9173d-8609-4242-9369-308fa29bf0ac,ace3941b-b1e9-42eb-9a22-44986857adc0,1,Cortex,0.24656694273223903,0.12672122434264535,-0.7000000000000001
2,ZFM-05169,2022-11-15,fea9173d-8609-4242-9369-308fa29bf0ac,ace3941b-b1e9-42eb-9a22-44986857adc0,1,Cortex,0.18820209408287383,0.10332317670518709,-0.5
3,ZFM-05169,2022-11-15,fea9173d-8609-4242-9369-308fa29bf0ac,ace3941b-b1e9-42eb-9a22-44986857adc0,1,Cortex,0.19752820943706356,0.0702376599809378,-0.30000000000000004
4,ZFM-05169,2022-11-15,fea9173d-8609-4242-9369-308fa29bf0ac,ace3941b-b1e9-42eb-9a22-44986857adc0,1,Cortex,0.2329494446523426,0.07649681045303314,-0.1
5,ZFM-05169,2022-11-15,fea9173d-8609-4242-9369-308fa29bf0ac,ace3941b-b1e9-42eb-9a22-44986857adc0,1,Cortex,0.2677540656728846,0.07017527418971511,0.1
6,ZFM-05169,2022-11-15,fea9173d-8609-4242-9369-308fa29bf0ac,ace3941b-b1e9-42eb-9a22-44986857adc0,1,Cortex,0.436619966526684,0.032184621464264526,0.30000000000000004
7,ZFM-05169,2022-11-15,fea9173d-8609-4242-9369-308fa29bf0ac,ace3941b-b1e9-42eb-9a22-44986857adc0,1,Cortex,0.6002898215851342,0.006351117908342257,0.5
8,ZFM-05169,2022-11-15,fea9173d-8609-4242-9369-308fa29bf0ac,ace3941b-b1e9-42eb-9a22-44986857adc0,1,Cortex,0.5189357538511493,0.0005551101412271819,0.7000000000000001
9,ZFM-05169,2022-11-15,fea9173d-8609-4242-9369-308fa29bf0ac,ace3941b-b1e9-42eb-9a22-44986857adc0,1,Cortex,0.34217431782077695,0.002001405985467437,0.9
10,ZFM-05169,2022-11-15,fea9173d-8609-4242-9369-308fa29bf0ac,ace3941b-b1e9-42eb-9a22-44986857adc0,1,Cortex,0.19348388206994105,0.025547823901964417,1.1
11,ZFM-05169,2022-11-15,fea9173d-8609-4242-9369-308fa29bf0ac,ace3941b-b1e9-42eb-9a22-44986857adc0,1,Cortex,0.07228108695659859,0.13358366542676997,1.3000000000000003
12,ZFM-05169,2022-11-15,fea9173d-8609-4242-9369-308fa29bf0ac,ace3941b-b1e9-42eb-9a22-44986857adc0,1,Cortex,0.013738410295600153,0.3402487051786051,1.5
13,ZFM-05169,2022-11-15,fea9173d-8609-4242-9369-308fa29bf0ac,ace3941b-b1e9-42eb-9a22-44986857adc0,1,Cortex,0.007372914499180313,0.5773775747429808,1.7000000000000002
14,ZFM-05169,2022-11-15,fea9173d-8609-4242-9369-308fa29bf0ac,ace3941b-b1e9-42eb-9a22-44986857adc0,1,Cortex,0.03271030760979536,0.7264983014239925,1.9
15,ZFM-05169,2022-11-15,fea9173d-8609-4242-9369-308fa29bf0ac,ace3941b-b1e9-42eb-9a22-44986857adc0,1,Cortex,0.07651135788201416,0.5817263050758591,2.1
16,ZFM-05169,2022-11-15,fea9173d-8609-4242-9369-308fa29bf0ac,ace3941b-b1e9-42eb-9a22-44986857adc0,1,Cortex,0.1081846757187196,0.29992316878366965,2.3000000000000003
17,ZFM-05169,2022-11-15,fea9173d-8609-4242-9369-308fa29bf0ac,ace3941b-b1e9-42eb-9a22-44986857adc0,1,Cortex,0.13401882501698026,0.16379983864775835,2.5
18,ZFM-05169,2022-11-15,fea9173d-8609-4242-9369-308fa29bf0ac,ace3941b-b1e9-42eb-9a22-44986857adc0,1,Cortex,0.146190197742272,0.13956762771216544,2.7
19,ZFM-05169,2022-11-15,fea9173d-8609-4242-9369-308fa29bf0ac,ace3941b-b1e9-42eb-9a22-44986857adc0,1,Cortex,0.10917721190302314,0.1389086405653526,2.9000000000000004
20,ZFM-05169,2022-11-15,fea9173d-8609-4242-9369-308fa29bf0ac,ace3941b-b1e9-42eb-9a22-44986857adc0,1,Cortex,0.07706936536708907,0.15407616113620548,3.1
21,ZFM-05169,2022-11-15,fea9173d-8609-4242-9369-308fa29bf0ac,ace3941b-b1e9-42eb-9a22-44986857adc0,1,Cortex,0.10916282806022082,0.13298041715401204,3.3000000000000003
22,ZFM-05169,2022-11-15,fea9173d-8609-4242-9369-308fa29bf0ac,ace3941b-b1e9-42eb-9a22-44986857adc0,1,Cortex,0.14572318411632992,0.11072660350271428,3.5
23,ZFM-05169,2022-11-15,fea9173d-8609-4242-9369-308fa29bf0ac,ace3941b-b1e9-42eb-9a22-44986857adc0,1,Cortex,0.1286466727441755,0.08671416507767325,3.7
24,ZFM-05169,2022-11-15,fea9173d-8609-4242-9369-308fa29bf0ac,ace3941b-b1e9-42eb-9a22-44986857adc0,1,Cortex,0.08824836152675536,0.08782482593023039,3.9000000000000004
