,p_down,time,subject,pid,region
0,0.5800000000000001,-0.9,ZFM-04820,04954136-75a8-4a20-9054-37b0bffd3b8b,Frontal
1,0.56,-0.7000000000000001,ZFM-04820,04954136-75a8-4a20-9054-37b0bffd3b8b,Frontal
2,0.5800000000000001,-0.5,ZFM-04820,04954136-75a8-4a20-9054-37b0bffd3b8b,Frontal
3,0.6,-0.30000000000000004,ZFM-04820,04954136-75a8-4a20-9054-37b0bffd3b8b,Frontal
4,0.72,-0.1,ZFM-04820,04954136-75a8-4a20-9054-37b0bffd3b8b,Frontal
5,0.8,0.1,ZFM-04820,04954136-75a8-4a20-9054-37b0bffd3b8b,Frontal
6,0.88,0.30000000000000004,ZFM-04820,04954136-75a8-4a20-9054-37b0bffd3b8b,Frontal
7,0.92,0.5,ZFM-04820,04954136-75a8-4a20-9054-37b0bffd3b8b,Frontal
8,0.98,0.7000000000000001,ZFM-04820,04954136-75a8-4a20-9054-37b0bffd3b8b,Frontal
9,0.94,0.9,ZFM-04820,04954136-75a8-4a20-9054-37b0bffd3b8b,Frontal
10,0.98,1.1,ZFM-04820,04954136-75a8-4a20-9054-37b0bffd3b8b,Frontal
11,0.98,1.3000000000000003,ZFM-04820,04954136-75a8-4a20-9054-37b0bffd3b8b,Frontal
12,1.0,1.5,ZFM-04820,04954136-75a8-4a20-9054-37b0bffd3b8b,Frontal
13,1.0,1.7000000000000002,ZFM-04820,04954136-75a8-4a20-9054-37b0bffd3b8b,Frontal
14,0.96,1.9,ZFM-04820,04954136-75a8-4a20-9054-37b0bffd3b8b,Frontal
15,0.96,2.1,ZFM-04820,04954136-75a8-4a20-9054-37b0bffd3b8b,Frontal
16,0.84,2.3000000000000003,ZFM-04820,04954136-75a8-4a20-9054-37b0bffd3b8b,Frontal
17,0.6799999999999999,2.5,ZFM-04820,04954136-75a8-4a20-9054-37b0bffd3b8b,Frontal
18,0.54,2.7,ZFM-04820,04954136-75a8-4a20-9054-37b0bffd3b8b,Frontal
19,0.5,2.9000000000000004,ZFM-04820,04954136-75a8-4a20-9054-37b0bffd3b8b,Frontal
20,0.38,3.1,ZFM-04820,04954136-75a8-4a20-9054-37b0bffd3b8b,Frontal
21,0.45999999999999996,3.3000000000000003,ZFM-04820,04954136-75a8-4a20-9054-37b0bffd3b8b,Frontal
22,0.43999999999999995,3.5,ZFM-04820,04954136-75a8-4a20-9054-37b0bffd3b8b,Frontal
23,0.56,3.7,ZFM-04820,04954136-75a8-4a20-9054-37b0bffd3b8b,Frontal
24,0.62,3.9000000000000004,ZFM-04820,04954136-75a8-4a20-9054-37b0bffd3b8b,Frontal
0,0.28,-0.9,ZFM-04820,04954136-75a8-4a20-9054-37b0bffd3b8b,Striatum
1,0.26,-0.7000000000000001,ZFM-04820,04954136-75a8-4a20-9054-37b0bffd3b8b,Striatum
2,0.33999999999999997,-0.5,ZFM-04820,04954136-75a8-4a20-9054-37b0bffd3b8b,Striatum
3,0.31999999999999995,-0.30000000000000004,ZFM-04820,04954136-75a8-4a20-9054-37b0bffd3b8b,Striatum
4,0.33999999999999997,-0.1,ZFM-04820,04954136-75a8-4a20-9054-37b0bffd3b8b,Striatum
5,0.48,0.1,ZFM-04820,04954136-75a8-4a20-9054-37b0bffd3b8b,Striatum
6,0.7,0.30000000000000004,ZFM-04820,04954136-75a8-4a20-9054-37b0bffd3b8b,Striatum
7,0.88,0.5,ZFM-04820,04954136-75a8-4a20-9054-37b0bffd3b8b,Striatum
8,0.94,0.7000000000000001,ZFM-04820,04954136-75a8-4a20-9054-37b0bffd3b8b,Striatum
9,0.94,0.9,ZFM-04820,04954136-75a8-4a20-9054-37b0bffd3b8b,Striatum
10,0.96,1.1,ZFM-04820,04954136-75a8-4a20-9054-37b0bffd3b8b,Striatum
11,0.98,1.3000000000000003,ZFM-04820,04954136-75a8-4a20-9054-37b0bffd3b8b,Striatum
12,1.0,1.5,ZFM-04820,04954136-75a8-4a20-9054-37b0bffd3b8b,Striatum
13,1.0,1.7000000000000002,ZFM-04820,04954136-75a8-4a20-9054-37b0bffd3b8b,Striatum
14,0.96,1.9,ZFM-04820,04954136-75a8-4a20-9054-37b0bffd3b8b,Striatum
15,0.94,2.1,ZFM-04820,04954136-75a8-4a20-9054-37b0bffd3b8b,Striatum
16,0.76,2.3000000000000003,ZFM-04820,04954136-75a8-4a20-9054-37b0bffd3b8b,Striatum
17,0.62,2.5,ZFM-04820,04954136-75a8-4a20-9054-37b0bffd3b8b,Striatum
18,0.45999999999999996,2.7,ZFM-04820,04954136-75a8-4a20-9054-37b0bffd3b8b,Striatum
19,0.36,2.9000000000000004,ZFM-04820,04954136-75a8-4a20-9054-37b0bffd3b8b,Striatum
20,0.38,3.1,ZFM-04820,04954136-75a8-4a20-9054-37b0bffd3b8b,Striatum
21,0.30000000000000004,3.3000000000000003,ZFM-04820,04954136-75a8-4a20-9054-37b0bffd3b8b,Striatum
22,0.30000000000000004,3.5,ZFM-04820,04954136-75a8-4a20-9054-37b0bffd3b8b,Striatum
23,0.24,3.7,ZFM-04820,04954136-75a8-4a20-9054-37b0bffd3b8b,Striatum
24,0.26,3.9000000000000004,ZFM-04820,04954136-75a8-4a20-9054-37b0bffd3b8b,Striatum
0,0.56,-0.9,ZFM-04820,181aeeb1-9858-4562-9d7c-1ce21959cd80,Sensory
1,0.62,-0.7000000000000001,ZFM-04820,181aeeb1-9858-4562-9d7c-1ce21959cd80,Sensory
2,0.56,-0.5,ZFM-04820,181aeeb1-9858-4562-9d7c-1ce21959cd80,Sensory
3,0.5,-0.30000000000000004,ZFM-04820,181aeeb1-9858-4562-9d7c-1ce21959cd80,Sensory
4,0.6599999999999999,-0.1,ZFM-04820,181aeeb1-9858-4562-9d7c-1ce21959cd80,Sensory
5,0.64,0.1,ZFM-04820,181aeeb1-9858-4562-9d7c-1ce21959cd80,Sensory
6,0.76,0.30000000000000004,ZFM-04820,181aeeb1-9858-4562-9d7c-1ce21959cd80,Sensory
7,0.76,0.5,ZFM-04820,181aeeb1-9858-4562-9d7c-1ce21959cd80,Sensory
8,0.72,0.7000000000000001,ZFM-04820,181aeeb1-9858-4562-9d7c-1ce21959cd80,Sensory
9,0.8200000000000001,0.9,ZFM-04820,181aeeb1-9858-4562-9d7c-1ce21959cd80,Sensory
10,0.84,1.1,ZFM-04820,181aeeb1-9858-4562-9d7c-1ce21959cd80,Sensory
11,0.8,1.3000000000000003,ZFM-04820,181aeeb1-9858-4562-9d7c-1ce21959cd80,Sensory
12,0.78,1.5,ZFM-04820,181aeeb1-9858-4562-9d7c-1ce21959cd80,Sensory
13,0.74,1.7000000000000002,ZFM-04820,181aeeb1-9858-4562-9d7c-1ce21959cd80,Sensory
14,0.72,1.9,ZFM-04820,181aeeb1-9858-4562-9d7c-1ce21959cd80,Sensory
15,0.72,2.1,ZFM-04820,181aeeb1-9858-4562-9d7c-1ce21959cd80,Sensory
16,0.7,2.3000000000000003,ZFM-04820,181aeeb1-9858-4562-9d7c-1ce21959cd80,Sensory
17,0.6599999999999999,2.5,ZFM-04820,181aeeb1-9858-4562-9d7c-1ce21959cd80,Sensory
18,0.6,2.7,ZFM-04820,181aeeb1-9858-4562-9d7c-1ce21959cd80,Sensory
19,0.5,2.9000000000000004,ZFM-04820,181aeeb1-9858-4562-9d7c-1ce21959cd80,Sensory
20,0.48,3.1,ZFM-04820,181aeeb1-9858-4562-9d7c-1ce21959cd80,Sensory
21,0.45999999999999996,3.3000000000000003,ZFM-04820,181aeeb1-9858-4562-9d7c-1ce21959cd80,Sensory
22,0.4,3.5,ZFM-04820,181aeeb1-9858-4562-9d7c-1ce21959cd80,Sensory
23,0.54,3.7,ZFM-04820,181aeeb1-9858-4562-9d7c-1ce21959cd80,Sensory
24,0.54,3.9000000000000004,ZFM-04820,181aeeb1-9858-4562-9d7c-1ce21959cd80,Sensory
0,0.28,-0.9,ZFM-04820,181aeeb1-9858-4562-9d7c-1ce21959cd80,Striatum
1,0.42000000000000004,-0.7000000000000001,ZFM-04820,181aeeb1-9858-4562-9d7c-1ce21959cd80,Striatum
2,0.43999999999999995,-0.5,ZFM-04820,181aeeb1-9858-4562-9d7c-1ce21959cd80,Striatum
3,0.4,-0.30000000000000004,ZFM-04820,181aeeb1-9858-4562-9d7c-1ce21959cd80,Striatum
4,0.43999999999999995,-0.1,ZFM-04820,181aeeb1-9858-4562-9d7c-1ce21959cd80,Striatum
5,0.5800000000000001,0.1,ZFM-04820,181aeeb1-9858-4562-9d7c-1ce21959cd80,Striatum
6,0.8,0.30000000000000004,ZFM-04820,181aeeb1-9858-4562-9d7c-1ce21959cd80,Striatum
7,0.92,0.5,ZFM-04820,181aeeb1-9858-4562-9d7c-1ce21959cd80,Striatum
8,0.94,0.7000000000000001,ZFM-04820,181aeeb1-9858-4562-9d7c-1ce21959cd80,Striatum
9,0.98,0.9,ZFM-04820,181aeeb1-9858-4562-9d7c-1ce21959cd80,Striatum
10,0.98,1.1,ZFM-04820,181aeeb1-9858-4562-9d7c-1ce21959cd80,Striatum
11,0.98,1.3000000000000003,ZFM-04820,181aeeb1-9858-4562-9d7c-1ce21959cd80,Striatum
12,1.0,1.5,ZFM-04820,181aeeb1-9858-4562-9d7c-1ce21959cd80,Striatum
13,0.98,1.7000000000000002,ZFM-04820,181aeeb1-9858-4562-9d7c-1ce21959cd80,Striatum
14,0.96,1.9,ZFM-04820,181aeeb1-9858-4562-9d7c-1ce21959cd80,Striatum
15,0.92,2.1,ZFM-04820,181aeeb1-9858-4562-9d7c-1ce21959cd80,Striatum
16,0.78,2.3000000000000003,ZFM-04820,181aeeb1-9858-4562-9d7c-1ce21959cd80,Striatum
17,0.5800000000000001,2.5,ZFM-04820,181aeeb1-9858-4562-9d7c-1ce21959cd80,Striatum
18,0.45999999999999996,2.7,ZFM-04820,181aeeb1-9858-4562-9d7c-1ce21959cd80,Striatum
19,0.33999999999999997,2.9000000000000004,ZFM-04820,181aeeb1-9858-4562-9d7c-1ce21959cd80,Striatum
20,0.38,3.1,ZFM-04820,181aeeb1-9858-4562-9d7c-1ce21959cd80,Striatum
21,0.33999999999999997,3.3000000000000003,ZFM-04820,181aeeb1-9858-4562-9d7c-1ce21959cd80,Striatum
22,0.28,3.5,ZFM-04820,181aeeb1-9858-4562-9d7c-1ce21959cd80,Striatum
23,0.31999999999999995,3.7,ZFM-04820,181aeeb1-9858-4562-9d7c-1ce21959cd80,Striatum
24,0.36,3.9000000000000004,ZFM-04820,181aeeb1-9858-4562-9d7c-1ce21959cd80,Striatum
0,0.56,-0.9,ZFM-04820,366c7c11-5509-443f-b07b-dabc9dcfd53e,Hippocampus
1,0.6,-0.7000000000000001,ZFM-04820,366c7c11-5509-443f-b07b-dabc9dcfd53e,Hippocampus
2,0.7,-0.5,ZFM-04820,366c7c11-5509-443f-b07b-dabc9dcfd53e,Hippocampus
3,0.62,-0.30000000000000004,ZFM-04820,366c7c11-5509-443f-b07b-dabc9dcfd53e,Hippocampus
4,0.6599999999999999,-0.1,ZFM-04820,366c7c11-5509-443f-b07b-dabc9dcfd53e,Hippocampus
5,0.6599999999999999,0.1,ZFM-04820,366c7c11-5509-443f-b07b-dabc9dcfd53e,Hippocampus
6,0.7,0.30000000000000004,ZFM-04820,366c7c11-5509-443f-b07b-dabc9dcfd53e,Hippocampus
7,0.74,0.5,ZFM-04820,366c7c11-5509-443f-b07b-dabc9dcfd53e,Hippocampus
8,0.74,0.7000000000000001,ZFM-04820,366c7c11-5509-443f-b07b-dabc9dcfd53e,Hippocampus
9,0.74,0.9,ZFM-04820,366c7c11-5509-443f-b07b-dabc9dcfd53e,Hippocampus
10,0.6799999999999999,1.1,ZFM-04820,366c7c11-5509-443f-b07b-dabc9dcfd53e,Hippocampus
11,0.6599999999999999,1.3000000000000003,ZFM-04820,366c7c11-5509-443f-b07b-dabc9dcfd53e,Hippocampus
12,0.5800000000000001,1.5,ZFM-04820,366c7c11-5509-443f-b07b-dabc9dcfd53e,Hippocampus
13,0.52,1.7000000000000002,ZFM-04820,366c7c11-5509-443f-b07b-dabc9dcfd53e,Hippocampus
14,0.42000000000000004,1.9,ZFM-04820,366c7c11-5509-443f-b07b-dabc9dcfd53e,Hippocampus
15,0.45999999999999996,2.1,ZFM-04820,366c7c11-5509-443f-b07b-dabc9dcfd53e,Hippocampus
16,0.45999999999999996,2.3000000000000003,ZFM-04820,366c7c11-5509-443f-b07b-dabc9dcfd53e,Hippocampus
17,0.45999999999999996,2.5,ZFM-04820,366c7c11-5509-443f-b07b-dabc9dcfd53e,Hippocampus
18,0.52,2.7,ZFM-04820,366c7c11-5509-443f-b07b-dabc9dcfd53e,Hippocampus
19,0.56,2.9000000000000004,ZFM-04820,366c7c11-5509-443f-b07b-dabc9dcfd53e,Hippocampus
20,0.6,3.1,ZFM-04820,366c7c11-5509-443f-b07b-dabc9dcfd53e,Hippocampus
21,0.6,3.3000000000000003,ZFM-04820,366c7c11-5509-443f-b07b-dabc9dcfd53e,Hippocampus
22,0.6599999999999999,3.5,ZFM-04820,366c7c11-5509-443f-b07b-dabc9dcfd53e,Hippocampus
23,0.62,3.7,ZFM-04820,366c7c11-5509-443f-b07b-dabc9dcfd53e,Hippocampus
24,0.56,3.9000000000000004,ZFM-04820,366c7c11-5509-443f-b07b-dabc9dcfd53e,Hippocampus
0,0.7,-0.9,ZFM-04820,366c7c11-5509-443f-b07b-dabc9dcfd53e,Thalamus
1,0.74,-0.7000000000000001,ZFM-04820,366c7c11-5509-443f-b07b-dabc9dcfd53e,Thalamus
2,0.6799999999999999,-0.5,ZFM-04820,366c7c11-5509-443f-b07b-dabc9dcfd53e,Thalamus
3,0.6799999999999999,-0.30000000000000004,ZFM-04820,366c7c11-5509-443f-b07b-dabc9dcfd53e,Thalamus
4,0.6799999999999999,-0.1,ZFM-04820,366c7c11-5509-443f-b07b-dabc9dcfd53e,Thalamus
5,0.72,0.1,ZFM-04820,366c7c11-5509-443f-b07b-dabc9dcfd53e,Thalamus
6,0.9,0.30000000000000004,ZFM-04820,366c7c11-5509-443f-b07b-dabc9dcfd53e,Thalamus
7,0.9,0.5,ZFM-04820,366c7c11-5509-443f-b07b-dabc9dcfd53e,Thalamus
8,0.94,0.7000000000000001,ZFM-04820,366c7c11-5509-443f-b07b-dabc9dcfd53e,Thalamus
9,0.9,0.9,ZFM-04820,366c7c11-5509-443f-b07b-dabc9dcfd53e,Thalamus
10,0.9,1.1,ZFM-04820,366c7c11-5509-443f-b07b-dabc9dcfd53e,Thalamus
11,0.8,1.3000000000000003,ZFM-04820,366c7c11-5509-443f-b07b-dabc9dcfd53e,Thalamus
12,0.64,1.5,ZFM-04820,366c7c11-5509-443f-b07b-dabc9dcfd53e,Thalamus
13,0.52,1.7000000000000002,ZFM-04820,366c7c11-5509-443f-b07b-dabc9dcfd53e,Thalamus
14,0.4,1.9,ZFM-04820,366c7c11-5509-443f-b07b-dabc9dcfd53e,Thalamus
15,0.43999999999999995,2.1,ZFM-04820,366c7c11-5509-443f-b07b-dabc9dcfd53e,Thalamus
16,0.56,2.3000000000000003,ZFM-04820,366c7c11-5509-443f-b07b-dabc9dcfd53e,Thalamus
17,0.6,2.5,ZFM-04820,366c7c11-5509-443f-b07b-dabc9dcfd53e,Thalamus
18,0.6799999999999999,2.7,ZFM-04820,366c7c11-5509-443f-b07b-dabc9dcfd53e,Thalamus
19,0.6799999999999999,2.9000000000000004,ZFM-04820,366c7c11-5509-443f-b07b-dabc9dcfd53e,Thalamus
20,0.78,3.1,ZFM-04820,366c7c11-5509-443f-b07b-dabc9dcfd53e,Thalamus
21,0.76,3.3000000000000003,ZFM-04820,366c7c11-5509-443f-b07b-dabc9dcfd53e,Thalamus
22,0.74,3.5,ZFM-04820,366c7c11-5509-443f-b07b-dabc9dcfd53e,Thalamus
23,0.6599999999999999,3.7,ZFM-04820,366c7c11-5509-443f-b07b-dabc9dcfd53e,Thalamus
24,0.6599999999999999,3.9000000000000004,ZFM-04820,366c7c11-5509-443f-b07b-dabc9dcfd53e,Thalamus
0,0.5,-0.9,ZFM-04820,e4a0e958-0774-444b-ad65-f6ff7bc22902,Midbrain
1,0.52,-0.7000000000000001,ZFM-04820,e4a0e958-0774-444b-ad65-f6ff7bc22902,Midbrain
2,0.54,-0.5,ZFM-04820,e4a0e958-0774-444b-ad65-f6ff7bc22902,Midbrain
3,0.54,-0.30000000000000004,ZFM-04820,e4a0e958-0774-444b-ad65-f6ff7bc22902,Midbrain
4,0.54,-0.1,ZFM-04820,e4a0e958-0774-444b-ad65-f6ff7bc22902,Midbrain
5,0.52,0.1,ZFM-04820,e4a0e958-0774-444b-ad65-f6ff7bc22902,Midbrain
6,0.48,0.30000000000000004,ZFM-04820,e4a0e958-0774-444b-ad65-f6ff7bc22902,Midbrain
7,0.48,0.5,ZFM-04820,e4a0e958-0774-444b-ad65-f6ff7bc22902,Midbrain
8,0.45999999999999996,0.7000000000000001,ZFM-04820,e4a0e958-0774-444b-ad65-f6ff7bc22902,Midbrain
9,0.5,0.9,ZFM-04820,e4a0e958-0774-444b-ad65-f6ff7bc22902,Midbrain
10,0.5,1.1,ZFM-04820,e4a0e958-0774-444b-ad65-f6ff7bc22902,Midbrain
11,0.48,1.3000000000000003,ZFM-04820,e4a0e958-0774-444b-ad65-f6ff7bc22902,Midbrain
12,0.5,1.5,ZFM-04820,e4a0e958-0774-444b-ad65-f6ff7bc22902,Midbrain
13,0.5,1.7000000000000002,ZFM-04820,e4a0e958-0774-444b-ad65-f6ff7bc22902,Midbrain
14,0.52,1.9,ZFM-04820,e4a0e958-0774-444b-ad65-f6ff7bc22902,Midbrain
15,0.5,2.1,ZFM-04820,e4a0e958-0774-444b-ad65-f6ff7bc22902,Midbrain
16,0.48,2.3000000000000003,ZFM-04820,e4a0e958-0774-444b-ad65-f6ff7bc22902,Midbrain
17,0.45999999999999996,2.5,ZFM-04820,e4a0e958-0774-444b-ad65-f6ff7bc22902,Midbrain
18,0.42000000000000004,2.7,ZFM-04820,e4a0e958-0774-444b-ad65-f6ff7bc22902,Midbrain
19,0.4,2.9000000000000004,ZFM-04820,e4a0e958-0774-444b-ad65-f6ff7bc22902,Midbrain
20,0.42000000000000004,3.1,ZFM-04820,e4a0e958-0774-444b-ad65-f6ff7bc22902,Midbrain
21,0.42000000000000004,3.3000000000000003,ZFM-04820,e4a0e958-0774-444b-ad65-f6ff7bc22902,Midbrain
22,0.43999999999999995,3.5,ZFM-04820,e4a0e958-0774-444b-ad65-f6ff7bc22902,Midbrain
23,0.48,3.7,ZFM-04820,e4a0e958-0774-444b-ad65-f6ff7bc22902,Midbrain
24,0.5,3.9000000000000004,ZFM-04820,e4a0e958-0774-444b-ad65-f6ff7bc22902,Midbrain
0,0.6,-0.9,ZFM-04820,36f8f321-c21b-4f2d-876b-c289ce3f8bed,Frontal
1,0.5800000000000001,-0.7000000000000001,ZFM-04820,36f8f321-c21b-4f2d-876b-c289ce3f8bed,Frontal
2,0.48,-0.5,ZFM-04820,36f8f321-c21b-4f2d-876b-c289ce3f8bed,Frontal
3,0.5,-0.30000000000000004,ZFM-04820,36f8f321-c21b-4f2d-876b-c289ce3f8bed,Frontal
4,0.45999999999999996,-0.1,ZFM-04820,36f8f321-c21b-4f2d-876b-c289ce3f8bed,Frontal
5,0.56,0.1,ZFM-04820,36f8f321-c21b-4f2d-876b-c289ce3f8bed,Frontal
6,0.62,0.30000000000000004,ZFM-04820,36f8f321-c21b-4f2d-876b-c289ce3f8bed,Frontal
7,0.7,0.5,ZFM-04820,36f8f321-c21b-4f2d-876b-c289ce3f8bed,Frontal
8,0.72,0.7000000000000001,ZFM-04820,36f8f321-c21b-4f2d-876b-c289ce3f8bed,Frontal
9,0.74,0.9,ZFM-04820,36f8f321-c21b-4f2d-876b-c289ce3f8bed,Frontal
10,0.8,1.1,ZFM-04820,36f8f321-c21b-4f2d-876b-c289ce3f8bed,Frontal
11,0.84,1.3000000000000003,ZFM-04820,36f8f321-c21b-4f2d-876b-c289ce3f8bed,Frontal
12,0.84,1.5,ZFM-04820,36f8f321-c21b-4f2d-876b-c289ce3f8bed,Frontal
13,0.74,1.7000000000000002,ZFM-04820,36f8f321-c21b-4f2d-876b-c289ce3f8bed,Frontal
14,0.5800000000000001,1.9,ZFM-04820,36f8f321-c21b-4f2d-876b-c289ce3f8bed,Frontal
15,0.42000000000000004,2.1,ZFM-04820,36f8f321-c21b-4f2d-876b-c289ce3f8bed,Frontal
16,0.31999999999999995,2.3000000000000003,ZFM-04820,36f8f321-c21b-4f2d-876b-c289ce3f8bed,Frontal
17,0.28,2.5,ZFM-04820,36f8f321-c21b-4f2d-876b-c289ce3f8bed,Frontal
18,0.33999999999999997,2.7,ZFM-04820,36f8f321-c21b-4f2d-876b-c289ce3f8bed,Frontal
19,0.30000000000000004,2.9000000000000004,ZFM-04820,36f8f321-c21b-4f2d-876b-c289ce3f8bed,Frontal
20,0.38,3.1,ZFM-04820,36f8f321-c21b-4f2d-876b-c289ce3f8bed,Frontal
21,0.38,3.3000000000000003,ZFM-04820,36f8f321-c21b-4f2d-876b-c289ce3f8bed,Frontal
22,0.5,3.5,ZFM-04820,36f8f321-c21b-4f2d-876b-c289ce3f8bed,Frontal
23,0.54,3.7,ZFM-04820,36f8f321-c21b-4f2d-876b-c289ce3f8bed,Frontal
24,0.6799999999999999,3.9000000000000004,ZFM-04820,36f8f321-c21b-4f2d-876b-c289ce3f8bed,Frontal
0,0.64,-0.9,ZFM-04820,36f8f321-c21b-4f2d-876b-c289ce3f8bed,Sensory
1,0.76,-0.7000000000000001,ZFM-04820,36f8f321-c21b-4f2d-876b-c289ce3f8bed,Sensory
2,0.6599999999999999,-0.5,ZFM-04820,36f8f321-c21b-4f2d-876b-c289ce3f8bed,Sensory
3,0.6599999999999999,-0.30000000000000004,ZFM-04820,36f8f321-c21b-4f2d-876b-c289ce3f8bed,Sensory
4,0.7,-0.1,ZFM-04820,36f8f321-c21b-4f2d-876b-c289ce3f8bed,Sensory
5,0.6599999999999999,0.1,ZFM-04820,36f8f321-c21b-4f2d-876b-c289ce3f8bed,Sensory
6,0.78,0.30000000000000004,ZFM-04820,36f8f321-c21b-4f2d-876b-c289ce3f8bed,Sensory
7,0.8200000000000001,0.5,ZFM-04820,36f8f321-c21b-4f2d-876b-c289ce3f8bed,Sensory
8,0.92,0.7000000000000001,ZFM-04820,36f8f321-c21b-4f2d-876b-c289ce3f8bed,Sensory
9,0.94,0.9,ZFM-04820,36f8f321-c21b-4f2d-876b-c289ce3f8bed,Sensory
10,0.9,1.1,ZFM-04820,36f8f321-c21b-4f2d-876b-c289ce3f8bed,Sensory
11,0.9,1.3000000000000003,ZFM-04820,36f8f321-c21b-4f2d-876b-c289ce3f8bed,Sensory
12,0.84,1.5,ZFM-04820,36f8f321-c21b-4f2d-876b-c289ce3f8bed,Sensory
13,0.8,1.7000000000000002,ZFM-04820,36f8f321-c21b-4f2d-876b-c289ce3f8bed,Sensory
14,0.62,1.9,ZFM-04820,36f8f321-c21b-4f2d-876b-c289ce3f8bed,Sensory
15,0.62,2.1,ZFM-04820,36f8f321-c21b-4f2d-876b-c289ce3f8bed,Sensory
16,0.48,2.3000000000000003,ZFM-04820,36f8f321-c21b-4f2d-876b-c289ce3f8bed,Sensory
17,0.45999999999999996,2.5,ZFM-04820,36f8f321-c21b-4f2d-876b-c289ce3f8bed,Sensory
18,0.45999999999999996,2.7,ZFM-04820,36f8f321-c21b-4f2d-876b-c289ce3f8bed,Sensory
19,0.43999999999999995,2.9000000000000004,ZFM-04820,36f8f321-c21b-4f2d-876b-c289ce3f8bed,Sensory
20,0.42000000000000004,3.1,ZFM-04820,36f8f321-c21b-4f2d-876b-c289ce3f8bed,Sensory
21,0.54,3.3000000000000003,ZFM-04820,36f8f321-c21b-4f2d-876b-c289ce3f8bed,Sensory
22,0.56,3.5,ZFM-04820,36f8f321-c21b-4f2d-876b-c289ce3f8bed,Sensory
23,0.64,3.7,ZFM-04820,36f8f321-c21b-4f2d-876b-c289ce3f8bed,Sensory
24,0.6799999999999999,3.9000000000000004,ZFM-04820,36f8f321-c21b-4f2d-876b-c289ce3f8bed,Sensory
0,0.6,-0.9,ZFM-04820,36f8f321-c21b-4f2d-876b-c289ce3f8bed,Striatum
1,0.6,-0.7000000000000001,ZFM-04820,36f8f321-c21b-4f2d-876b-c289ce3f8bed,Striatum
2,0.5,-0.5,ZFM-04820,36f8f321-c21b-4f2d-876b-c289ce3f8bed,Striatum
3,0.52,-0.30000000000000004,ZFM-04820,36f8f321-c21b-4f2d-876b-c289ce3f8bed,Striatum
4,0.52,-0.1,ZFM-04820,36f8f321-c21b-4f2d-876b-c289ce3f8bed,Striatum
5,0.5800000000000001,0.1,ZFM-04820,36f8f321-c21b-4f2d-876b-c289ce3f8bed,Striatum
6,0.6799999999999999,0.30000000000000004,ZFM-04820,36f8f321-c21b-4f2d-876b-c289ce3f8bed,Striatum
7,0.84,0.5,ZFM-04820,36f8f321-c21b-4f2d-876b-c289ce3f8bed,Striatum
8,0.8200000000000001,0.7000000000000001,ZFM-04820,36f8f321-c21b-4f2d-876b-c289ce3f8bed,Striatum
9,0.84,0.9,ZFM-04820,36f8f321-c21b-4f2d-876b-c289ce3f8bed,Striatum
10,0.88,1.1,ZFM-04820,36f8f321-c21b-4f2d-876b-c289ce3f8bed,Striatum
11,0.84,1.3000000000000003,ZFM-04820,36f8f321-c21b-4f2d-876b-c289ce3f8bed,Striatum
12,0.8200000000000001,1.5,ZFM-04820,36f8f321-c21b-4f2d-876b-c289ce3f8bed,Striatum
13,0.7,1.7000000000000002,ZFM-04820,36f8f321-c21b-4f2d-876b-c289ce3f8bed,Striatum
14,0.52,1.9,ZFM-04820,36f8f321-c21b-4f2d-876b-c289ce3f8bed,Striatum
15,0.31999999999999995,2.1,ZFM-04820,36f8f321-c21b-4f2d-876b-c289ce3f8bed,Striatum
16,0.30000000000000004,2.3000000000000003,ZFM-04820,36f8f321-c21b-4f2d-876b-c289ce3f8bed,Striatum
17,0.26,2.5,ZFM-04820,36f8f321-c21b-4f2d-876b-c289ce3f8bed,Striatum
18,0.30000000000000004,2.7,ZFM-04820,36f8f321-c21b-4f2d-876b-c289ce3f8bed,Striatum
19,0.28,2.9000000000000004,ZFM-04820,36f8f321-c21b-4f2d-876b-c289ce3f8bed,Striatum
20,0.31999999999999995,3.1,ZFM-04820,36f8f321-c21b-4f2d-876b-c289ce3f8bed,Striatum
21,0.4,3.3000000000000003,ZFM-04820,36f8f321-c21b-4f2d-876b-c289ce3f8bed,Striatum
22,0.56,3.5,ZFM-04820,36f8f321-c21b-4f2d-876b-c289ce3f8bed,Striatum
23,0.6599999999999999,3.7,ZFM-04820,36f8f321-c21b-4f2d-876b-c289ce3f8bed,Striatum
24,0.74,3.9000000000000004,ZFM-04820,36f8f321-c21b-4f2d-876b-c289ce3f8bed,Striatum
0,0.45999999999999996,-0.9,ZFM-04820,aa89d1e8-51da-40f6-a215-c9703a6ceb30,Midbrain
1,0.48,-0.7000000000000001,ZFM-04820,aa89d1e8-51da-40f6-a215-c9703a6ceb30,Midbrain
2,0.48,-0.5,ZFM-04820,aa89d1e8-51da-40f6-a215-c9703a6ceb30,Midbrain
3,0.45999999999999996,-0.30000000000000004,ZFM-04820,aa89d1e8-51da-40f6-a215-c9703a6ceb30,Midbrain
4,0.42000000000000004,-0.1,ZFM-04820,aa89d1e8-51da-40f6-a215-c9703a6ceb30,Midbrain
5,0.42000000000000004,0.1,ZFM-04820,aa89d1e8-51da-40f6-a215-c9703a6ceb30,Midbrain
6,0.42000000000000004,0.30000000000000004,ZFM-04820,aa89d1e8-51da-40f6-a215-c9703a6ceb30,Midbrain
7,0.42000000000000004,0.5,ZFM-04820,aa89d1e8-51da-40f6-a215-c9703a6ceb30,Midbrain
8,0.42000000000000004,0.7000000000000001,ZFM-04820,aa89d1e8-51da-40f6-a215-c9703a6ceb30,Midbrain
9,0.45999999999999996,0.9,ZFM-04820,aa89d1e8-51da-40f6-a215-c9703a6ceb30,Midbrain
10,0.45999999999999996,1.1,ZFM-04820,aa89d1e8-51da-40f6-a215-c9703a6ceb30,Midbrain
11,0.45999999999999996,1.3000000000000003,ZFM-04820,aa89d1e8-51da-40f6-a215-c9703a6ceb30,Midbrain
12,0.43999999999999995,1.5,ZFM-04820,aa89d1e8-51da-40f6-a215-c9703a6ceb30,Midbrain
13,0.42000000000000004,1.7000000000000002,ZFM-04820,aa89d1e8-51da-40f6-a215-c9703a6ceb30,Midbrain
14,0.43999999999999995,1.9,ZFM-04820,aa89d1e8-51da-40f6-a215-c9703a6ceb30,Midbrain
15,0.4,2.1,ZFM-04820,aa89d1e8-51da-40f6-a215-c9703a6ceb30,Midbrain
16,0.43999999999999995,2.3000000000000003,ZFM-04820,aa89d1e8-51da-40f6-a215-c9703a6ceb30,Midbrain
17,0.43999999999999995,2.5,ZFM-04820,aa89d1e8-51da-40f6-a215-c9703a6ceb30,Midbrain
18,0.43999999999999995,2.7,ZFM-04820,aa89d1e8-51da-40f6-a215-c9703a6ceb30,Midbrain
19,0.5,2.9000000000000004,ZFM-04820,aa89d1e8-51da-40f6-a215-c9703a6ceb30,Midbrain
20,0.54,3.1,ZFM-04820,aa89d1e8-51da-40f6-a215-c9703a6ceb30,Midbrain
21,0.56,3.3000000000000003,ZFM-04820,aa89d1e8-51da-40f6-a215-c9703a6ceb30,Midbrain
22,0.56,3.5,ZFM-04820,aa89d1e8-51da-40f6-a215-c9703a6ceb30,Midbrain
23,0.54,3.7,ZFM-04820,aa89d1e8-51da-40f6-a215-c9703a6ceb30,Midbrain
24,0.54,3.9000000000000004,ZFM-04820,aa89d1e8-51da-40f6-a215-c9703a6ceb30,Midbrain
0,0.30000000000000004,-0.9,ZFM-04820,9a9ee022-80b3-4a88-903f-12f838111818,Amygdala
1,0.4,-0.7000000000000001,ZFM-04820,9a9ee022-80b3-4a88-903f-12f838111818,Amygdala
2,0.36,-0.5,ZFM-04820,9a9ee022-80b3-4a88-903f-12f838111818,Amygdala
3,0.43999999999999995,-0.30000000000000004,ZFM-04820,9a9ee022-80b3-4a88-903f-12f838111818,Amygdala
4,0.45999999999999996,-0.1,ZFM-04820,9a9ee022-80b3-4a88-903f-12f838111818,Amygdala
5,0.52,0.1,ZFM-04820,9a9ee022-80b3-4a88-903f-12f838111818,Amygdala
6,0.64,0.30000000000000004,ZFM-04820,9a9ee022-80b3-4a88-903f-12f838111818,Amygdala
7,0.84,0.5,ZFM-04820,9a9ee022-80b3-4a88-903f-12f838111818,Amygdala
8,0.88,0.7000000000000001,ZFM-04820,9a9ee022-80b3-4a88-903f-12f838111818,Amygdala
9,0.88,0.9,ZFM-04820,9a9ee022-80b3-4a88-903f-12f838111818,Amygdala
10,0.9,1.1,ZFM-04820,9a9ee022-80b3-4a88-903f-12f838111818,Amygdala
11,0.88,1.3000000000000003,ZFM-04820,9a9ee022-80b3-4a88-903f-12f838111818,Amygdala
12,0.86,1.5,ZFM-04820,9a9ee022-80b3-4a88-903f-12f838111818,Amygdala
13,0.8200000000000001,1.7000000000000002,ZFM-04820,9a9ee022-80b3-4a88-903f-12f838111818,Amygdala
14,0.72,1.9,ZFM-04820,9a9ee022-80b3-4a88-903f-12f838111818,Amygdala
15,0.76,2.1,ZFM-04820,9a9ee022-80b3-4a88-903f-12f838111818,Amygdala
16,0.7,2.3000000000000003,ZFM-04820,9a9ee022-80b3-4a88-903f-12f838111818,Amygdala
17,0.6799999999999999,2.5,ZFM-04820,9a9ee022-80b3-4a88-903f-12f838111818,Amygdala
18,0.62,2.7,ZFM-04820,9a9ee022-80b3-4a88-903f-12f838111818,Amygdala
19,0.52,2.9000000000000004,ZFM-04820,9a9ee022-80b3-4a88-903f-12f838111818,Amygdala
20,0.43999999999999995,3.1,ZFM-04820,9a9ee022-80b3-4a88-903f-12f838111818,Amygdala
21,0.4,3.3000000000000003,ZFM-04820,9a9ee022-80b3-4a88-903f-12f838111818,Amygdala
22,0.36,3.5,ZFM-04820,9a9ee022-80b3-4a88-903f-12f838111818,Amygdala
23,0.36,3.7,ZFM-04820,9a9ee022-80b3-4a88-903f-12f838111818,Amygdala
24,0.38,3.9000000000000004,ZFM-04820,9a9ee022-80b3-4a88-903f-12f838111818,Amygdala
0,0.94,-0.9,ZFM-04820,9a9ee022-80b3-4a88-903f-12f838111818,Hippocampus
1,0.72,-0.7000000000000001,ZFM-04820,9a9ee022-80b3-4a88-903f-12f838111818,Hippocampus
2,0.74,-0.5,ZFM-04820,9a9ee022-80b3-4a88-903f-12f838111818,Hippocampus
3,0.72,-0.30000000000000004,ZFM-04820,9a9ee022-80b3-4a88-903f-12f838111818,Hippocampus
4,0.76,-0.1,ZFM-04820,9a9ee022-80b3-4a88-903f-12f838111818,Hippocampus
5,0.72,0.1,ZFM-04820,9a9ee022-80b3-4a88-903f-12f838111818,Hippocampus
6,0.7,0.30000000000000004,ZFM-04820,9a9ee022-80b3-4a88-903f-12f838111818,Hippocampus
7,0.62,0.5,ZFM-04820,9a9ee022-80b3-4a88-903f-12f838111818,Hippocampus
8,0.64,0.7000000000000001,ZFM-04820,9a9ee022-80b3-4a88-903f-12f838111818,Hippocampus
9,0.62,0.9,ZFM-04820,9a9ee022-80b3-4a88-903f-12f838111818,Hippocampus
10,0.7,1.1,ZFM-04820,9a9ee022-80b3-4a88-903f-12f838111818,Hippocampus
11,0.76,1.3000000000000003,ZFM-04820,9a9ee022-80b3-4a88-903f-12f838111818,Hippocampus
12,0.64,1.5,ZFM-04820,9a9ee022-80b3-4a88-903f-12f838111818,Hippocampus
13,0.78,1.7000000000000002,ZFM-04820,9a9ee022-80b3-4a88-903f-12f838111818,Hippocampus
14,0.7,1.9,ZFM-04820,9a9ee022-80b3-4a88-903f-12f838111818,Hippocampus
15,0.7,2.1,ZFM-04820,9a9ee022-80b3-4a88-903f-12f838111818,Hippocampus
16,0.8,2.3000000000000003,ZFM-04820,9a9ee022-80b3-4a88-903f-12f838111818,Hippocampus
17,0.76,2.5,ZFM-04820,9a9ee022-80b3-4a88-903f-12f838111818,Hippocampus
18,0.6599999999999999,2.7,ZFM-04820,9a9ee022-80b3-4a88-903f-12f838111818,Hippocampus
19,0.8,2.9000000000000004,ZFM-04820,9a9ee022-80b3-4a88-903f-12f838111818,Hippocampus
20,0.78,3.1,ZFM-04820,9a9ee022-80b3-4a88-903f-12f838111818,Hippocampus
21,0.8200000000000001,3.3000000000000003,ZFM-04820,9a9ee022-80b3-4a88-903f-12f838111818,Hippocampus
22,0.72,3.5,ZFM-04820,9a9ee022-80b3-4a88-903f-12f838111818,Hippocampus
23,0.8200000000000001,3.7,ZFM-04820,9a9ee022-80b3-4a88-903f-12f838111818,Hippocampus
24,0.8200000000000001,3.9000000000000004,ZFM-04820,9a9ee022-80b3-4a88-903f-12f838111818,Hippocampus
0,0.4,-0.9,ZFM-04820,cf08dda8-478f-4292-a06f-4c4dae9f8755,Frontal
1,0.36,-0.7000000000000001,ZFM-04820,cf08dda8-478f-4292-a06f-4c4dae9f8755,Frontal
2,0.38,-0.5,ZFM-04820,cf08dda8-478f-4292-a06f-4c4dae9f8755,Frontal
3,0.42000000000000004,-0.30000000000000004,ZFM-04820,cf08dda8-478f-4292-a06f-4c4dae9f8755,Frontal
4,0.45999999999999996,-0.1,ZFM-04820,cf08dda8-478f-4292-a06f-4c4dae9f8755,Frontal
5,0.54,0.1,ZFM-04820,cf08dda8-478f-4292-a06f-4c4dae9f8755,Frontal
6,0.6799999999999999,0.30000000000000004,ZFM-04820,cf08dda8-478f-4292-a06f-4c4dae9f8755,Frontal
7,0.8200000000000001,0.5,ZFM-04820,cf08dda8-478f-4292-a06f-4c4dae9f8755,Frontal
8,0.74,0.7000000000000001,ZFM-04820,cf08dda8-478f-4292-a06f-4c4dae9f8755,Frontal
9,0.7,0.9,ZFM-04820,cf08dda8-478f-4292-a06f-4c4dae9f8755,Frontal
10,0.78,1.1,ZFM-04820,cf08dda8-478f-4292-a06f-4c4dae9f8755,Frontal
11,0.8,1.3000000000000003,ZFM-04820,cf08dda8-478f-4292-a06f-4c4dae9f8755,Frontal
12,0.76,1.5,ZFM-04820,cf08dda8-478f-4292-a06f-4c4dae9f8755,Frontal
13,0.8,1.7000000000000002,ZFM-04820,cf08dda8-478f-4292-a06f-4c4dae9f8755,Frontal
14,0.78,1.9,ZFM-04820,cf08dda8-478f-4292-a06f-4c4dae9f8755,Frontal
15,0.7,2.1,ZFM-04820,cf08dda8-478f-4292-a06f-4c4dae9f8755,Frontal
16,0.6799999999999999,2.3000000000000003,ZFM-04820,cf08dda8-478f-4292-a06f-4c4dae9f8755,Frontal
17,0.62,2.5,ZFM-04820,cf08dda8-478f-4292-a06f-4c4dae9f8755,Frontal
18,0.64,2.7,ZFM-04820,cf08dda8-478f-4292-a06f-4c4dae9f8755,Frontal
19,0.48,2.9000000000000004,ZFM-04820,cf08dda8-478f-4292-a06f-4c4dae9f8755,Frontal
20,0.4,3.1,ZFM-04820,cf08dda8-478f-4292-a06f-4c4dae9f8755,Frontal
21,0.36,3.3000000000000003,ZFM-04820,cf08dda8-478f-4292-a06f-4c4dae9f8755,Frontal
22,0.21999999999999997,3.5,ZFM-04820,cf08dda8-478f-4292-a06f-4c4dae9f8755,Frontal
23,0.28,3.7,ZFM-04820,cf08dda8-478f-4292-a06f-4c4dae9f8755,Frontal
24,0.26,3.9000000000000004,ZFM-04820,cf08dda8-478f-4292-a06f-4c4dae9f8755,Frontal
0,0.62,-0.9,ZFM-05169,9c5e319e-09e8-4770-a806-46958bb464f1,Midbrain
1,0.64,-0.7000000000000001,ZFM-05169,9c5e319e-09e8-4770-a806-46958bb464f1,Midbrain
2,0.6599999999999999,-0.5,ZFM-05169,9c5e319e-09e8-4770-a806-46958bb464f1,Midbrain
3,0.6599999999999999,-0.30000000000000004,ZFM-05169,9c5e319e-09e8-4770-a806-46958bb464f1,Midbrain
4,0.64,-0.1,ZFM-05169,9c5e319e-09e8-4770-a806-46958bb464f1,Midbrain
5,0.64,0.1,ZFM-05169,9c5e319e-09e8-4770-a806-46958bb464f1,Midbrain
6,0.6599999999999999,0.30000000000000004,ZFM-05169,9c5e319e-09e8-4770-a806-46958bb464f1,Midbrain
7,0.6599999999999999,0.5,ZFM-05169,9c5e319e-09e8-4770-a806-46958bb464f1,Midbrain
8,0.64,0.7000000000000001,ZFM-05169,9c5e319e-09e8-4770-a806-46958bb464f1,Midbrain
9,0.64,0.9,ZFM-05169,9c5e319e-09e8-4770-a806-46958bb464f1,Midbrain
10,0.64,1.1,ZFM-05169,9c5e319e-09e8-4770-a806-46958bb464f1,Midbrain
11,0.64,1.3000000000000003,ZFM-05169,9c5e319e-09e8-4770-a806-46958bb464f1,Midbrain
12,0.6599999999999999,1.5,ZFM-05169,9c5e319e-09e8-4770-a806-46958bb464f1,Midbrain
13,0.6599999999999999,1.7000000000000002,ZFM-05169,9c5e319e-09e8-4770-a806-46958bb464f1,Midbrain
14,0.64,1.9,ZFM-05169,9c5e319e-09e8-4770-a806-46958bb464f1,Midbrain
15,0.64,2.1,ZFM-05169,9c5e319e-09e8-4770-a806-46958bb464f1,Midbrain
16,0.6,2.3000000000000003,ZFM-05169,9c5e319e-09e8-4770-a806-46958bb464f1,Midbrain
17,0.6,2.5,ZFM-05169,9c5e319e-09e8-4770-a806-46958bb464f1,Midbrain
18,0.62,2.7,ZFM-05169,9c5e319e-09e8-4770-a806-46958bb464f1,Midbrain
19,0.6,2.9000000000000004,ZFM-05169,9c5e319e-09e8-4770-a806-46958bb464f1,Midbrain
20,0.6,3.1,ZFM-05169,9c5e319e-09e8-4770-a806-46958bb464f1,Midbrain
21,0.6,3.3000000000000003,ZFM-05169,9c5e319e-09e8-4770-a806-46958bb464f1,Midbrain
22,0.62,3.5,ZFM-05169,9c5e319e-09e8-4770-a806-46958bb464f1,Midbrain
23,0.62,3.7,ZFM-05169,9c5e319e-09e8-4770-a806-46958bb464f1,Midbrain
24,0.62,3.9000000000000004,ZFM-05169,9c5e319e-09e8-4770-a806-46958bb464f1,Midbrain
0,0.43999999999999995,-0.9,ZFM-05169,ab6a0fbd-0c8b-42d5-9e15-8b872c8dd3b5,Midbrain
1,0.42000000000000004,-0.7000000000000001,ZFM-05169,ab6a0fbd-0c8b-42d5-9e15-8b872c8dd3b5,Midbrain
2,0.4,-0.5,ZFM-05169,ab6a0fbd-0c8b-42d5-9e15-8b872c8dd3b5,Midbrain
3,0.4,-0.30000000000000004,ZFM-05169,ab6a0fbd-0c8b-42d5-9e15-8b872c8dd3b5,Midbrain
4,0.43999999999999995,-0.1,ZFM-05169,ab6a0fbd-0c8b-42d5-9e15-8b872c8dd3b5,Midbrain
5,0.42000000000000004,0.1,ZFM-05169,ab6a0fbd-0c8b-42d5-9e15-8b872c8dd3b5,Midbrain
6,0.42000000000000004,0.30000000000000004,ZFM-05169,ab6a0fbd-0c8b-42d5-9e15-8b872c8dd3b5,Midbrain
7,0.42000000000000004,0.5,ZFM-05169,ab6a0fbd-0c8b-42d5-9e15-8b872c8dd3b5,Midbrain
8,0.42000000000000004,0.7000000000000001,ZFM-05169,ab6a0fbd-0c8b-42d5-9e15-8b872c8dd3b5,Midbrain
9,0.43999999999999995,0.9,ZFM-05169,ab6a0fbd-0c8b-42d5-9e15-8b872c8dd3b5,Midbrain
10,0.45999999999999996,1.1,ZFM-05169,ab6a0fbd-0c8b-42d5-9e15-8b872c8dd3b5,Midbrain
11,0.42000000000000004,1.3000000000000003,ZFM-05169,ab6a0fbd-0c8b-42d5-9e15-8b872c8dd3b5,Midbrain
12,0.43999999999999995,1.5,ZFM-05169,ab6a0fbd-0c8b-42d5-9e15-8b872c8dd3b5,Midbrain
13,0.42000000000000004,1.7000000000000002,ZFM-05169,ab6a0fbd-0c8b-42d5-9e15-8b872c8dd3b5,Midbrain
14,0.42000000000000004,1.9,ZFM-05169,ab6a0fbd-0c8b-42d5-9e15-8b872c8dd3b5,Midbrain
15,0.43999999999999995,2.1,ZFM-05169,ab6a0fbd-0c8b-42d5-9e15-8b872c8dd3b5,Midbrain
16,0.42000000000000004,2.3000000000000003,ZFM-05169,ab6a0fbd-0c8b-42d5-9e15-8b872c8dd3b5,Midbrain
17,0.4,2.5,ZFM-05169,ab6a0fbd-0c8b-42d5-9e15-8b872c8dd3b5,Midbrain
18,0.43999999999999995,2.7,ZFM-05169,ab6a0fbd-0c8b-42d5-9e15-8b872c8dd3b5,Midbrain
19,0.43999999999999995,2.9000000000000004,ZFM-05169,ab6a0fbd-0c8b-42d5-9e15-8b872c8dd3b5,Midbrain
20,0.45999999999999996,3.1,ZFM-05169,ab6a0fbd-0c8b-42d5-9e15-8b872c8dd3b5,Midbrain
21,0.45999999999999996,3.3000000000000003,ZFM-05169,ab6a0fbd-0c8b-42d5-9e15-8b872c8dd3b5,Midbrain
22,0.43999999999999995,3.5,ZFM-05169,ab6a0fbd-0c8b-42d5-9e15-8b872c8dd3b5,Midbrain
23,0.43999999999999995,3.7,ZFM-05169,ab6a0fbd-0c8b-42d5-9e15-8b872c8dd3b5,Midbrain
24,0.42000000000000004,3.9000000000000004,ZFM-05169,ab6a0fbd-0c8b-42d5-9e15-8b872c8dd3b5,Midbrain
0,0.34782608695652173,-0.9,ZFM-05169,ace3941b-b1e9-42eb-9a22-44986857adc0,Frontal
1,0.3913043478260869,-0.7000000000000001,ZFM-05169,ace3941b-b1e9-42eb-9a22-44986857adc0,Frontal
2,0.4347826086956522,-0.5,ZFM-05169,ace3941b-b1e9-42eb-9a22-44986857adc0,Frontal
3,0.34782608695652173,-0.30000000000000004,ZFM-05169,ace3941b-b1e9-42eb-9a22-44986857adc0,Frontal
4,0.34782608695652173,-0.1,ZFM-05169,ace3941b-b1e9-42eb-9a22-44986857adc0,Frontal
5,0.32608695652173914,0.1,ZFM-05169,ace3941b-b1e9-42eb-9a22-44986857adc0,Frontal
6,0.5,0.30000000000000004,ZFM-05169,ace3941b-b1e9-42eb-9a22-44986857adc0,Frontal
7,0.6304347826086957,0.5,ZFM-05169,ace3941b-b1e9-42eb-9a22-44986857adc0,Frontal
8,0.7173913043478262,0.7000000000000001,ZFM-05169,ace3941b-b1e9-42eb-9a22-44986857adc0,Frontal
9,0.782608695652174,0.9,ZFM-05169,ace3941b-b1e9-42eb-9a22-44986857adc0,Frontal
10,0.8043478260869565,1.1,ZFM-05169,ace3941b-b1e9-42eb-9a22-44986857adc0,Frontal
11,0.8043478260869565,1.3000000000000003,ZFM-05169,ace3941b-b1e9-42eb-9a22-44986857adc0,Frontal
12,0.7173913043478262,1.5,ZFM-05169,ace3941b-b1e9-42eb-9a22-44986857adc0,Frontal
13,0.6739130434782609,1.7000000000000002,ZFM-05169,ace3941b-b1e9-42eb-9a22-44986857adc0,Frontal
14,0.4565217391304348,1.9,ZFM-05169,ace3941b-b1e9-42eb-9a22-44986857adc0,Frontal
15,0.34782608695652173,2.1,ZFM-05169,ace3941b-b1e9-42eb-9a22-44986857adc0,Frontal
16,0.23913043478260865,2.3000000000000003,ZFM-05169,ace3941b-b1e9-42eb-9a22-44986857adc0,Frontal
17,0.28260869565217395,2.5,ZFM-05169,ace3941b-b1e9-42eb-9a22-44986857adc0,Frontal
18,0.30434782608695654,2.7,ZFM-05169,ace3941b-b1e9-42eb-9a22-44986857adc0,Frontal
19,0.21739130434782605,2.9000000000000004,ZFM-05169,ace3941b-b1e9-42eb-9a22-44986857adc0,Frontal
20,0.28260869565217395,3.1,ZFM-05169,ace3941b-b1e9-42eb-9a22-44986857adc0,Frontal
21,0.32608695652173914,3.3000000000000003,ZFM-05169,ace3941b-b1e9-42eb-9a22-44986857adc0,Frontal
22,0.26086956521739135,3.5,ZFM-05169,ace3941b-b1e9-42eb-9a22-44986857adc0,Frontal
23,0.23913043478260865,3.7,ZFM-05169,ace3941b-b1e9-42eb-9a22-44986857adc0,Frontal
24,0.34782608695652173,3.9000000000000004,ZFM-05169,ace3941b-b1e9-42eb-9a22-44986857adc0,Frontal
