,opto_stim,wheel_velocity,nose,paw_l,paw_r,tongue_end_l,tongue_end_r,motion_energy_body,motion_energy_left,motion_energy_right,pupil_diameter,score,acronym
10,0.012952885364076905,0.023887980871398318,0.025733815088880063,0.027051672621293266,0.02790374526175865,0.02830886994154469,0.028714614302514208,0.028925013006198097,0.028925013006198985,0.02892501300620065,0.028925013006199762,0.028925013006199762,OLF
13,0.020219670583386695,0.030657825115324555,0.0387497526254289,0.04377372700488247,0.04716426021024267,0.04995924973241972,0.05158751758840174,0.05159393849392335,0.051593938493924685,0.05159393849392757,0.051593938493922464,0.051593938493922464,OLF
14,0.08377864350428899,0.09094186368348223,0.09747114679730817,0.10145119410496317,0.10313420627978676,0.10480639440611628,0.1056978540054535,0.10583792002066483,0.10583792002066517,0.10583792002066594,0.10583792002066728,0.10583792002066728,OLF
18,0.10081498563523039,0.12608411362743943,0.1450382648247469,0.15537863845625144,0.16118417205045066,0.16579507443657016,0.169700917165571,0.16987314419861554,0.16987314419860922,0.1698731441986151,0.16987314419860822,0.16987314419860822,OLF
24,0.026147114855160636,0.03187404716261488,0.03686588770621424,0.04068037256772705,0.045434324308673446,0.04732384734811268,0.049088759819247985,0.05013860734676501,0.050138607346762565,0.05013860734676401,0.050138607346762565,0.050138607346762565,OLF
45,0.02136778222164082,0.04325819573422385,0.047846308008972604,0.04949113328943844,0.050993007043206195,0.05242769273040926,0.05339555526104145,0.05404129628561427,0.05404129628561216,0.054041296285611384,0.05404129628561327,0.05404129628561327,ORBm2/3
55,0.005129372789324127,0.009907798752212815,0.012714068147021695,0.016192046102815993,0.01735807806352152,0.01850613337369178,0.018885214290434327,0.01912092877081306,0.019120928770816614,0.019120928770815837,0.019120928770814838,0.019120928770814838,ORBm2/3
56,0.004857430843636101,0.00951338315317718,0.01232316129801958,0.015647545136009855,0.01692248526487594,0.018075183381840554,0.018449395961503967,0.018676608763530944,0.01867660876352939,0.018676608763530056,0.018676608763528946,0.018676608763528946,ORBm2/3
59,0.008325821309506098,0.014292238157552761,0.02002890919857514,0.024893619041447934,0.029785181332531274,0.0329445142353727,0.035397096190392996,0.035586287235207625,0.03558628723520574,0.035586287235208625,0.035586287235207736,0.035586287235207736,ORBm2/3
60,0.004299144976015357,0.007547914674472911,0.008263531571914284,0.008603054118582976,0.008912080195750405,0.009179384028556115,0.009278741434180171,0.009364011115501447,0.009364011115502224,0.009364011115501447,0.00936401111550167,0.00936401111550167,ORBm2/3
70,0.050637063290085216,0.06096702045902469,0.06517963440600971,0.06812829572999779,0.07436802190814307,0.07720009466247513,0.07913290508117121,0.07927512384849711,0.079275123848491,0.07927512384849167,0.079275123848496,0.079275123848496,ORBm2/3
72,0.00315582872130471,0.0055159262324872005,0.007475178469505739,0.008617628409587907,0.009608885048785432,0.010435399354677743,0.010685978870572321,0.01091389772856044,0.010913897728559885,0.01091389772856044,0.010913897728559774,0.010913897728559774,ORBm2/3
76,0.017079656403844012,0.028586340809805155,0.049777618480959185,0.05966833922806658,0.06672195998977593,0.07010878635389217,0.07231971592114772,0.07407002820489317,0.07407002820489217,0.07407002820489461,0.07407002820489383,0.07407002820489383,ORBm2/3
77,0.0035106112565075343,0.007333811341631358,0.01008884355288664,0.012483744200639246,0.01400112093599759,0.014970904164781196,0.015326852666509572,0.01539669004768296,0.015396690047683848,0.01539669004768196,0.015396690047682182,0.015396690047682182,ORBm2/3
80,0.004837201862819884,0.00896212869563695,0.011982435838634675,0.014246848009125013,0.016382105319135087,0.01770143002737179,0.01858271999043759,0.01920445745989896,0.019204457459899626,0.019204457459899738,0.019204457459899515,0.019204457459899515,ORBm2/3
82,0.004581956391650377,0.007911609706479084,0.011671526990328807,0.013253066083299903,0.014268528511104606,0.014748226769191852,0.014989455584749622,0.015177158270407554,0.015177158270409219,0.015177158270409885,0.015177158270407887,0.015177158270407887,ORBm2/3
95,0.010402987760448124,0.017265435273791097,0.020413761538203845,0.023271819713343467,0.025338288019629784,0.026696831454698366,0.027628031410475873,0.027655240076630894,0.02765524007663156,0.02765524007662845,0.027655240076631893,0.027655240076631893,ORBm5
96,0.02719716374775949,0.046571637912716235,0.04929822992562549,0.05082312010069889,0.052157503374313574,0.05358808763075307,0.054602904336810365,0.055381880684181595,0.05538188068418193,0.055381880684180596,0.05538188068418137,0.05538188068418137,ORBm2/3
97,0.006675481392408034,0.011582700183711991,0.0167749049260143,0.021121822661725798,0.0246946731269565,0.027855165462608467,0.030124746621842613,0.030362360031442326,0.03036236003144399,0.030362360031444657,0.030362360031446656,0.030362360031446656,ORBm2/3
98,0.009289561456073181,0.013955390158370773,0.017954968596411214,0.021152977072692702,0.023160906028242056,0.025163674080016185,0.026743595183041813,0.02680614068616982,0.02680614068616638,0.026806140686172486,0.0268061406861696,0.0268061406861696,ORBm2/3
99,0.003853444599889566,0.012226296719970664,0.015283120714115861,0.017597658422842444,0.020674023199901748,0.023115277238931697,0.02434386237957964,0.024619944728429766,0.0246199447284281,0.024619944728430876,0.02461994472842799,0.02461994472842799,ORBm5
100,0.00662549292201664,0.01599550431729868,0.02230463397733773,0.0274200460299856,0.030959262391915487,0.0336179486949969,0.03465001067216211,0.03472736106716945,0.034727361067168006,0.034727361067168006,0.034727361067168894,0.034727361067168894,ORBm5
103,0.015004295283973623,0.03349327181490336,0.03714526334801249,0.039123376776663776,0.03963800198305434,0.039996494167181984,0.040080778472744494,0.040153342904109324,0.04015334290410055,0.04015334290410855,0.04015334290410488,0.04015334290410488,ORBm5
105,0.016645740928441954,0.027081063066973554,0.03335408607402879,0.038898355032427556,0.04351120300691058,0.04610453682914162,0.04758855101735748,0.04806843270487615,0.048068432704877484,0.048068432704878705,0.048068432704880704,0.048068432704880704,ORBm5
107,0.01105758481481467,0.013777385468209835,0.016365347328053614,0.017954470801910816,0.018136952309022125,0.018198465331117908,0.018256043339906713,0.018262676579195447,0.018262676579194448,0.018262676579197112,0.018262676579192894,0.018262676579192894,ORBm5
109,0.005278161335621645,0.00853967364308128,0.012772452246573862,0.0166734096169584,0.018928472625790782,0.020768229919683523,0.021701525381221165,0.022149882874700322,0.02214988287469699,0.022149882874698656,0.022149882874699656,0.022149882874699656,ORBm5
110,0.0037489126475855894,0.006304064910935048,0.008305892158760209,0.010192865775428328,0.01056558701810617,0.010771423893440102,0.010852576671117276,0.010899457086445241,0.010899457086444242,0.010899457086451125,0.010899457086455122,0.010899457086455122,ORBm5
112,0.016325335211192837,0.023391241667588214,0.027444730540951645,0.030722552714214646,0.03320308950952566,0.034994527363124805,0.0361306975618243,0.036191114388860135,0.03619111438885536,0.03619111438885736,0.03619111438886724,0.03619111438886724,ORBm5
114,0.013580609035799385,0.018465499249077588,0.023599584911179194,0.029590980114853616,0.032548971667292426,0.03404331481934331,0.03515294721592832,0.03540704497835456,0.03540704497835545,0.03540704497835567,0.03540704497835934,0.03540704497835934,ORBm5
115,0.006740539110421273,0.011119443487565106,0.015298535318535644,0.019055979828697556,0.021201033730416596,0.023134527673825844,0.024937834734713782,0.026735567758548018,0.02673556775854613,0.02673556775854813,0.02673556775854613,0.02673556775854613,ORBm5
116,0.004681934602570936,0.009162132168417658,0.011035845860663862,0.012623795442425312,0.013136661377115444,0.013342653689066397,0.013418007642267415,0.01346619280883632,0.013466192808835764,0.01346619280883743,0.013466192808839095,0.013466192808839095,ORBm5
117,0.009570459857460634,0.015192114507980747,0.020938517662651535,0.025398528222894234,0.02671756919343371,0.027476322540912035,0.02826095057112521,0.028277989432234807,0.02827798943223392,0.028277989432235473,0.028277989432234807,0.028277989432234807,ORBm5
118,0.013033802207471745,0.023266537857083658,0.027445793315300504,0.029107425071845605,0.02964230556499936,0.029939280467587648,0.03019954425041571,0.030244507163606715,0.030244507163601386,0.030244507163601386,0.03024450716360294,0.03024450716360294,ORBm5
119,0.007130730583195022,0.00991193046329164,0.01304238405561986,0.015700931931247553,0.017999906237574526,0.018864555073996203,0.019529124337122616,0.019869534721661197,0.019869534721660642,0.01986953472166164,0.019869534721660864,0.019869534721660864,ORBm5
121,0.01289830407700876,0.02122402406533863,0.02646497268407544,0.03100273331771819,0.03381273776191751,0.03520874117661099,0.0363615793167148,0.03684756887587859,0.03684756887588381,0.036847568875884584,0.03684756887588969,0.03684756887588969,ORBm5
123,0.00797091223241675,0.014939878384204075,0.02022997520255465,0.024551159032366376,0.026331626092790494,0.028153514936490875,0.02973828358128816,0.03108068071702741,0.031080680717020415,0.031080680717028963,0.03108068071702308,0.03108068071702308,ORBm5
124,0.009549545975493179,0.015196724085741242,0.020940202413982978,0.026635412304154116,0.02879438058548045,0.030564718283766057,0.03150346429979445,0.03184552416201758,0.03184552416201103,0.03184552416201725,0.03184552416201725,0.03184552416201725,ORBm5
126,0.05426553606096651,0.06534734208375281,0.07760911658871739,0.08127666781941212,0.08529723974557313,0.08788596819843897,0.08986733759971688,0.09033218046734504,0.09033218046734637,0.09033218046734304,0.09033218046734237,0.09033218046734237,ORBm5
127,0.009086118394988296,0.018538529249718105,0.02367613899069987,0.028797611587521255,0.030954276757618415,0.031716170864394044,0.032384487837335385,0.0324970451583283,0.03249704515832974,0.03249704515833285,0.03249704515833329,0.03249704515833329,ORBm5
128,0.004100250727128052,0.006659581778965751,0.009223590065686738,0.01048253359818374,0.011501366493470666,0.01195905784946416,0.0121175091206005,0.012228475337419331,0.012228475337421107,0.012228475337419442,0.012228475337421219,0.012228475337421219,ORBm5
132,0.00873630242824841,0.01800478837088959,0.025986062545101496,0.029344064642005896,0.038573479877827666,0.03981310574550767,0.04092905232751132,0.040951248534582985,0.04095124853458365,0.04095124853458265,0.04095124853458243,0.04095124853458243,ORBm5
134,0.011160720071526353,0.020474223374543743,0.029538742035296495,0.03495444171857465,0.039105824674606215,0.04296378049460947,0.043209607674704165,0.043382154628330616,0.04338215462832984,0.04338215462833206,0.04338215462832817,0.04338215462832817,ORBm5
135,0.006018760435860582,0.010115161941391726,0.014394422005486907,0.01756179041857775,0.02053146022035235,0.02340350555195736,0.024879985891480327,0.02501838505340226,0.025018385053398373,0.025018385053401038,0.025018385053403702,0.025018385053403702,ORBm5
136,0.025957162327666428,0.030224206455395697,0.033613838684793174,0.03690514279965529,0.039614664892176576,0.04175403888953333,0.04383759909214091,0.04385614443330044,0.04385614443329666,0.04385614443329999,0.04385614443329722,0.04385614443329722,ORBm5
137,0.031432149017320166,0.0456362587989968,0.051178544743248455,0.05562266246763414,0.05904676489096372,0.06178666000419797,0.06380036836913983,0.0639938559961667,0.06399385599616725,0.06399385599616847,0.06399385599616558,0.06399385599616558,ORBm5
140,0.02203417420741549,0.027219044137512194,0.03207859395247703,0.03638705903486339,0.04119356221547854,0.04532551093381243,0.04758007861146585,0.047629930632363204,0.047629930632357875,0.04762993063236054,0.04762993063236454,0.04762993063236454,ORBm5
143,0.009243862682675852,0.01909839924037393,0.025991007415988476,0.02993670551732508,0.03280090041038086,0.03428953313956451,0.03522692778055703,0.0359147421696262,0.035914742169629754,0.03591474216962831,0.035914742169623315,0.035914742169623315,ORBm5
144,0.046427243369628335,0.052968786234497856,0.057454447349166715,0.0617822442717193,0.06432970976472352,0.06818696607840335,0.07019525720037423,0.0721318933390237,0.07213189333902381,0.07213189333902226,0.07213189333902426,0.07213189333902426,ORBm5
146,0.00803260044691989,0.01384598731499842,0.0166385442488729,0.01946932549154856,0.02183992087877784,0.023137560950867497,0.02417534446238956,0.02417696140679859,0.024176961406798925,0.02417696140679948,0.024176961406797592,0.024176961406797592,ORBm5
149,0.002593021801254758,0.0046451448222810665,0.006928622674328477,0.007213001002735142,0.007298785424834975,0.0073718975725126645,0.007389755727596703,0.0073993616980330135,0.007399361698032791,0.0073993616980329024,0.007399361698034124,0.007399361698034124,ORBm5
150,0.011625362060284083,0.01939074435822674,0.02391666027638406,0.026630141933050355,0.030592532603320288,0.03313033205588389,0.0356058851304234,0.036109761211828184,0.03610976121182574,0.036109761211827074,0.03610976121182419,0.03610976121182419,ORBm5
154,0.004657150251820119,0.010573655683429495,0.01287304869750272,0.014770857934941484,0.016566386829768964,0.018181610531280867,0.019870518776530788,0.020021152320543023,0.020021152320542135,0.02002115232054369,0.020021152320543356,0.020021152320543356,ORBm5
155,0.0033290789455787673,0.006504853055376847,0.012350762055764242,0.014171801541250528,0.01642720902713235,0.018104516317467456,0.019548132853398847,0.019903042186763198,0.019903042186762976,0.019903042186761866,0.01990304218676453,0.01990304218676453,ORBm5
156,0.01249711846314372,0.02062257157399483,0.02255561575660503,0.024260439694003266,0.024457300356993672,0.02525030584287713,0.025306189560617254,0.025323481485458155,0.025323481485456267,0.02532348148545438,0.025323481485456267,0.025323481485456267,ORBm5
158,0.008584070834500634,0.01579263127802022,0.02085826873189034,0.023277194548334657,0.02537788383033479,0.02632524674973058,0.028285007571495324,0.028376402888666163,0.02837640288867238,0.02837640288867027,0.028376402888664165,0.028376402888664165,ORBm5
164,0.00591081937779947,0.01249817620296556,0.017179157391534416,0.021205266467044903,0.02391771255747477,0.025495085096335024,0.026321018667179286,0.026739189687949638,0.02673918968794564,0.02673918968794131,0.026739189687944864,0.026739189687944864,ORBm5
165,0.006462973858365584,0.011651876279449191,0.015492372047094083,0.017653336389870877,0.017912203242554825,0.018047811333980368,0.01814418557390507,0.01814635266546083,0.018146352665459275,0.018146352665460164,0.018146352665460497,0.018146352665460497,ORBm5
168,0.009771773256742722,0.01615996882205406,0.02167688830180514,0.024828565995110963,0.02750284600323971,0.029845786060348267,0.03262072757397205,0.032622130799506155,0.03262213079950693,0.032622130799503934,0.03262213079950593,0.03262213079950593,ORBm5
171,0.02132422873392581,0.04173330538913356,0.04723035400047204,0.04932234321843765,0.049923015263255044,0.05027945000086598,0.050514709286468173,0.05069667415156176,0.050696674151561205,0.05069667415155088,0.05069667415155599,0.05069667415155599,ORBm5
172,0.006686416253396832,0.015110594225078433,0.021221440938190894,0.025093299691563486,0.02866770851916156,0.029698310652482407,0.030552144153352057,0.030945603243594744,0.030945603243593856,0.030945603243596853,0.030945603243593744,0.030945603243593744,ORBm5
173,0.020218027622301626,0.03284065447457829,0.04129583528243008,0.04527181943920833,0.04649088544807656,0.046968250129429956,0.04727847797819862,0.04740247703432443,0.04740247703432188,0.04740247703432099,0.04740247703432465,0.04740247703432465,ORBm5
174,0.11522367309554016,0.14238327830659148,0.15248706185517025,0.15696248014599212,0.16177251756700828,0.1658582117856482,0.16741676707760522,0.17044456568233868,0.17044456568233446,0.1704445656823529,0.17044456568234323,0.17044456568234323,ORBm5
176,0.010261311000939743,0.016435092499720305,0.020866636632150826,0.02505226362855517,0.0283097051069644,0.03065155590155466,0.03286584809575388,0.032868181848803024,0.03286818184881046,0.032868181848806466,0.032868181848803024,0.032868181848803024,ORBm5
177,0.0034582252382322487,0.005245010910851611,0.0064194067313231296,0.007530534926176946,0.00873180591347944,0.00952982948016956,0.009858365505474587,0.00999446450036634,0.009994464500364453,0.009994464500363898,0.009994464500364453,0.009994464500364453,ORBm5
179,0.026734264973459543,0.03957533047395123,0.047549205104236214,0.053691807902042865,0.059929693259436756,0.06236047750145701,0.06573217924640973,0.06628624724567533,0.06628624724567744,0.06628624724567844,0.06628624724567755,0.06628624724567755,ORBm5
182,0.013748221617651879,0.024432773820525333,0.03223208556768209,0.03843650908366203,0.04140541362464156,0.04366738522487523,0.04575179137619512,0.04669308429368724,0.04669308429368979,0.0466930842936899,0.04669308429368835,0.04669308429368835,ORBm5
184,0.006366889488238381,0.010661521456937217,0.013879082862223502,0.01713001842443207,0.02093856296185348,0.023764151609914075,0.0249313001764635,0.025717832859168288,0.025717832859164957,0.025717832859166845,0.02571783285917162,0.02571783285917162,ORBm5
185,0.005284907339911382,0.00931343843466137,0.012343064298995676,0.01562099539362738,0.018209463053058927,0.02031688795343234,0.02242083138842299,0.022882190926256984,0.022882190926256762,0.022882190926259094,0.022882190926256207,0.022882190926256207,ORBm5
187,0.0697668606123436,0.08078008017985283,0.09512643752472727,0.09923512361309694,0.10362789371881409,0.10696414888775974,0.11084387001041396,0.1109166577042775,0.11091665770427839,0.11091665770427594,0.1109166577042785,0.1109166577042785,ORBm5
190,0.006865702184405742,0.01595606877412481,0.01906237247916398,0.020553549609827693,0.021637371732320054,0.022699197120810477,0.024000350139496973,0.024341547279852604,0.02434154727985305,0.024341547279850495,0.024341547279856712,0.024341547279856712,ORBm5
195,0.0036567069688725473,0.006298858091471571,0.008987811378016408,0.011584427235166173,0.01424044351610776,0.0161345798609579,0.016640922949095693,0.017000177083764667,0.017000177083760892,0.017000177083762225,0.017000177083760892,0.017000177083760892,ORBm5
196,0.01010230722320149,0.01817661275675775,0.02518370475392806,0.03044708521282924,0.03330284181206822,0.0362820371442677,0.038787280999521334,0.04026188646300777,0.04026188646300699,0.04026188646300688,0.04026188646300777,0.04026188646300777,ORBm5
197,0.0031980128270887587,0.00696524769151019,0.010209101570974544,0.0132340959365419,0.015434241955761485,0.016615259556715056,0.017574964584153085,0.017584476013292716,0.017584476013297157,0.017584476013294603,0.017584476013293604,0.017584476013293604,ORBm5
200,0.008540730530499974,0.014488702165732947,0.018842469668106876,0.02125974482378734,0.023481762126717376,0.025328974659647008,0.028399095156973142,0.029144076013304265,0.02914407601330471,0.029144076013305154,0.029144076013304487,0.029144076013304487,ORBm5
202,0.009312029567812963,0.011765398616779721,0.013892504050671772,0.014647902663433854,0.015060235275720535,0.015261313309528846,0.015332890179674874,0.015374836406117587,0.01537483640611681,0.015374836406110481,0.015374836406117698,0.015374836406117698,ORBm5
204,0.028906688600749186,0.04059468050940518,0.0505131657683251,0.06064013644160615,0.06763125223939392,0.0724730960837372,0.07716474195395728,0.07720409296149056,0.07720409296148678,0.07720409296148834,0.07720409296148767,0.07720409296148767,ORBm5
206,0.006382007193744821,0.009797067652593583,0.011334239126301715,0.012655080732095758,0.013997399445494607,0.015421905181329909,0.01638604160441215,0.01685835207389763,0.01685835207389763,0.016858352073901406,0.016858352073896632,0.016858352073896632,ORBm5
208,0.012755742638315914,0.01974377715152953,0.026617299523968074,0.03456813411157622,0.04591144143611381,0.04998068323719573,0.05417320920966051,0.054406330812985404,0.054406330812983184,0.05440633081298163,0.05440633081298796,0.05440633081298796,ORBm5
209,0.03111403422488035,0.039848820540092644,0.04590708454635373,0.04810573151219133,0.049855546353100744,0.05147440407662507,0.0531066101366261,0.05336312456319525,0.053363124563192366,0.053363124563194586,0.05336312456319492,0.05336312456319492,ORBm5
210,0.011412258881538517,0.022454224590743754,0.02662394926632694,0.03144812513505446,0.03549178203014247,0.0388142119227346,0.04179870379136097,0.04199435298750931,0.04199435298751697,0.04199435298751231,0.04199435298751519,0.04199435298751519,ORBm5
213,0.013817907882394898,0.01824547239569374,0.020981285664149363,0.022934092835781628,0.02479311900792336,0.02627817312571279,0.02775193496856576,0.027841943782102474,0.0278419437820957,0.02784194378210192,0.027841943782099587,0.027841943782099587,ORBm5
216,0.009116831859981467,0.013076976823955255,0.019690659823392798,0.02594033750765745,0.029635125129900408,0.03166835631482401,0.03212883967483937,0.03252649229187865,0.03252649229187998,0.03252649229188154,0.03252649229188065,0.03252649229188065,ORBm5
217,0.004069377468058022,0.008487096780098735,0.013580585433102144,0.015859374514998303,0.01793740025943691,0.019491023348621406,0.021478138409157355,0.021989797114951748,0.021989797114952303,0.02198979711495075,0.021989797114951082,0.021989797114951082,ORBm5
218,0.04628978078961088,0.06380258720764687,0.07564746084573781,0.08001584387526595,0.08769803647551211,0.09140432391633391,0.09418668906001304,0.09430641517089189,0.09430641517089633,0.09430641517089411,0.09430641517089489,0.09430641517089489,ORBm5
222,0.0027686734459061446,0.006820570254279179,0.009810288329191619,0.012564851930336407,0.01487846185588293,0.016091606642021583,0.01708630217508944,0.017473620114319965,0.017473620114319077,0.017473620114321964,0.017473620114318744,0.017473620114318744,ORBm5
228,0.005128799384972571,0.00919825312513467,0.012379913926515385,0.01522058024361439,0.01819236257273471,0.02129388672263599,0.022908030162131277,0.0240512149689045,0.024051214968907053,0.0240512149689035,0.024051214968903945,0.024051214968903945,ORBm5
229,0.02512973917350525,0.033858496747502964,0.041695533054529,0.04886299674041994,0.05362983692102363,0.05721558537050331,0.06012333545761894,0.06193586186699629,0.061935861866995956,0.061935861866997954,0.06193586186699718,0.06193586186699718,ORBm5
232,0.0201683461409764,0.03291043675675165,0.04172997441976545,0.04690513749064851,0.05132591759769112,0.05638962788028146,0.06024160183467886,0.06037379186206071,0.06037379186206904,0.06037379186207226,0.06037379186206726,0.06037379186206726,ORBm5
235,0.10387104876944608,0.11249688098136468,0.12110259619580799,0.1299019287767189,0.13728889026087476,0.1444602978989581,0.14871483836406296,0.14908182536129622,0.14908182536129733,0.14908182536129588,0.1490818253612911,0.1490818253612911,ORBm5
236,0.06690009776451755,0.0963290428213095,0.10342141886984546,0.10858943715814373,0.11333296733076714,0.11731311396964428,0.12084976675387615,0.12105734312314176,0.1210573431231412,0.12105734312314353,0.12105734312314453,0.12105734312314453,ORBm5
237,0.06580786589902665,0.07907289637956372,0.0888328628279409,0.0982523537315011,0.10186615425456447,0.10496490597020736,0.10620445260988509,0.10724715960102416,0.10724715960103226,0.10724715960101983,0.1072471596010276,0.1072471596010276,PL5
238,0.05211784244431461,0.05956545556107962,0.06863947848800966,0.07178180579262738,0.07264405655737893,0.07322284573738225,0.07419422618546578,0.07419561012406206,0.07419561012406128,0.0741956101240624,0.07419561012406117,0.07419561012406117,PL5
239,0.013310643380863074,0.024920007505312092,0.027852610655758392,0.031310824883196586,0.03275259137628983,0.033610042638460014,0.03419685324345989,0.03448118512380183,0.03448118512379883,0.03448118512380183,0.03448118512380016,0.03448118512380016,PL5
242,0.001954735040604616,0.003693482585315988,0.004059933089276879,0.004373894875408624,0.0046060182279714645,0.004715882282193773,0.004789848049462142,0.004819996133612836,0.004819996133612503,0.004819996133612392,0.004819996133612725,0.004819996133612725,PL5
243,0.008917173842362902,0.019908309632372,0.023533097554295335,0.02575887987394898,0.02820456802348592,0.031172459339159242,0.03223702085893343,0.0332255114017288,0.033225511401729135,0.03322551140172736,0.0332255114017298,0.0332255114017298,PL5
245,0.009109112828238564,0.013212120452937404,0.01757884082990291,0.021627522588522963,0.025787712844948407,0.027518727648688124,0.02864919301206348,0.028688575413681416,0.028688575413680417,0.028688575413680306,0.028688575413682638,0.028688575413682638,PL5
246,0.0039938527910964305,0.007582684744402712,0.014946316364293222,0.01805326569988508,0.02079349452077306,0.022617527412870597,0.02373076486169845,0.024338122049859634,0.024338122049860633,0.024338122049858857,0.02433812204986341,0.02433812204986341,PL5
247,0.05962039261543417,0.06796685396802082,0.07552393988283612,0.08203341238547768,0.08812465936440106,0.09130476251742847,0.09371554107729763,0.09445783055396184,0.09445783055396206,0.09445783055396062,0.0944578305539604,0.0944578305539604,PL5
250,0.00691899489560821,0.013298970883765415,0.02178148269333624,0.026214898965044142,0.029168269960708093,0.03200942927410144,0.03324867459122394,0.0336744928835262,0.033674492883528195,0.03367449288352764,0.033674492883530416,0.033674492883530416,PL5
251,0.007006353784387076,0.013079070776732316,0.01845503483855071,0.021973645242933548,0.026026249927808665,0.02959148823208002,0.03107289802701796,0.031105769698325347,0.031105769698322794,0.03110576969832346,0.03110576969832346,0.03110576969832346,PL5
253,0.009031168336781636,0.018670851288435375,0.02570811447266741,0.0327331633460648,0.0389284121752671,0.03972230261830012,0.04048317799398782,0.040519022958189765,0.04051902295819032,0.040519022958190876,0.040519022958189654,0.040519022958189654,PL5
254,0.030434339995787596,0.04906197033334381,0.05894536519608995,0.06725973342486935,0.07504680904162042,0.07958096780898094,0.08286922277402964,0.0845422385314265,0.08454223853142295,0.08454223853142384,0.08454223853141962,0.08454223853141962,PL5
256,0.007006353784387076,0.01307907077673165,0.01845503483855071,0.021973645242933548,0.026026249927808665,0.02959148823208002,0.03107289802701796,0.031105769698325347,0.031105769698322794,0.03110576969832346,0.03110576969832346,0.03110576969832346,PL5
260,0.03594271930024184,0.05054324490782103,0.05722105449227566,0.06344835464672183,0.07071603252154934,0.07164519437179628,0.07231725776782905,0.07236245166257493,0.0723624516625796,0.07236245166258348,0.07236245166257926,0.07236245166257926,PL5
263,0.02199154473548648,0.03495951555259125,0.040199004808455174,0.043101444115022036,0.0455872380205139,0.047783452830666984,0.04982253580722951,0.05170406749368839,0.051704067493684835,0.05170406749368839,0.05170406749368195,0.05170406749368195,PL5
265,0.09576936586804707,0.15940870748409552,0.1987784979109254,0.2024717480522964,0.21455251536979902,0.21902186163866244,0.2218224328617655,0.22372224494191628,0.22372224494192028,0.2237222449419214,0.2237222449419044,0.2237222449419044,PL5
267,0.016705419242135533,0.024917167344138957,0.0323649316574639,0.03843261850663349,0.04271103855234559,0.04449624583376499,0.04686552272972144,0.047269332963345345,0.04726933296334479,0.04726933296334401,0.04726933296334379,0.04726933296334379,PL5
269,0.009848918981703036,0.019440711304670177,0.0310597656912881,0.0377668186440242,0.04222050707167602,0.04488100405725781,0.04589395984990752,0.04598691428208779,0.04598691428208479,0.045986914282087454,0.04598691428208601,0.04598691428208601,PL5
277,0.06682675842240682,0.08281737720984783,0.09636905704810017,0.10117764616933134,0.10513599897970871,0.10772934913249999,0.10969485687246239,0.1101786086708213,0.1101786086708203,0.11017860867082163,0.11017860867082063,0.11017860867082063,PL5
281,0.002610083485037107,0.004012592496315359,0.005740848890793848,0.007024397896424173,0.00732876143517347,0.007375041137428595,0.007443659160551341,0.007493888662333803,0.007493888662334025,0.007493888662334025,0.007493888662334136,0.007493888662334136,PL5
283,0.027677628440236912,0.04115186570741969,0.05336701532050536,0.06290606870874937,0.06895906028052434,0.07038204274871829,0.07136537084954264,0.07169203461015505,0.07169203461015317,0.07169203461015106,0.07169203461015328,0.07169203461015328,PL5
285,0.029831129933148293,0.04469889084148815,0.048339111731326545,0.049642996586506505,0.05023314999602724,0.0504360629470767,0.05057623772108388,0.05068778836916166,0.05068778836916199,0.05068778836916732,0.050687788369162434,0.050687788369162434,PL5
286,0.0062607609613579696,0.010943249723961324,0.014357322532707273,0.01688577735092256,0.019261960939301326,0.021570858861248987,0.025444564560254124,0.025487183903922572,0.02548718390392324,0.02548718390392435,0.025487183903925015,0.025487183903925015,PL5
287,0.019467784618544037,0.028067650464505656,0.034079982666691766,0.039880496249668274,0.04485989487176034,0.06390288685411283,0.06785261472036896,0.06788517313538833,0.06788517313538767,0.06788517313539111,0.067885173135388,0.067885173135388,PL5
292,0.042142835351556385,0.05902446189651578,0.07011660448932877,0.07523815892614694,0.08109381954550021,0.08323029359052458,0.0850542378099075,0.08506893594890619,0.08506893594891496,0.08506893594890752,0.08506893594891152,0.08506893594891152,PL5
294,0.03760577292198697,0.04045707782415586,0.04236392567957492,0.0439063175675366,0.04438826960718656,0.04455633636870482,0.044655656218895334,0.04466863902124829,0.04466863902124807,0.04466863902124851,0.04466863902124796,0.04466863902124796,PL5
299,0.011850807331057478,0.020455044447265203,0.030242253292686705,0.03665347736964841,0.04056428650057786,0.042805718635982704,0.043686708536169516,0.04466647002129942,0.044666470021310634,0.04466647002131163,0.044666470021304305,0.044666470021304305,PL5
300,0.020861842602463265,0.030519263531165297,0.03322627650507037,0.037324383709786746,0.038954820102312104,0.040742398278418746,0.04176348708238298,0.04176959823442605,0.0417695982344245,0.04176959823442372,0.04176959823442006,0.04176959823442006,PL5
304,0.08698973703495849,0.1234723908817591,0.1424348013074218,0.15634030932046705,0.1604845710186945,0.16324227187982376,0.16616824498469362,0.16677523593119892,0.16677523593120047,0.16677523593120158,0.16677523593120325,0.16677523593120325,PL5
305,0.016469496903978698,0.022111128510704625,0.026663988376078862,0.03307240462776406,0.03515149265099771,0.03622083921216568,0.03717221110978508,0.037195365527809776,0.03719536552781233,0.03719536552781233,0.03719536552781211,0.03719536552781211,PL5
307,0.006249819102444598,0.011534528271970101,0.018912555073651638,0.0219317027102387,0.024901048030786188,0.026451373932546818,0.02753529560273238,0.028354291724057124,0.028354291724063674,0.028354291724061453,0.028354291724060787,0.028354291724060787,PL5
310,0.007218655846197186,0.011369025533554789,0.015779265706080237,0.019697061060570897,0.023252958991220374,0.02638175762413375,0.028699053784888906,0.028834542130509067,0.02883454213051062,0.028834542130507512,0.028834542130513285,0.028834542130513285,PL5
318,0.02499190067695467,0.03881742739532734,0.04188554253838217,0.043788618842063864,0.04550223294181521,0.046598833451539035,0.047616338709926875,0.04918749989807247,0.049187499898070475,0.049187499898068476,0.049187499898070475,0.049187499898070475,PL5
322,0.014553536611168205,0.02048683963055964,0.02613951061863906,0.029977826481820125,0.03197948094527692,0.03325419329353141,0.034064002032098584,0.035012483154752805,0.03501248315475347,0.035012483154752805,0.035012483154752805,0.035012483154752805,PL5
323,0.1592899828065707,0.19062340835861347,0.19801171043189703,0.2039437431791269,0.2093339954565585,0.21617316000748166,0.21989309281309322,0.22201038340213886,0.2220103834021382,0.22201038340214163,0.22201038340214407,0.22201038340214407,PL5
329,0.05917936347778929,0.07821010483548596,0.09129819376181636,0.09762708308068802,0.10206969026332036,0.10607623123891807,0.10772333248165455,0.10934573752083954,0.10934573752083843,0.10934573752083065,0.10934573752083332,0.10934573752083332,PL5
330,0.02637270080356202,0.04489349397936748,0.05071331524050615,0.056999785204386755,0.06299703350610708,0.0663661910733011,0.06877157041360615,0.06878240954544235,0.06878240954543768,0.06878240954544357,0.06878240954543946,0.06878240954543946,PL5
334,0.028471246034092346,0.040373887270341635,0.04754554286997559,0.05181813200281138,0.05604484527704723,0.058541782659321306,0.060210470247956116,0.060382952297532655,0.06038295229752966,0.06038295229753288,0.06038295229752966,0.06038295229752966,PL5
335,0.013289556544751613,0.020109615518420276,0.024180151678359185,0.028855386753763757,0.029623765664846258,0.030246278117662895,0.03063094604041572,0.030646798265847153,0.030646798265842712,0.030646798265845487,0.03064679826584671,0.03064679826584671,PL5
337,0.005708749560582871,0.009378499353575931,0.015009870728028951,0.02054069985207463,0.022504217053495368,0.02411397842880303,0.02551340282745329,0.02563304228309693,0.02563304228309371,0.025633042283096263,0.02563304228309704,0.02563304228309704,PL5
338,0.016569742602470017,0.03247083626552938,0.03819427618035742,0.04330225066304205,0.04498157371382172,0.04651079971909644,0.047586026387559266,0.04758652703684274,0.047586527036845294,0.04758652703684363,0.04758652703684396,0.04758652703684396,PL5
339,0.05866871900036563,0.0733550897989147,0.0830315116190602,0.08855077218355889,0.09374170649319902,0.09928384256487577,0.10477146518450264,0.10742992914208083,0.1074299291420775,0.10742992914208849,0.10742992914208538,0.10742992914208538,ACAd5
341,0.007086936813419542,0.014559532043775247,0.018120496534341668,0.020647711898682197,0.02327191005750262,0.025302397307378488,0.02635741113278789,0.026391169322503738,0.026391169322502628,0.02639116932250629,0.026391169322504182,0.026391169322504182,PL5
342,0.033886458078550064,0.046582133735829756,0.056563917955116505,0.06683484168186593,0.07210968750254254,0.07515302119656353,0.07721726975702525,0.07762429583315267,0.07762429583315245,0.07762429583315378,0.07762429583315211,0.07762429583315211,ACAd5
343,0.015760121943875327,0.02176451856972017,0.024433634457385445,0.02696761779182344,0.030142060853328823,0.03251688316331025,0.033687690739343856,0.03377759018627824,0.03377759018627735,0.033777590186277795,0.03377759018627402,0.03377759018627402,ACAd5
344,0.139189338410578,0.15778479168222515,0.17796523842783574,0.1871625154975015,0.19086405897049552,0.19286325643796254,0.19350064355434582,0.19364509538860852,0.19364509538860464,0.1936450953885982,0.19364509538861163,0.19364509538861163,ACAd5
348,0.01116854476407858,0.0213370355288367,0.026631204082949167,0.02987707928573269,0.03338132858353571,0.034346965045689126,0.03499607677615757,0.03558998069295605,0.035589980692959045,0.03558998069295949,0.03558998069295993,0.03558998069295993,ACAd5
351,0.01116854476407858,0.0213370355288367,0.026631204082949167,0.029877079285732466,0.03338132858353571,0.034346965045689126,0.03499607677615757,0.03558998069295605,0.035589980692959045,0.03558998069295949,0.03558998069295993,0.03558998069295993,ACAd5
355,0.02359375629943139,0.04331041326853313,0.04614648123170928,0.04817405507091599,0.04924673668696755,0.050181907121243374,0.0510728381040938,0.05147907719017153,0.05147907719016931,0.05147907719016587,0.05147907719017064,0.05147907719017064,MOs5
356,0.02014169120578324,0.035674419295099624,0.03950824715964074,0.041570299184471415,0.043397458133466515,0.04416701640587628,0.04508348264716955,0.045760228592702235,0.045760228592702235,0.045760228592703456,0.0457602285927079,0.0457602285927079,MOs5
357,0.04844551332810332,0.05762181042024561,0.07420411239668112,0.0796075461876471,0.08146719748640852,0.0825110355470351,0.08323850421403822,0.08360257297851303,0.08360257297852347,0.0836025729785097,0.08360257297851559,0.08360257297851559,MOs5
360,0.0044736365976616455,0.010035748807077804,0.013925963172371159,0.015220698300291158,0.016170320695005014,0.01684670978551306,0.017406609602923395,0.017553660960269224,0.017553660960269224,0.01755366096026978,0.01755366096026989,0.01755366096026989,MOs5
362,0.10424422812807155,0.11942726416378413,0.12824913910727587,0.13461879678565558,0.1397263490309758,0.14187685233040515,0.14405248406013016,0.1446021471203126,0.14460214712031683,0.14460214712031838,0.14460214712031694,0.14460214712031694,MOs5
363,0.009002893115089838,0.012763279553309803,0.016194403900193333,0.020089299273616246,0.021725453593716915,0.02322428140126276,0.02436888247516289,0.024496733325484632,0.024496733325484632,0.024496733325482745,0.024496733325484854,0.024496733325484854,MOs5
365,0.05323575987901996,0.08704122170731499,0.09760776836587726,0.10615737639875533,0.10860569659707286,0.11278065343467203,0.11525510679520412,0.11602516719061617,0.11602516719061162,0.11602516719061551,0.11602516719061495,0.11602516719061495,MOs5
367,0.012439684421815866,0.03444056168047682,0.04375050673216352,0.04921872783447545,0.05177349274236642,0.05365693504285529,0.054641903893447474,0.05539728290576462,0.05539728290575907,0.05539728290575929,0.05539728290575763,0.05539728290575763,MOs5
369,0.008890671499992786,0.023313078834986234,0.026553498880195203,0.028967807943526047,0.03123396016192803,0.03357219347802176,0.03438221797742935,0.03462369814158317,0.034623698141580506,0.03462369814157851,0.034623698141587056,0.034623698141587056,MOs5
370,0.017337669163773772,0.019952688901426097,0.022182514254256325,0.024162866669510286,0.025291071082593652,0.0261019860743954,0.02657927212661859,0.027047303198065253,0.0270473031980617,0.0270473031980627,0.027047303198057482,0.027047303198057482,MOs5
373,0.011627248315571381,0.02008040413270029,0.028607784289159666,0.03289953899295306,0.037998891882082164,0.04122576948619128,0.04378228767158887,0.04450201944686827,0.04450201944688692,0.04450201944687848,0.04450201944688004,0.04450201944688004,MOs5
374,0.030252231096120852,0.06468926533858099,0.07436981104652007,0.08277847180008235,0.08797419416961771,0.09136329710656743,0.09360922770592284,0.09422871358594365,0.09422871358593299,0.09422871358594087,0.09422871358593643,0.09422871358593643,MOs5
376,0.010307526671457623,0.015098966876917586,0.018509980102886736,0.022103944531647435,0.024817920428210405,0.027471230724260054,0.029474359050010723,0.029936727489235482,0.029936727489238257,0.029936727489238146,0.029936727489239923,0.029936727489239923,MOs5
380,0.020185798110743614,0.030111857245911255,0.04081463341734537,0.044609110810513886,0.04813004581206015,0.05011703468965101,0.05137100984869625,0.05158973072864459,0.05158973072864459,0.051589730728645034,0.05158973072864492,0.05158973072864492,MOs5
381,0.022281887720313143,0.03721107636324528,0.0394723857856194,0.04145564128662327,0.04349780107252055,0.04442091728990394,0.04468857556580119,0.04497783448885262,0.04497783448885484,0.044977834488844404,0.0449778344888393,0.0449778344888393,MOs5
383,0.007442187331560768,0.014893000369184395,0.02373145633640905,0.028042341348376243,0.03117266957461584,0.03360273904546751,0.03499514689998917,0.03534422385977365,0.035344223859780866,0.03534422385978053,0.03534422385977576,0.03534422385977576,MOs5
384,0.012180299682889473,0.021866666071985952,0.030211055545041,0.03619856468218752,0.03945110678596453,0.04249956628594154,0.044970009496086205,0.045125958335337946,0.04512595833534028,0.045125958335339944,0.0451259583353415,0.0451259583353415,MOs5
385,0.03753001492591801,0.05563524898871364,0.06582724145724295,0.0760134176190328,0.08350380488695242,0.08909692441854888,0.09277594762984687,0.09378260434784047,0.09378260434783603,0.09378260434783114,0.09378260434782804,0.09378260434782804,MOs5
387,0.03428782355138904,0.048649465073797415,0.051231807282141495,0.05291138514355542,0.05415931776656202,0.05499866583454327,0.05565824950614606,0.05603677796056161,0.05603677796056383,0.05603677796056261,0.05603677796056339,0.05603677796056339,MOs5
390,0.012415612369676032,0.01975284557934176,0.028919541766246892,0.0352890918879194,0.03882431929640939,0.04117448700195414,0.04286796422537986,0.04303537028454263,0.043035370284541075,0.043035370284542296,0.04303537028454252,0.04303537028454252,MOs5
395,0.12359382556867005,0.15007318848293705,0.17026067891196417,0.18490186980161538,0.1896402351362363,0.1928619012961854,0.19547345840425723,0.1956140888443595,0.19561408884435405,0.19561408884435594,0.19561408884435882,0.19561408884435882,MOs5
396,0.0063087732689914855,0.01197637911996996,0.020290785405117306,0.0231003454459755,0.025534637674117677,0.027604720153536544,0.028687786414945404,0.029016258793738037,0.02901625879373715,0.02901625879373837,0.029016258793737704,0.029016258793737704,MOs5
397,0.017991180508971194,0.024977787603356894,0.02705015215522555,0.028712952283494464,0.030310427198209977,0.030763089982429825,0.0308930746680669,0.030964320028430303,0.03096432002843008,0.030964320028430636,0.030964320028430414,0.030964320028430414,MOs5
398,0.00764842966193624,0.015992503401358826,0.02272285794182105,0.027240302372485314,0.03049073046192219,0.031177449302590254,0.031338169204039645,0.0314649209227742,0.03146492092277309,0.03146492092278752,0.03146492092277775,0.03146492092277775,MOs5
400,0.14242375780686312,0.157291376684366,0.1678181303621452,0.17402795803715032,0.17866345180504817,0.1829054481335438,0.18531786288506535,0.18570520424875103,0.18570520424875292,0.18570520424875292,0.18570520424875292,0.18570520424875292,MOs5
401,0.0184096031661255,0.03353040514883732,0.03985504765639103,0.045559689244359824,0.05596478756426848,0.058209178885405444,0.06057414970928998,0.0608251646263569,0.060825164626363226,0.060825164626362116,0.060825164626357786,0.060825164626357786,MOs5
402,0.0023041014809263016,0.00461661212481157,0.006266270503451077,0.0076077145297384074,0.008591360197926723,0.008944434492696662,0.009093006025282402,0.009119589473266854,0.009119589473268075,0.009119589473266854,0.009119589473268852,0.009119589473268852,MOs5
405,0.025105741938190707,0.05468087388546561,0.06517299600863857,0.07193694098071268,0.08329969411565719,0.08625409243625914,0.08779640259637767,0.0878912033629472,0.08789120336294942,0.08789120336294465,0.08789120336294576,0.08789120336294576,MOs5
409,0.0099249555392239,0.015260963966693075,0.019873534210102184,0.025779255469879914,0.029765998463338272,0.03407634472093579,0.034947175871249625,0.03538370008031588,0.03538370008031655,0.03538370008031744,0.03538370008032399,0.03538370008032399,MOs5
412,0.0064519760731655,0.011170595596621147,0.02127744308517665,0.02490763878914337,0.026366425239105706,0.02751284673570631,0.028015421130541562,0.028088098874714307,0.028088098874714973,0.028088098874716194,0.028088098874712975,0.028088098874712975,MOs5
420,0.027341710446782463,0.03964641913171485,0.04751136371156206,0.05438763768531618,0.06104749759084671,0.06376565094662834,0.0665568644245772,0.06657668631856184,0.06657668631855673,0.06657668631855351,0.06657668631855751,0.06657668631855751,MOs5
423,0.038250001284722446,0.06945130593880555,0.08611860672318983,0.09349933013134315,0.09826003747718326,0.10089705795095705,0.10145069393361161,0.10198246605237549,0.1019824660523706,0.10198246605237948,0.10198246605237282,0.10198246605237282,MOs5
425,0.19309777739294465,0.2126457171703795,0.22964342957164363,0.2336655409318712,0.23903272552222266,0.24286813908552063,0.24465401587039048,0.24501411499261838,0.2450141149926197,0.2450141149926185,0.2450141149926185,0.2450141149926185,MOs5
435,0.07000398463303437,0.09137201237157189,0.10054842297871469,0.10546042694786695,0.1078403188103021,0.11205060583489179,0.11406505566393421,0.11406575323485346,0.11406575323485746,0.1140657532348539,0.11406575323486157,0.11406575323486157,OLF
452,0.06361991644066844,0.07961807100255391,0.09287908679393375,0.10534661898656184,0.1117655817509925,0.11433939555512007,0.1157164294758416,0.11623241542316098,0.1162324154231642,0.11623241542315477,0.11623241542316765,0.11623241542316765,ORBm2/3
456,0.015644721917763005,0.022373548288155742,0.02747157833323466,0.03233935917741981,0.0358044065272507,0.040592874290786174,0.04208384799603826,0.042131712264727894,0.042131712264725896,0.04213171226472512,0.04213171226472101,0.04213171226472101,ORBm2/3
459,0.016890483201062678,0.025024477722462746,0.03290149751005422,0.03911953393664003,0.042586368979267264,0.04555668240043831,0.048407706772492065,0.04855321983610461,0.04855321983610428,0.04855321983610861,0.04855321983610483,0.04855321983610483,ORBm2/3
460,0.010020691631948186,0.018896139927107147,0.027527471809139725,0.034616990638230316,0.039739903927297204,0.041908333066372205,0.04350695367647239,0.04351148704830732,0.043511487048306874,0.043511487048304986,0.04351148704831176,0.04351148704831176,ORBm2/3
463,0.0023782041136409804,0.00479983932451733,0.008424420581913505,0.010093259800418086,0.01115130252232499,0.011984956993183471,0.012455705805756612,0.012557371623492575,0.012557371623495128,0.012557371623494795,0.012557371623495017,0.012557371623495017,ORBm2/3
464,0.00714514865985405,0.0133539184936875,0.01907124980914643,0.023027388267220505,0.02517167250981256,0.02739077865826467,0.028950574592739975,0.02917028182061132,0.02917028182060588,0.029170281820608435,0.029170281820607102,0.029170281820607102,ORBm2/3
469,0.02572339131230328,0.052076708571144215,0.08239094255610957,0.09175376491264398,0.10039599458253368,0.10706640625348884,0.10908508075822076,0.10934137080315964,0.10934137080315776,0.10934137080315476,0.10934137080316375,0.10934137080316375,ORBm5
472,0.02031523660022938,0.03232465416288688,0.03489878480967723,0.04065439720834496,0.04283279753945768,0.045054759681058876,0.047115944763988726,0.04722769556397044,0.04722769556397055,0.04722769556397044,0.04722769556397055,0.04722769556397055,ORBm5
474,0.012739676182685233,0.017954609847086855,0.022906050085975682,0.024983064764490193,0.026382837821989025,0.02761346061673431,0.028847309025242684,0.029679959400900735,0.029679959400903067,0.0296799594009014,0.029679959400903067,0.029679959400903067,ORBm5
475,0.0070605374662700005,0.01272438119121344,0.017297296892823888,0.019160480192020213,0.02004719346225492,0.02102209271900901,0.021192961932157917,0.021295381159084692,0.021295381159084914,0.02129538115908669,0.021295381159089022,0.021295381159089022,ORBm5
476,0.015803894769175653,0.02527029517385837,0.03508933498149991,0.04273022091371104,0.04696842265031187,0.049841523373985286,0.05092608558282907,0.05111943310070166,0.05111943310070011,0.05111943310070455,0.05111943310070266,0.05111943310070266,ORBm5
483,0.0029018320016866994,0.005248652039074209,0.007296122363613211,0.009189585494458918,0.010839289980342559,0.011866729724076208,0.012842926941435628,0.012893114048830645,0.012893114048831977,0.012893114048832532,0.012893114048834753,0.012893114048834753,ORBm5
488,0.029280771239534986,0.03891680023499777,0.04500611604525029,0.04607161661642745,0.046748413775895004,0.04736268373526098,0.04768028300256244,0.04789565085274139,0.047895650852745275,0.04789565085274339,0.04789565085274472,0.04789565085274472,ORBm5
489,0.0051301874017034566,0.013401949108537758,0.017770533753899254,0.02151693401431498,0.024616428417271963,0.027049490422619504,0.029443819289910356,0.02945806311467636,0.02945806311467758,0.029458063114676802,0.029458063114681243,0.029458063114681243,ORBm5
491,0.006016743456808027,0.009004744049976865,0.01206992338073154,0.014968733676973711,0.017900870400693325,0.020526518300717833,0.024531974710609195,0.02557410014399042,0.025574100143988976,0.025574100143990752,0.02557410014398309,0.02557410014398309,ORBm5
493,0.03189353530962913,0.037075169194554,0.04033290435780934,0.04358130535462301,0.04613797534599606,0.04756174147735792,0.05045322494119886,0.050488762740596105,0.05048876274059755,0.05048876274059766,0.05048876274059533,0.05048876274059533,ORBm5
495,0.007575404965744048,0.011500170410854382,0.015588163840419056,0.018803688675093633,0.0210835917768446,0.021779403763908523,0.02256101518928344,0.02264929672880145,0.022649296728805668,0.022649296728796453,0.022649296728802892,0.022649296728802892,ORBm5
496,0.018768439545885474,0.03129894098885766,0.043806679241237156,0.05195350761193662,0.05572195454651807,0.05761186180377409,0.059073432121220626,0.059173664185489416,0.05917366418549064,0.05917366418548886,0.059173664185489416,0.059173664185489416,ORBm5
497,0.005206333578703259,0.012766225900046502,0.019902076810005442,0.022992688965727148,0.02646541046111306,0.027472203768529213,0.028446948966790786,0.028668506421579032,0.0286685064215757,0.02866850642158114,0.028668506421578366,0.028668506421578366,ORBm5
500,0.047647102568589395,0.05881549320326851,0.06647840344547562,0.06809410875134136,0.06886902165280817,0.06922561992727982,0.06936539904690187,0.06949590465831423,0.06949590465831457,0.06949590465831423,0.06949590465831645,0.06949590465831645,ORBm5
502,0.006193318906229983,0.012231621461109787,0.014334505036480039,0.016221175904684304,0.017700874389189658,0.01797106188787656,0.018187122114757925,0.018422064040526154,0.018422064040530817,0.018422064040526487,0.01842206404052571,0.01842206404052571,ORBm5
504,0.011313017925396629,0.02014898454132441,0.02618761035886552,0.028256685670498105,0.029747533381275004,0.030420785090193747,0.030616185362022375,0.030622213310614765,0.030622213310614654,0.030622213310616098,0.030622213310619983,0.030622213310619983,ORBm5
505,0.023329220774281567,0.03440661891011376,0.04233933719824434,0.04746102033574906,0.05153335516160884,0.055731974644512405,0.05869041200799707,0.05895729158106644,0.05895729158106655,0.05895729158106755,0.058957291581065774,0.058957291581065774,ORBm5
506,0.028916381276578806,0.0435768244533955,0.04603526025946314,0.048266524991473325,0.04959087639278292,0.050655371063049404,0.05160718544332543,0.05192280729128673,0.05192280729129195,0.0519228072912874,0.05192280729128973,0.05192280729128973,ORBm5
509,0.02211865110083655,0.032034598949186144,0.035967981887358724,0.04213606228407918,0.04570937406313791,0.049139042252516085,0.05259188313501195,0.053280193219719885,0.05328019321972344,0.053280193219721994,0.05328019321972288,0.05328019321972288,ORBm5
510,0.006445628847234874,0.011338506011711158,0.016206115692895096,0.020298486604647392,0.021217057724403965,0.021470867392238135,0.021711661876513744,0.021934986217467922,0.021934986217468477,0.021934986217468033,0.02193498621746781,0.02193498621746781,ORBm5
511,0.012918363613094508,0.022079124648566206,0.03154483305330591,0.040195813843291184,0.04692142751327022,0.04957973661532167,0.05296440107289668,0.05299696383247654,0.0529969638324852,0.05299696383247576,0.05299696383247876,0.05299696383247876,ORBm5
512,0.06397919895003001,0.09683248954133872,0.11129119924882214,0.11682687431382333,0.12013984836201896,0.12360991908892704,0.12546505161559984,0.1255357902490951,0.12553579024909234,0.12553579024909722,0.12553579024909722,0.12553579024909722,ORBm5
514,0.0066330478770068035,0.01119605945152069,0.014579916121301606,0.018281566120275206,0.022252304763872632,0.024903803844193884,0.026168307137441782,0.02700452035136347,0.027004520351364802,0.027004520351362138,0.027004520351367245,0.027004520351367245,ORBm5
515,0.021465602697041786,0.033478421178608886,0.0411401620972528,0.04670387783602481,0.049396900157589574,0.05172831608913342,0.053923684593267907,0.05471428141426993,0.05471428141426282,0.0547142814142636,0.054714281414265487,0.054714281414265487,ORBm5
517,0.00924959376257084,0.013502435245816957,0.0164216880763296,0.01913074704842921,0.020263153292289116,0.021164884624364055,0.02223869653211996,0.022942451600570624,0.022942451600571956,0.02294245160057362,0.022942451600574842,0.022942451600574842,ORBm5
519,0.0058728449181244535,0.012888256877760629,0.018115120693036668,0.028255068836794628,0.029673687718208663,0.030931337179883944,0.03191315741237266,0.032647749401253257,0.0326477494012557,0.0326477494012517,0.0326477494012567,0.0326477494012567,ORBm5
525,0.006544411975994091,0.008890829184697302,0.011053362216957519,0.012884423816470258,0.014670178830205494,0.01630110796573514,0.01704088610127852,0.017434394234622674,0.017434394234618122,0.01743439423461779,0.017434394234617345,0.017434394234617345,ORBm5
526,0.0032031760928022956,0.0064715862965405435,0.008017737640995004,0.009668369259453136,0.011470544698626961,0.012993644743858779,0.014401423972947525,0.01456319488671376,0.014563194886711983,0.014563194886711539,0.014563194886713982,0.014563194886713982,ORBm5
531,0.007376308028916423,0.013517650301486439,0.02003642963883767,0.02261673020162569,0.02477898603010864,0.026679387304404778,0.028065764835033646,0.028065766288284055,0.028065766288279947,0.02806576628828017,0.028065766288280725,0.028065766288280725,ORBm5
536,0.009132952438000164,0.0149561144861593,0.01988786102365847,0.02472574305230202,0.028572036154790093,0.03164541708294033,0.034723237215246394,0.03493652335878272,0.03493652335878006,0.03493652335878239,0.03493652335878106,0.03493652335878106,PL5
541,0.007734950974983779,0.013236634977618511,0.017679821496871417,0.021655106396698764,0.02419116681028821,0.024740950354277924,0.02495513365835489,0.025058279420123397,0.025058279420129947,0.02505827942012584,0.025058279420124396,0.025058279420124396,PL5
543,0.07643084835812952,0.10844580354222633,0.12073672990648177,0.1303235614438335,0.13510813670050437,0.13655066206893118,0.138277192391005,0.13828499886091106,0.13828499886090817,0.13828499886090917,0.13828499886090972,0.13828499886090972,PL5
546,0.00841140485530989,0.014822123618967287,0.01987291127561497,0.023069098466180438,0.02503817638377459,0.02682129317872539,0.027644900267638883,0.028148903445582074,0.028148903445581408,0.028148903445582074,0.028148903445586626,0.028148903445586626,PL5
550,0.019265428050544542,0.02787821296480253,0.03159354565575623,0.03442766819219245,0.03579999900373576,0.03695506084369993,0.03785447743014181,0.0383582405522187,0.0383582405522247,0.03835824055222703,0.03835824055222603,0.03835824055222603,PL5
552,0.035344444272906284,0.047057490218611386,0.05608675151192899,0.061810236233892146,0.0712298872411723,0.0773122814202889,0.08198248981872225,0.08315932734195441,0.0831593273419553,0.08315932734195819,0.08315932734195675,0.08315932734195675,PL5
556,0.11488687985556689,0.13423525966564176,0.14658071559172103,0.15177787384209906,0.1545803901278645,0.15933390047777518,0.16150797042273235,0.1630550105004106,0.16305501050042326,0.16305501050042637,0.16305501050041438,0.16305501050041438,PL5
558,0.016454406236522168,0.02084672145641253,0.02484650016050427,0.028013468352444004,0.030434568603089907,0.03312725829734697,0.03456995717595068,0.03560919310749899,0.03560919310749877,0.035609193107501325,0.035609193107499215,0.035609193107499215,PL5
559,0.017863466464238864,0.0272239033046906,0.03623206271018242,0.038830800033431645,0.03938801489840715,0.039600669369755814,0.03976264427755527,0.03986087316687936,0.03986087316687781,0.03986087316688314,0.03986087316688025,0.03986087316688025,PL5
565,0.07449143653252299,0.0844561729580392,0.09287887200664868,0.10088077744633095,0.10864236265095173,0.11522418841654491,0.12076345136845457,0.12076532891345604,0.1207653289134547,0.1207653289134566,0.12076532891345582,0.12076532891345582,PL5
567,0.029034887322756275,0.04141853178435939,0.050573753668562205,0.056981250576817355,0.06264240585028225,0.06790425298037028,0.06974590424293214,0.06974937563429029,0.0697493756342884,0.06974937563429662,0.06974937563428762,0.06974937563428762,ACAd5
571,0.0035746287417107725,0.006790981390749629,0.010700986651559052,0.014885651714890091,0.018102830051654917,0.02047458025514448,0.023290244622250156,0.02333707610115321,0.02333707610115654,0.02333707610115021,0.023337076101149323,0.023337076101149323,MOs5
572,0.06793317704934065,0.09701536228990759,0.10911473032273344,0.11966969885073042,0.12640189749024688,0.1335713979731441,0.13683070117811802,0.13699524562339083,0.13699524562338283,0.13699524562339493,0.13699524562339305,0.13699524562339305,MOs5
574,0.006301046763389495,0.012998947712052011,0.01639904973398998,0.019428303272186365,0.02202814271564113,0.023796477759370327,0.024337898951437786,0.02434512701452829,0.0243451270145304,0.024345127014519186,0.024345127014525736,0.024345127014525736,MOs5
576,0.01016216102632117,0.012090114331235635,0.014501461727657539,0.016600055050591256,0.017206681839827875,0.01784636863816158,0.01816768029528859,0.018254583171273042,0.018254583171274597,0.018254583171276817,0.018254583171276484,0.018254583171276484,MOs5
579,0.024469593922512245,0.029615843560166444,0.03127479704070457,0.03549673585492541,0.038066677422646134,0.03932323192267817,0.04015650609631871,0.04048268979103087,0.040482689791029425,0.040482689791031756,0.040482689791030646,0.040482689791030646,MOs5
580,0.0068820949430018485,0.012070698555143644,0.014012523445298464,0.015852539019492462,0.017422171972406364,0.019020432705939005,0.01997861772757037,0.02052784190434631,0.020527841904344202,0.02052784190434509,0.020527841904347532,0.020527841904347532,MOs5
581,0.007625292195293287,0.017549383096647553,0.03333114082439825,0.04113407560693039,0.047733054148766385,0.05009741250352873,0.050794249109850864,0.050795026912058616,0.050795026912055063,0.0507950269120615,0.05079502691205917,0.05079502691205917,MOs5
586,0.015851551073871373,0.021385938358991385,0.024180978617652782,0.0270043621835524,0.02862247243910343,0.028903672618149412,0.029070721121965293,0.029081916351360038,0.02908191635135937,0.029081916351360815,0.02908191635136137,0.02908191635136137,MOs5
587,0.08071576602552577,0.10341149792602289,0.12268792402405992,0.1284707661680945,0.13513676834039934,0.13919975342267732,0.1429107065445464,0.14473940109928485,0.1447394010992843,0.1447394010992853,0.14473940109928718,0.14473940109928718,MOs5
588,0.009709464623379183,0.013343941156833017,0.015523928071817683,0.017511152329369728,0.019415146445762477,0.01962175506785102,0.02055456465490546,0.020737953443767387,0.020737953443761614,0.02073795344376217,0.020737953443764057,0.020737953443764057,MOs5
592,0.008087961473895233,0.0149696826078356,0.020781685646053094,0.028019309788968827,0.032542526178368725,0.03461057592391892,0.03643842255928176,0.03697233632096619,0.03697233632096819,0.03697233632097052,0.0369723363209743,0.0369723363209743,MOs5
603,0.02642424372299712,0.030996250707084783,0.034005178277574544,0.03612671113764321,0.038090822886267084,0.03951667163286843,0.040976571199105805,0.04170622998321627,0.04170622998320783,0.04170622998321993,0.041706229983219045,0.041706229983219045,ORBm2/3
608,0.004958262053351148,0.007102033172825539,0.008492295175097975,0.009518612105016366,0.011687551360733517,0.012412730658322269,0.013006490296613604,0.013457456301818493,0.013457456301819382,0.013457456301817383,0.013457456301816273,0.013457456301816273,ORBm2/3
611,0.008549530529192606,0.015601811360762108,0.02804780358471115,0.03186756677550284,0.03261200571042866,0.032979317671024355,0.03312437965899673,0.03334181949761594,0.0333418194976165,0.03334181949761672,0.03334181949761639,0.03334181949761639,ORBm5
612,0.006217286548402923,0.00981348637601942,0.012403419670216409,0.015112307539082881,0.01641858813705266,0.017324117655513893,0.01786155012566326,0.017965915941665966,0.0179659159416673,0.017965915941667965,0.01796591594166763,0.01796591594166763,ORBm5
616,0.016473918344665273,0.022098382555497453,0.02713810647521331,0.031917902685344446,0.03597166833020027,0.037547615979548477,0.03883388937064158,0.0389042284278277,0.0389042284278307,0.03890422842783414,0.03890422842783048,0.03890422842783048,ORBm5
618,0.007152613544807118,0.011401838139248666,0.015389804227102122,0.020756427538285216,0.02224817337440166,0.022433400499505485,0.022615396695011336,0.02269001451893582,0.022690014518937596,0.022690014518937596,0.022690014518939816,0.022690014518939816,ORBm5
619,0.0061920375534246785,0.009601795153159176,0.011746389323276984,0.012994143510315692,0.013969460004664369,0.014714724411345692,0.015492089394359976,0.01586209032442254,0.01586209032442154,0.015862090324422984,0.01586209032442143,0.01586209032442143,ORBm5
620,0.004866253563646117,0.00805669770329076,0.010788392852980166,0.012210449025452985,0.01270249864344597,0.012969886066221403,0.013090886982718986,0.013161191470995814,0.013161191470996148,0.013161191470998146,0.01316119147099315,0.01316119147099315,ORBm5
623,0.004412448606426533,0.0077763658821323745,0.01155888000343408,0.014257166772468355,0.015621205123502624,0.016281464485472963,0.016492381775317977,0.016556285760029765,0.016556285760029432,0.016556285760027767,0.016556285760028877,0.016556285760028877,ORBm5
626,0.022295758700336066,0.03242576866422997,0.03567560373973111,0.039147494513870895,0.04198409347282939,0.04392543912900826,0.04567424731312353,0.04594202803582881,0.045942028035823146,0.04594202803581482,0.045942028035825366,0.045942028035825366,ORBm5
632,0.0023742217804071375,0.003477499848013599,0.003651373399189417,0.003927197035453078,0.003967460099957298,0.003969291574329459,0.003970418639322015,0.003970418701496281,0.003970418701496281,0.003970418701495837,0.003970418701496059,0.003970418701496059,PL5
635,0.01269203198305402,0.021248708188649768,0.026254044820660516,0.03108852139456586,0.03588345149008665,0.040757049554297486,0.04187658247411041,0.042589762559989586,0.04258976255998426,0.04258976255998559,0.04258976255998481,0.04258976255998481,MOs5
636,0.011395316478971296,0.01782653982204896,0.02340826162787668,0.026004557005015694,0.027953282034702487,0.029843686683008408,0.031794079048664714,0.03300937316440644,0.033009373164409106,0.03300937316440522,0.033009373164411104,0.033009373164411104,MOs5
639,0.005709166628270701,0.015879845006661952,0.020360606481377275,0.024830079243036707,0.027420618291812526,0.029280480766338712,0.030814350664420842,0.03141249330896456,0.03141249330896467,0.031412493308959566,0.03141249330896656,0.03141249330896656,MOs5
648,0.005129372789324127,0.009907798752211039,0.012714068147021695,0.016192046102815993,0.017358078063519966,0.018506133373692335,0.018885214290437546,0.019120928770818058,0.019120928770813728,0.019120928770814505,0.019120928770817502,0.019120928770817502,ORBm2/3
